frame,p0,p1,p2,p3,p4,p5,p6,p7
9,0.189773,0.093933,0.067616,0.088122,0.068273,0.082735,0.096300,0.313249
10,0.189775,0.093939,0.067613,0.088113,0.068264,0.082733,0.096302,0.313262
11,0.189759,0.093926,0.067616,0.088126,0.068279,0.082742,0.096307,0.313245
12,0.190035,0.094074,0.067596,0.088026,0.068129,0.082606,0.096188,0.313346
13,0.190132,0.094125,0.067589,0.087993,0.068079,0.082558,0.096145,0.313378
14,0.190164,0.094140,0.067588,0.087983,0.068064,0.082543,0.096131,0.313386
15,0.189769,0.093928,0.067618,0.088129,0.068280,0.082737,0.096300,0.313241
16,0.189793,0.093939,0.067617,0.088123,0.068269,0.082725,0.096288,0.313246
17,0.190357,0.094224,0.067583,0.087945,0.067987,0.082449,0.096037,0.313418
18,0.188948,0.093470,0.067689,0.088447,0.068763,0.083141,0.096653,0.312889
19,0.189780,0.093923,0.067623,0.088142,0.068290,0.082732,0.096288,0.313222
20,0.190540,0.094310,0.067576,0.087899,0.067906,0.082360,0.095950,0.313461
21,0.189787,0.093924,0.067624,0.088145,0.068291,0.082729,0.096283,0.313217
22,0.189792,0.093914,0.067630,0.088164,0.068307,0.082727,0.096273,0.313192
23,0.189762,0.093894,0.067634,0.088181,0.068329,0.082742,0.096284,0.313174
24,0.190735,0.094404,0.067564,0.087843,0.067811,0.082264,0.095860,0.313519
25,0.190770,0.094426,0.067560,0.087824,0.067788,0.082247,0.095849,0.313537
26,0.190499,0.094271,0.067587,0.087943,0.067951,0.082380,0.095955,0.313414
27,0.188786,0.093366,0.067709,0.088530,0.068879,0.083221,0.096715,0.312794
28,0.189364,0.093719,0.067645,0.088258,0.068494,0.082936,0.096485,0.313099
29,0.188759,0.093405,0.067682,0.088451,0.068812,0.083232,0.096761,0.312898
30,0.189765,0.093931,0.067615,0.088121,0.068273,0.082739,0.096305,0.313252
31,0.189293,0.093682,0.067649,0.088281,0.068532,0.082971,0.096517,0.313075
32,0.189273,0.093676,0.067648,0.088280,0.068535,0.082980,0.096529,0.313078
33,0.189779,0.093940,0.067613,0.088114,0.068264,0.082731,0.096299,0.313258
34,0.189737,0.093914,0.067618,0.088133,0.068291,0.082752,0.096316,0.313237
35,0.189290,0.093680,0.067650,0.088283,0.068533,0.082972,0.096518,0.313074
36,0.189748,0.093922,0.067616,0.088127,0.068283,0.082747,0.096312,0.313244
37,0.088925,0.045381,0.058070,0.089688,0.124838,0.134387,0.188337,0.270374
38,0.189731,0.093912,0.067618,0.088134,0.068293,0.082755,0.096319,0.313237
39,0.188846,0.093440,0.067682,0.088441,0.068782,0.083190,0.096714,0.312905
40,0.089701,0.047831,0.063036,0.108645,0.136378,0.139877,0.179367,0.235165
41,0.189738,0.093912,0.067620,0.088139,0.068296,0.082752,0.096313,0.313230
42,0.088743,0.046996,0.061694,0.103737,0.133982,0.139361,0.183009,0.242478
43,0.189750,0.093920,0.067618,0.088131,0.068286,0.082746,0.096310,0.313239
44,0.189239,0.093647,0.067656,0.088310,0.068570,0.082998,0.096537,0.313043
45,0.189753,0.093921,0.067618,0.088131,0.068285,0.082744,0.096308,0.313240
46,0.189729,0.093909,0.067619,0.088138,0.068298,0.082756,0.096319,0.313231
47,0.189215,0.093644,0.067653,0.088302,0.068569,0.083009,0.096554,0.313054
48,0.189740,0.093916,0.067618,0.088133,0.068291,0.082751,0.096314,0.313237
49,0.189220,0.093649,0.067651,0.088297,0.068563,0.083006,0.096553,0.313061
50,0.088827,0.046771,0.062651,0.108537,0.137565,0.139446,0.179493,0.236709
51,0.188829,0.093435,0.067681,0.088439,0.068784,0.083198,0.096725,0.312909
52,0.189223,0.093646,0.067654,0.088304,0.068568,0.083005,0.096549,0.313052
53,0.189206,0.093636,0.067655,0.088310,0.068578,0.083013,0.096556,0.313045
54,0.189229,0.093654,0.067651,0.088294,0.068558,0.083002,0.096549,0.313064
55,0.189759,0.093931,0.067614,0.088117,0.068272,0.082741,0.096310,0.313256
56,0.189753,0.093923,0.067617,0.088127,0.068282,0.082744,0.096310,0.313243
57,0.189194,0.093633,0.067654,0.088308,0.068579,0.083019,0.096564,0.313048
58,0.189754,0.093924,0.067617,0.088128,0.068282,0.082744,0.096309,0.313243
59,0.189186,0.093628,0.067656,0.088313,0.068586,0.083023,0.096567,0.313042
60,0.189737,0.093918,0.067616,0.088128,0.068286,0.082752,0.096319,0.313244
61,0.189771,0.093935,0.067614,0.088117,0.068269,0.082735,0.096303,0.313255
62,0.189746,0.093924,0.067615,0.088123,0.068280,0.082747,0.096315,0.313250
63,0.189762,0.093932,0.067614,0.088118,0.068272,0.082740,0.096308,0.313255
64,0.189766,0.093934,0.067613,0.088116,0.068269,0.082738,0.096307,0.313257
65,0.189191,0.093632,0.067654,0.088308,0.068580,0.083020,0.096565,0.313048
66,0.189189,0.093632,0.067654,0.088308,0.068580,0.083021,0.096567,0.313048
67,0.189206,0.093641,0.067653,0.088302,0.068571,0.083013,0.096560,0.313055
68,0.189190,0.093632,0.067654,0.088308,0.068580,0.083021,0.096567,0.313049
69,0.189187,0.093629,0.067655,0.088311,0.068584,0.083023,0.096567,0.313044
70,0.189777,0.093940,0.067613,0.088113,0.068264,0.082732,0.096301,0.313260
71,0.189757,0.093930,0.067614,0.088118,0.068273,0.082742,0.096311,0.313255
72,0.087682,0.045308,0.059072,0.094197,0.128982,0.136771,0.188236,0.259751
73,0.189212,0.093638,0.067656,0.088311,0.068578,0.083011,0.096553,0.313043
74,0.189214,0.093639,0.067655,0.088309,0.068576,0.083009,0.096552,0.313045
75,0.107335,0.052359,0.060249,0.087331,0.112801,0.121481,0.164815,0.293628
76,0.189224,0.093639,0.067657,0.088315,0.068579,0.083005,0.096544,0.313037
77,0.088469,0.046694,0.061387,0.102752,0.133676,0.139144,0.183690,0.244187
78,0.189206,0.093630,0.067658,0.088320,0.068587,0.083014,0.096552,0.313033
79,0.189752,0.093915,0.067621,0.088141,0.068295,0.082745,0.096305,0.313227
80,0.189732,0.093903,0.067623,0.088150,0.068307,0.082755,0.096313,0.313217
81,0.088799,0.047339,0.060436,0.097507,0.129175,0.138919,0.187312,0.250513
82,0.189739,0.093907,0.067623,0.088148,0.068304,0.082751,0.096309,0.313219
83,0.189821,0.093949,0.067617,0.088121,0.068260,0.082711,0.096273,0.313247
84,0.189761,0.093928,0.067616,0.088125,0.068278,0.082740,0.096306,0.313247
85,0.189743,0.093917,0.067618,0.088133,0.068290,0.082750,0.096313,0.313237
86,0.189200,0.093636,0.067654,0.088306,0.068576,0.083016,0.096561,0.313050
87,0.090396,0.048686,0.063224,0.108318,0.135017,0.140187,0.179515,0.234657
88,0.189193,0.093635,0.067653,0.088305,0.068576,0.083019,0.096565,0.313053
89,0.189758,0.093931,0.067614,0.088118,0.068272,0.082742,0.096310,0.313256
90,0.188830,0.093444,0.067677,0.088425,0.068771,0.083197,0.096730,0.312927
91,0.085221,0.041229,0.061315,0.111728,0.146904,0.135638,0.175240,0.242725
92,0.189758,0.093926,0.067616,0.088126,0.068280,0.082742,0.096307,0.313245
93,0.189743,0.093916,0.067618,0.088134,0.068291,0.082749,0.096312,0.313236
94,0.189174,0.093618,0.067658,0.088323,0.068598,0.083029,0.096570,0.313031
95,0.085411,0.041609,0.061458,0.111745,0.146385,0.136033,0.175540,0.241820
96,0.189740,0.093917,0.067617,0.088132,0.068289,0.082751,0.096315,0.313240
97,0.189217,0.093601,0.067676,0.088374,0.068634,0.083010,0.096526,0.312961
98,0.189746,0.093881,0.067638,0.088195,0.068345,0.082750,0.096288,0.313156
99,0.086035,0.042553,0.062410,0.114197,0.147449,0.136948,0.174471,0.235937
100,0.189744,0.093889,0.067633,0.088180,0.068332,0.082750,0.096294,0.313176
101,0.189793,0.093915,0.067630,0.088164,0.068306,0.082726,0.096273,0.313193
102,0.189222,0.093614,0.067671,0.088356,0.068617,0.083007,0.096530,0.312984
103,0.189757,0.093897,0.067632,0.088175,0.068324,0.082744,0.096289,0.313182
104,0.189768,0.093903,0.067631,0.088170,0.068318,0.082739,0.096285,0.313187
105,0.189741,0.093890,0.067632,0.088177,0.068330,0.082752,0.096298,0.313180
106,0.189699,0.093870,0.067635,0.088188,0.068353,0.082773,0.096319,0.313163
107,0.189785,0.093915,0.067628,0.088159,0.068304,0.082730,0.096279,0.313199
108,0.189767,0.093905,0.067630,0.088166,0.068314,0.082739,0.096287,0.313193
109,0.189766,0.093922,0.067620,0.088136,0.068287,0.082738,0.096298,0.313231
110,0.189264,0.093664,0.067652,0.088295,0.068550,0.082985,0.096529,0.313060
111,0.188789,0.093416,0.067683,0.088449,0.068803,0.083218,0.096745,0.312898
112,0.189758,0.093931,0.067613,0.088117,0.068272,0.082742,0.096310,0.313257
113,0.190485,0.094319,0.067558,0.087854,0.067877,0.082384,0.095998,0.313525
114,0.188863,0.093459,0.067676,0.088418,0.068758,0.083181,0.096713,0.312933
115,0.189766,0.093936,0.067612,0.088113,0.068266,0.082737,0.096307,0.313261
116,0.189178,0.093631,0.067652,0.088304,0.068579,0.083026,0.096575,0.313055
117,0.189754,0.093931,0.067613,0.088116,0.068272,0.082743,0.096313,0.313258
118,0.189765,0.093936,0.067612,0.088113,0.068266,0.082738,0.096308,0.313262
119,0.189150,0.093616,0.067654,0.088314,0.068595,0.083040,0.096587,0.313043
120,0.085203,0.041262,0.061177,0.110658,0.146453,0.135620,0.176010,0.243615
121,0.085298,0.041394,0.061691,0.112784,0.148040,0.135883,0.174749,0.240161
122,0.189794,0.093908,0.067634,0.088176,0.068317,0.082727,0.096268,0.313178
123,0.189760,0.093890,0.067637,0.088188,0.068336,0.082743,0.096282,0.313164
124,0.189800,0.093910,0.067634,0.088175,0.068315,0.082724,0.096265,0.313179
125,0.190133,0.094089,0.067610,0.088053,0.068135,0.082561,0.096123,0.313297
126,0.189760,0.093890,0.067637,0.088188,0.068336,0.082743,0.096283,0.313164
127,0.189437,0.093721,0.067660,0.088295,0.068512,0.082902,0.096429,0.313044
128,0.085235,0.041273,0.061604,0.112645,0.148031,0.135752,0.174738,0.240721
129,0.189798,0.093912,0.067633,0.088172,0.068313,0.082724,0.096266,0.313182
130,0.189787,0.093906,0.067634,0.088176,0.068318,0.082730,0.096271,0.313178
131,0.189767,0.093895,0.067635,0.088183,0.068330,0.082740,0.096281,0.313170
132,0.189776,0.093900,0.067634,0.088179,0.068324,0.082735,0.096277,0.313175
133,0.189416,0.093713,0.067659,0.088296,0.068518,0.082913,0.096441,0.313044
134,0.189979,0.094013,0.067619,0.088099,0.068211,0.082636,0.096193,0.313251
135,0.087155,0.043976,0.063394,0.116506,0.147044,0.137926,0.173265,0.230734
136,0.189200,0.093612,0.067667,0.088348,0.068614,0.083017,0.096545,0.312998
137,0.189761,0.093909,0.067626,0.088156,0.068307,0.082741,0.096294,0.313206
138,0.189756,0.093907,0.067626,0.088157,0.068308,0.082744,0.096296,0.313205
139,0.188817,0.093408,0.067693,0.088476,0.068822,0.083205,0.096718,0.312861
140,0.189769,0.093913,0.067625,0.088153,0.068302,0.082738,0.096291,0.313210
141,0.189797,0.093928,0.067623,0.088143,0.068287,0.082724,0.096278,0.313220
142,0.189744,0.093900,0.067627,0.088161,0.068315,0.082750,0.096302,0.313200
143,0.189767,0.093913,0.067625,0.088153,0.068302,0.082739,0.096292,0.313210
144,0.189736,0.093900,0.067626,0.088157,0.068313,0.082753,0.096308,0.313206
145,0.189645,0.093863,0.067627,0.088170,0.068349,0.082798,0.096357,0.313190
146,0.189745,0.093919,0.067617,0.088131,0.068287,0.082748,0.096313,0.313240
147,0.189634,0.093867,0.067623,0.088157,0.068340,0.082803,0.096368,0.313208
148,0.189655,0.093879,0.067621,0.088147,0.068326,0.082793,0.096360,0.313219
149,0.189651,0.093874,0.067623,0.088154,0.068334,0.082795,0.096359,0.313210
150,0.189383,0.093732,0.067642,0.088246,0.068480,0.082927,0.096479,0.313111
151,0.189739,0.093922,0.067615,0.088123,0.068282,0.082751,0.096320,0.313250
152,0.189750,0.093925,0.067615,0.088124,0.068280,0.082745,0.096312,0.313248
153,0.189765,0.093934,0.067613,0.088116,0.068269,0.082738,0.096307,0.313257
154,0.189702,0.093903,0.067618,0.088134,0.068304,0.082769,0.096337,0.313232
155,0.189389,0.093737,0.067641,0.088241,0.068474,0.082924,0.096478,0.313117
156,0.189740,0.093920,0.067616,0.088127,0.068285,0.082750,0.096317,0.313245
157,0.189740,0.093918,0.067617,0.088129,0.068287,0.082751,0.096316,0.313242
158,0.189224,0.093647,0.067654,0.088303,0.068567,0.083004,0.096548,0.313053
159,0.190937,0.094549,0.067527,0.087704,0.067643,0.082161,0.095798,0.313681
160,0.189650,0.093871,0.067624,0.088158,0.068337,0.082796,0.096358,0.313205
161,0.189758,0.093926,0.067616,0.088126,0.068280,0.082742,0.096307,0.313245
162,0.189679,0.093832,0.067652,0.088241,0.068406,0.082784,0.096310,0.313096
163,0.189755,0.093925,0.067616,0.088125,0.068280,0.082743,0.096309,0.313246
164,0.084842,0.040210,0.060671,0.110499,0.147271,0.134275,0.174855,0.247377
165,0.189665,0.093829,0.067650,0.088237,0.068406,0.082791,0.096320,0.313102
166,0.188912,0.093424,0.067705,0.088503,0.068823,0.083160,0.096652,0.312820
167,0.189765,0.093879,0.067644,0.088209,0.068353,0.082741,0.096272,0.313137
168,0.189783,0.093890,0.067641,0.088200,0.068341,0.082732,0.096265,0.313147
169,0.188788,0.093359,0.067713,0.088543,0.068889,0.083221,0.096709,0.312779
170,0.189757,0.093875,0.067644,0.088211,0.068357,0.082745,0.096276,0.313135
171,0.189230,0.093596,0.067682,0.088390,0.068645,0.083004,0.096512,0.312940
172,0.189759,0.093877,0.067643,0.088209,0.068355,0.082744,0.096275,0.313137
173,0.189741,0.093868,0.067645,0.088215,0.068365,0.082753,0.096283,0.313131
174,0.189673,0.093833,0.067650,0.088236,0.068403,0.082787,0.096316,0.313102
175,0.189749,0.093871,0.067644,0.088213,0.068361,0.082749,0.096279,0.313133
176,0.189780,0.093887,0.067642,0.088202,0.068344,0.082734,0.096266,0.313144
177,0.189757,0.093876,0.067644,0.088210,0.068356,0.082745,0.096276,0.313137
178,0.189209,0.093586,0.067683,0.088396,0.068656,0.083014,0.096521,0.312934
179,0.189696,0.093845,0.067648,0.088228,0.068389,0.082776,0.096305,0.313113
180,0.189764,0.093880,0.067643,0.088207,0.068352,0.082742,0.096273,0.313140
181,0.085600,0.040136,0.059250,0.103864,0.141671,0.132454,0.177153,0.259871
182,0.189764,0.093877,0.067644,0.088211,0.068355,0.082742,0.096272,0.313135
183,0.189759,0.093874,0.067645,0.088214,0.068360,0.082745,0.096273,0.313131
184,0.189751,0.093870,0.067646,0.088217,0.068364,0.082748,0.096277,0.313128
185,0.189420,0.093695,0.067670,0.088328,0.068546,0.082911,0.096426,0.313003
186,0.189224,0.093591,0.067683,0.088396,0.068652,0.083007,0.096513,0.312934
187,0.189754,0.093871,0.067645,0.088216,0.068362,0.082747,0.096275,0.313129
188,0.189270,0.093615,0.067680,0.088381,0.068627,0.082985,0.096492,0.312950
189,0.189685,0.093836,0.067651,0.088237,0.068401,0.082781,0.096308,0.313101
190,0.189764,0.093879,0.067643,0.088208,0.068353,0.082742,0.096273,0.313138
191,0.189758,0.093876,0.067643,0.088209,0.068356,0.082745,0.096276,0.313137
192,0.189765,0.093880,0.067643,0.088207,0.068352,0.082741,0.096272,0.313140
193,0.189703,0.093848,0.067648,0.088225,0.068386,0.082772,0.096302,0.313115
194,0.189683,0.093838,0.067649,0.088233,0.068397,0.082782,0.096311,0.313107
195,0.189700,0.093847,0.067648,0.088227,0.068388,0.082774,0.096303,0.313112
196,0.189756,0.093876,0.067643,0.088209,0.068356,0.082746,0.096277,0.313138
197,0.190526,0.094284,0.067587,0.087935,0.067941,0.082368,0.095944,0.313415
198,0.190945,0.094504,0.067554,0.087785,0.067714,0.082161,0.095764,0.313574
199,0.189712,0.093852,0.067648,0.088224,0.068383,0.082768,0.096297,0.313116
200,0.189766,0.093879,0.067644,0.088209,0.068354,0.082741,0.096271,0.313136
201,0.189765,0.093878,0.067644,0.088210,0.068355,0.082742,0.096271,0.313135
202,0.189260,0.093611,0.067680,0.088382,0.068631,0.082990,0.096498,0.312949
203,0.189770,0.093882,0.067643,0.088207,0.068351,0.082739,0.096269,0.313139
204,0.189296,0.093631,0.067678,0.088369,0.068611,0.082972,0.096482,0.312962
205,0.189717,0.093855,0.067647,0.088223,0.068380,0.082766,0.096295,0.313117
206,0.189764,0.093881,0.067642,0.088205,0.068351,0.082742,0.096274,0.313142
207,0.189422,0.093700,0.067668,0.088322,0.068540,0.082911,0.096428,0.313010
208,0.189413,0.093694,0.067669,0.088326,0.068546,0.082915,0.096431,0.313006
209,0.189755,0.093875,0.067644,0.088210,0.068357,0.082746,0.096277,0.313136
210,0.189776,0.093885,0.067642,0.088203,0.068346,0.082736,0.096268,0.313143
211,0.189702,0.093847,0.067649,0.088228,0.068389,0.082773,0.096302,0.313111
212,0.189222,0.093592,0.067682,0.088393,0.068650,0.083008,0.096515,0.312937
213,0.189781,0.093888,0.067642,0.088202,0.068344,0.082734,0.096265,0.313144
214,0.189763,0.093878,0.067643,0.088208,0.068354,0.082743,0.096273,0.313137
215,0.189773,0.093884,0.067643,0.088204,0.068348,0.082737,0.096269,0.313142
216,0.189660,0.093827,0.067651,0.088239,0.068409,0.082793,0.096322,0.313099
217,0.189764,0.093879,0.067643,0.088207,0.068352,0.082742,0.096273,0.313139
218,0.189672,0.093832,0.067650,0.088236,0.068403,0.082788,0.096316,0.313102
219,0.189755,0.093875,0.067644,0.088210,0.068357,0.082746,0.096277,0.313135
220,0.191077,0.094576,0.067542,0.087732,0.067640,0.082095,0.095710,0.313628
221,0.189762,0.093877,0.067644,0.088210,0.068355,0.082743,0.096273,0.313136
222,0.191054,0.094561,0.067544,0.087746,0.067654,0.082107,0.095716,0.313618
223,0.189696,0.093844,0.067649,0.088229,0.068391,0.082776,0.096305,0.313109
224,0.189698,0.093845,0.067649,0.088229,0.068391,0.082775,0.096304,0.313109
225,0.191039,0.094553,0.067546,0.087752,0.067664,0.082114,0.095723,0.313609
226,0.189204,0.093634,0.067656,0.088312,0.068581,0.083014,0.096556,0.313042
227,0.189764,0.093876,0.067645,0.088213,0.068358,0.082742,0.096270,0.313131
228,0.189759,0.093875,0.067645,0.088213,0.068359,0.082745,0.096274,0.313132
229,0.189716,0.093852,0.067649,0.088227,0.068385,0.082766,0.096295,0.313111
230,0.189765,0.093878,0.067644,0.088211,0.068356,0.082741,0.096270,0.313134
231,0.189285,0.093626,0.067678,0.088370,0.068615,0.082977,0.096488,0.312961
232,0.190811,0.094433,0.067564,0.087834,0.067787,0.082227,0.095821,0.313522
233,0.189690,0.093839,0.067650,0.088234,0.068397,0.082779,0.096306,0.313104
234,0.189765,0.093882,0.067642,0.088203,0.068348,0.082741,0.096274,0.313144
235,0.189215,0.093640,0.067655,0.088309,0.068574,0.083009,0.096551,0.313046
236,0.189754,0.093874,0.067644,0.088210,0.068358,0.082747,0.096278,0.313136
237,0.189750,0.093923,0.067617,0.088127,0.068283,0.082746,0.096311,0.313244
238,0.189251,0.093622,0.067672,0.088358,0.068611,0.082993,0.096512,0.312980
239,0.189735,0.093914,0.067618,0.088133,0.068292,0.082753,0.096318,0.313237
240,0.189690,0.093839,0.067650,0.088235,0.068398,0.082779,0.096307,0.313103
241,0.189412,0.093746,0.067641,0.088239,0.068466,0.082913,0.096465,0.313118
242,0.189766,0.093888,0.067639,0.088193,0.068339,0.082741,0.096277,0.313157
243,0.189750,0.093921,0.067617,0.088129,0.068285,0.082746,0.096311,0.313242
244,0.189676,0.093841,0.067646,0.088224,0.068391,0.082785,0.096319,0.313118
245,0.189758,0.093883,0.067640,0.088199,0.068346,0.082745,0.096280,0.313151
246,0.189198,0.093631,0.067656,0.088314,0.068584,0.083017,0.096559,0.313040
247,0.089142,0.046798,0.063615,0.112982,0.140630,0.139457,0.176156,0.231221
248,0.189726,0.093907,0.067620,0.088140,0.068300,0.082758,0.096320,0.313229
249,0.189277,0.093671,0.067652,0.088292,0.068545,0.082979,0.096522,0.313063
250,0.189738,0.093914,0.067618,0.088135,0.068292,0.082752,0.096315,0.313235
251,0.189762,0.093916,0.067623,0.088145,0.068296,0.082740,0.096297,0.313221
252,0.189233,0.093647,0.067655,0.088306,0.068568,0.083000,0.096542,0.313048
253,0.189690,0.093882,0.067627,0.088161,0.068331,0.082777,0.096334,0.313198
254,0.189759,0.093915,0.067622,0.088144,0.068296,0.082742,0.096299,0.313221
255,0.084908,0.040152,0.060290,0.108821,0.145916,0.133936,0.175631,0.250347
256,0.189756,0.093924,0.067617,0.088127,0.068282,0.082743,0.096308,0.313243
257,0.189692,0.093844,0.067648,0.088226,0.068390,0.082778,0.096309,0.313114
258,0.189752,0.093914,0.067622,0.088143,0.068297,0.082746,0.096304,0.313224
259,0.189771,0.093885,0.067641,0.088201,0.068345,0.082738,0.096271,0.313146
260,0.189751,0.093876,0.067642,0.088206,0.068354,0.082748,0.096281,0.313142
261,0.189761,0.093889,0.067637,0.088189,0.068336,0.082743,0.096281,0.313163
262,0.189771,0.093888,0.067640,0.088197,0.068342,0.082738,0.096273,0.313152
263,0.189520,0.093755,0.067659,0.088283,0.068481,0.082862,0.096386,0.313053
264,0.190822,0.094437,0.067565,0.087833,0.067786,0.082222,0.095816,0.313519
265,0.190659,0.094408,0.067546,0.087794,0.067787,0.082299,0.095923,0.313584
266,0.189674,0.093831,0.067651,0.088240,0.068406,0.082787,0.096314,0.313098
267,0.189754,0.093873,0.067645,0.088213,0.068360,0.082747,0.096276,0.313132
268,0.189681,0.093836,0.067650,0.088234,0.068400,0.082783,0.096312,0.313104
269,0.189751,0.093872,0.067644,0.088212,0.068360,0.082748,0.096279,0.313133
270,0.189505,0.093743,0.067663,0.088295,0.068496,0.082870,0.096390,0.313038
271,0.189750,0.093872,0.067645,0.088213,0.068361,0.082749,0.096278,0.313132
272,0.189258,0.093611,0.067680,0.088381,0.068631,0.082991,0.096499,0.312950
273,0.189764,0.093880,0.067643,0.088206,0.068351,0.082742,0.096274,0.313141
274,0.189760,0.093878,0.067643,0.088208,0.068354,0.082744,0.096275,0.313138
275,0.189770,0.093882,0.067643,0.088205,0.068350,0.082739,0.096270,0.313141
276,0.189729,0.093862,0.067646,0.088217,0.068372,0.082760,0.096291,0.313123
277,0.189775,0.093886,0.067642,0.088202,0.068345,0.082736,0.096268,0.313145
278,0.189792,0.093894,0.067641,0.088198,0.068338,0.082728,0.096260,0.313148
279,0.189721,0.093858,0.067647,0.088220,0.068377,0.082764,0.096294,0.313119
280,0.189704,0.093849,0.067648,0.088225,0.068386,0.082772,0.096302,0.313114
281,0.189263,0.093613,0.067680,0.088380,0.068628,0.082988,0.096497,0.312951
282,0.189759,0.093878,0.067643,0.088207,0.068353,0.082744,0.096276,0.313140
283,0.189231,0.093596,0.067682,0.088391,0.068646,0.083004,0.096511,0.312940
284,0.189766,0.093881,0.067643,0.088206,0.068351,0.082741,0.096272,0.313140
285,0.189238,0.093600,0.067682,0.088388,0.068642,0.083000,0.096507,0.312942
286,0.189748,0.093871,0.067645,0.088214,0.068362,0.082750,0.096280,0.313132
287,0.189738,0.093919,0.067616,0.088127,0.068286,0.082752,0.096319,0.313245
288,0.189710,0.093905,0.067618,0.088134,0.068302,0.082766,0.096333,0.313232
289,0.189709,0.093904,0.067619,0.088135,0.068303,0.082766,0.096333,0.313231
290,0.189219,0.093643,0.067654,0.088306,0.068572,0.083007,0.096550,0.313049
291,0.189757,0.093926,0.067616,0.088125,0.068279,0.082743,0.096308,0.313246
292,0.189776,0.093882,0.067644,0.088209,0.068352,0.082736,0.096265,0.313135
293,0.189740,0.093918,0.067618,0.088129,0.068290,0.082751,0.096318,0.313236
294,0.189734,0.093917,0.067616,0.088128,0.068287,0.082754,0.096320,0.313244
295,0.189746,0.093924,0.067616,0.088122,0.068282,0.082748,0.096317,0.313245
296,0.189762,0.093933,0.067614,0.088116,0.068273,0.082740,0.096310,0.313252
297,0.189776,0.093938,0.067614,0.088116,0.068267,0.082733,0.096301,0.313256
298,0.189713,0.093905,0.067618,0.088137,0.068301,0.082764,0.096329,0.313233
299,0.188569,0.093300,0.067697,0.088520,0.068921,0.083325,0.096845,0.312823
300,0.189242,0.093656,0.067652,0.088297,0.068558,0.082995,0.096540,0.313059
301,0.189766,0.093932,0.067615,0.088119,0.068273,0.082738,0.096305,0.313252
302,0.189223,0.093646,0.067653,0.088303,0.068567,0.083005,0.096549,0.313053
303,0.189475,0.093781,0.067636,0.088216,0.068431,0.082881,0.096437,0.313143
304,0.189726,0.093912,0.067618,0.088132,0.068296,0.082758,0.096325,0.313234
305,0.189199,0.093633,0.067655,0.088312,0.068581,0.083017,0.096559,0.313044
306,0.189732,0.093914,0.067617,0.088132,0.068291,0.082754,0.096320,0.313239
307,0.189746,0.093920,0.067617,0.088129,0.068286,0.082748,0.096313,0.313241
308,0.189210,0.093640,0.067654,0.088305,0.068573,0.083011,0.096556,0.313051
309,0.189778,0.093939,0.067614,0.088116,0.068266,0.082732,0.096300,0.313256
310,0.189735,0.093917,0.067616,0.088129,0.068288,0.082753,0.096320,0.313243
311,0.189809,0.093954,0.067612,0.088106,0.068250,0.082717,0.096285,0.313266
312,0.189739,0.093919,0.067616,0.088127,0.068285,0.082751,0.096318,0.313244
313,0.188563,0.093297,0.067697,0.088521,0.068924,0.083328,0.096848,0.312822
314,0.189761,0.093930,0.067615,0.088121,0.068274,0.082740,0.096308,0.313251
315,0.188512,0.093271,0.067699,0.088536,0.068949,0.083352,0.096872,0.312808
316,0.189748,0.093924,0.067615,0.088123,0.068280,0.082747,0.096314,0.313248
317,0.189740,0.093920,0.067616,0.088127,0.068285,0.082751,0.096317,0.313245
318,0.189492,0.093791,0.067634,0.088207,0.068419,0.082873,0.096431,0.313153
319,0.189749,0.093924,0.067615,0.088124,0.068280,0.082746,0.096314,0.313248
320,0.189782,0.093921,0.067624,0.088146,0.068293,0.082731,0.096286,0.313217
321,0.189220,0.093646,0.067653,0.088302,0.068567,0.083006,0.096551,0.313054
322,0.189492,0.093791,0.067634,0.088206,0.068419,0.082873,0.096432,0.313153
323,0.189754,0.093901,0.067629,0.088166,0.068317,0.082745,0.096295,0.313193
324,0.189757,0.093928,0.067615,0.088121,0.068276,0.082742,0.096310,0.313251
325,0.188639,0.093338,0.067692,0.088496,0.068882,0.083291,0.096814,0.312850
326,0.189744,0.093922,0.067616,0.088125,0.068283,0.082749,0.096316,0.313246
327,0.189207,0.093639,0.067654,0.088305,0.068574,0.083013,0.096557,0.313051
328,0.189460,0.093750,0.067649,0.088259,0.068474,0.082890,0.096430,0.313088
329,0.189759,0.093917,0.067622,0.088142,0.068294,0.082742,0.096301,0.313224
330,0.189739,0.093915,0.067618,0.088134,0.068292,0.082751,0.096315,0.313235
331,0.189709,0.093901,0.067621,0.088141,0.068308,0.082766,0.096331,0.313222
332,0.189234,0.093651,0.067653,0.088301,0.068563,0.083000,0.096544,0.313055
333,0.189744,0.093920,0.067616,0.088127,0.068285,0.082749,0.096315,0.313244
334,0.189754,0.093872,0.067645,0.088214,0.068361,0.082747,0.096276,0.313131
335,0.189727,0.093857,0.067648,0.088224,0.068379,0.082761,0.096290,0.313114
336,0.189462,0.093776,0.067636,0.088216,0.068434,0.082888,0.096445,0.313143
337,0.189758,0.093876,0.067644,0.088210,0.068356,0.082745,0.096275,0.313136
338,0.189759,0.093877,0.067644,0.088209,0.068355,0.082744,0.096275,0.313137
339,0.189727,0.093913,0.067617,0.088131,0.068292,0.082757,0.096323,0.313240
340,0.189740,0.093919,0.067616,0.088127,0.068285,0.082751,0.096317,0.313245
341,0.189227,0.093594,0.067683,0.088393,0.068649,0.083006,0.096512,0.312937
342,0.189754,0.093873,0.067644,0.088212,0.068359,0.082747,0.096277,0.313133
343,0.189766,0.093878,0.067644,0.088211,0.068355,0.082741,0.096271,0.313134
344,0.189245,0.093602,0.067682,0.088388,0.068640,0.082997,0.096504,0.312941
345,0.189696,0.093898,0.067619,0.088138,0.068308,0.082773,0.096340,0.313228
346,0.189757,0.093876,0.067644,0.088209,0.068356,0.082745,0.096276,0.313136
347,0.189747,0.093871,0.067644,0.088212,0.068361,0.082750,0.096281,0.313134
348,0.189748,0.093925,0.067615,0.088122,0.068279,0.082746,0.096314,0.313250
349,0.189725,0.093860,0.067646,0.088218,0.068374,0.082761,0.096292,0.313122
350,0.189763,0.093879,0.067643,0.088208,0.068353,0.082742,0.096273,0.313138
351,0.189779,0.093888,0.067642,0.088201,0.068344,0.082734,0.096267,0.313145
352,0.189772,0.093883,0.067643,0.088206,0.068349,0.082738,0.096269,0.313140
353,0.189762,0.093879,0.067643,0.088207,0.068353,0.082743,0.096274,0.313139
354,0.189750,0.093925,0.067615,0.088124,0.068280,0.082746,0.096313,0.313248
355,0.189739,0.093868,0.067645,0.088212,0.068366,0.082755,0.096287,0.313128
356,0.189821,0.093912,0.067638,0.088184,0.068318,0.082714,0.096249,0.313164
357,0.189710,0.093854,0.067647,0.088221,0.068380,0.082769,0.096300,0.313119
358,0.189774,0.093887,0.067641,0.088200,0.068344,0.082737,0.096270,0.313147
359,0.189781,0.093889,0.067641,0.088200,0.068342,0.082734,0.096266,0.313147
360,0.189524,0.093754,0.067661,0.088286,0.068483,0.082861,0.096383,0.313049
361,0.189776,0.093887,0.067641,0.088200,0.068343,0.082736,0.096268,0.313147
362,0.189535,0.093760,0.067660,0.088282,0.068477,0.082855,0.096378,0.313054
363,0.189514,0.093747,0.067662,0.088293,0.068492,0.082865,0.096386,0.313041
364,0.189784,0.093890,0.067642,0.088200,0.068341,0.082732,0.096265,0.313147
365,0.189755,0.093877,0.067643,0.088207,0.068354,0.082746,0.096278,0.313140
366,0.189735,0.093864,0.067646,0.088216,0.068370,0.082757,0.096288,0.313124
367,0.189770,0.093884,0.067642,0.088203,0.068347,0.082739,0.096271,0.313144
368,0.189713,0.093855,0.067647,0.088220,0.068379,0.082768,0.096299,0.313120
369,0.189762,0.093880,0.067642,0.088205,0.068351,0.082743,0.096275,0.313142
370,0.189516,0.093748,0.067662,0.088293,0.068491,0.082864,0.096385,0.313041
371,0.189775,0.093885,0.067643,0.088204,0.068347,0.082737,0.096268,0.313142
372,0.189771,0.093885,0.067641,0.088201,0.068346,0.082738,0.096271,0.313146
373,0.190705,0.094384,0.067570,0.087860,0.067837,0.082279,0.095872,0.313492
374,0.189770,0.093883,0.067642,0.088205,0.068349,0.082739,0.096271,0.313142
375,0.189769,0.093883,0.067642,0.088203,0.068348,0.082739,0.096271,0.313143
376,0.189254,0.093611,0.067679,0.088379,0.068630,0.082993,0.096502,0.312952
377,0.084734,0.040028,0.060910,0.111737,0.148831,0.134197,0.173982,0.245582
378,0.189727,0.093861,0.067646,0.088218,0.068374,0.082761,0.096292,0.313122
379,0.189768,0.093880,0.067643,0.088208,0.068352,0.082740,0.096271,0.313138
380,0.189800,0.093899,0.067640,0.088194,0.068333,0.082724,0.096257,0.313153
381,0.189791,0.093894,0.067641,0.088197,0.068337,0.082729,0.096261,0.313149
382,0.189729,0.093915,0.067616,0.088128,0.068289,0.082756,0.096323,0.313244
383,0.189722,0.093913,0.067617,0.088128,0.068294,0.082760,0.096328,0.313238
384,0.189745,0.093923,0.067615,0.088123,0.068280,0.082748,0.096316,0.313249
385,0.189769,0.093882,0.067643,0.088206,0.068350,0.082740,0.096271,0.313140
386,0.189763,0.093879,0.067643,0.088207,0.068352,0.082742,0.096274,0.313140
387,0.189308,0.093639,0.067676,0.088361,0.068601,0.082966,0.096478,0.312971
388,0.189784,0.093891,0.067641,0.088199,0.068341,0.082732,0.096265,0.313148
389,0.189727,0.093862,0.067646,0.088216,0.068372,0.082760,0.096292,0.313125
390,0.189328,0.093646,0.067676,0.088361,0.068595,0.082956,0.096466,0.312971
391,0.189754,0.093926,0.067616,0.088124,0.068279,0.082744,0.096311,0.313247
392,0.189750,0.093924,0.067616,0.088125,0.068281,0.082746,0.096312,0.313247
393,0.189697,0.093897,0.067620,0.088140,0.068310,0.082772,0.096338,0.313225
394,0.189757,0.093878,0.067643,0.088206,0.068353,0.082745,0.096277,0.313141
395,0.189307,0.093691,0.067648,0.088274,0.068521,0.082964,0.096511,0.313084
396,0.189316,0.093640,0.067677,0.088364,0.068602,0.082962,0.096472,0.312967
397,0.189732,0.093914,0.067617,0.088131,0.068291,0.082755,0.096320,0.313240
398,0.189298,0.093686,0.067648,0.088278,0.068527,0.082968,0.096515,0.313080
399,0.189711,0.093905,0.067619,0.088135,0.068302,0.082766,0.096332,0.313230
400,0.189532,0.093810,0.067631,0.088197,0.068399,0.082853,0.096411,0.313166
401,0.189331,0.093703,0.067646,0.088267,0.068509,0.082952,0.096500,0.313092
402,0.189770,0.093883,0.067642,0.088204,0.068348,0.082739,0.096270,0.313143
403,0.189714,0.093904,0.067619,0.088138,0.068301,0.082763,0.096328,0.313232
404,0.189746,0.093921,0.067616,0.088128,0.068284,0.082748,0.096313,0.313244
405,0.189308,0.093640,0.067675,0.088360,0.068599,0.082966,0.096478,0.312974
406,0.089736,0.047743,0.063347,0.110217,0.137567,0.139852,0.178187,0.233351
407,0.189692,0.093892,0.067622,0.088146,0.068317,0.082775,0.096339,0.313218
408,0.189500,0.093793,0.067634,0.088209,0.068418,0.082869,0.096426,0.313151
409,0.189734,0.093913,0.067618,0.088134,0.068293,0.082754,0.096318,0.313236
410,0.189746,0.093920,0.067617,0.088129,0.068285,0.082748,0.096313,0.313242
411,0.189737,0.093905,0.067623,0.088149,0.068306,0.082752,0.096310,0.313217
412,0.189470,0.093779,0.067635,0.088215,0.068431,0.082884,0.096441,0.313145
413,0.189332,0.093691,0.067653,0.088287,0.068527,0.082952,0.096492,0.313066
414,0.084874,0.040249,0.060540,0.109780,0.146659,0.134238,0.175305,0.248355
415,0.189738,0.093909,0.067621,0.088142,0.068299,0.082752,0.096313,0.313226
416,0.189793,0.093895,0.067641,0.088196,0.068336,0.082728,0.096260,0.313151
417,0.189776,0.093930,0.067618,0.088129,0.068278,0.082733,0.096296,0.313240
418,0.189295,0.093631,0.067677,0.088368,0.068610,0.082973,0.096482,0.312964
419,0.189695,0.093844,0.067649,0.088229,0.068391,0.082776,0.096306,0.313110
420,0.189703,0.093848,0.067648,0.088226,0.068387,0.082773,0.096302,0.313113
421,0.188699,0.093314,0.067718,0.088569,0.068935,0.083264,0.096751,0.312752
422,0.189765,0.093881,0.067643,0.088206,0.068351,0.082741,0.096273,0.313141
423,0.189776,0.093887,0.067641,0.088201,0.068344,0.082736,0.096269,0.313146
424,0.189779,0.093889,0.067641,0.088200,0.068342,0.082734,0.096267,0.313148
425,0.189466,0.093725,0.067664,0.088303,0.068513,0.082889,0.096409,0.313031
426,0.189689,0.093843,0.067648,0.088227,0.068391,0.082779,0.096310,0.313113
427,0.189768,0.093884,0.067642,0.088202,0.068347,0.082740,0.096272,0.313145
428,0.189687,0.093840,0.067649,0.088231,0.068395,0.082780,0.096310,0.313108
429,0.189515,0.093749,0.067661,0.088289,0.068488,0.082865,0.096387,0.313045
430,0.189769,0.093883,0.067642,0.088203,0.068348,0.082740,0.096272,0.313143
431,0.189468,0.093725,0.067664,0.088305,0.068513,0.082888,0.096408,0.313029
432,0.189697,0.093845,0.067648,0.088228,0.068390,0.082775,0.096305,0.313111
433,0.189771,0.093884,0.067642,0.088203,0.068347,0.082739,0.096271,0.313144
434,0.189694,0.093845,0.067648,0.088227,0.068390,0.082777,0.096307,0.313113
435,0.188591,0.093257,0.067724,0.088603,0.068992,0.083316,0.096801,0.312716
436,0.189756,0.093877,0.067643,0.088207,0.068355,0.082746,0.096277,0.313139
437,0.189768,0.093884,0.067642,0.088202,0.068347,0.082740,0.096272,0.313145
438,0.189786,0.093892,0.067641,0.088197,0.068338,0.082731,0.096264,0.313150
439,0.189793,0.093896,0.067640,0.088195,0.068334,0.082728,0.096261,0.313153
440,0.189691,0.093843,0.067648,0.088229,0.068392,0.082778,0.096308,0.313111
441,0.189773,0.093885,0.067642,0.088203,0.068346,0.082737,0.096269,0.313144
442,0.189754,0.093876,0.067643,0.088208,0.068356,0.082747,0.096278,0.313138
443,0.189694,0.093844,0.067648,0.088228,0.068391,0.082777,0.096307,0.313112
444,0.189479,0.093732,0.067663,0.088299,0.068506,0.082882,0.096404,0.313035
445,0.189249,0.093610,0.067679,0.088378,0.068630,0.082995,0.096505,0.312955
446,0.189774,0.093887,0.067641,0.088201,0.068344,0.082737,0.096270,0.313146
447,0.189784,0.093891,0.067641,0.088198,0.068339,0.082732,0.096265,0.313150
448,0.189809,0.093904,0.067639,0.088190,0.068326,0.082720,0.096254,0.313158
449,0.189641,0.093818,0.067651,0.088244,0.068417,0.082803,0.096331,0.313095
450,0.189796,0.093898,0.067640,0.088193,0.068332,0.082726,0.096260,0.313155
451,0.189693,0.093845,0.067648,0.088227,0.068389,0.082777,0.096308,0.313113
452,0.189775,0.093884,0.067643,0.088205,0.068348,0.082737,0.096268,0.313141
453,0.189749,0.093872,0.067644,0.088212,0.068361,0.082749,0.096280,0.313133
454,0.189767,0.093882,0.067642,0.088205,0.068350,0.082740,0.096272,0.313142
455,0.189797,0.093899,0.067640,0.088193,0.068332,0.082725,0.096259,0.313154
456,0.189770,0.093884,0.067642,0.088203,0.068347,0.082739,0.096271,0.313144
457,0.189761,0.093879,0.067643,0.088206,0.068352,0.082743,0.096275,0.313141
458,0.189825,0.093913,0.067638,0.088184,0.068318,0.082712,0.096246,0.313163
459,0.189774,0.093885,0.067642,0.088202,0.068346,0.082737,0.096269,0.313145
460,0.189643,0.093817,0.067652,0.088245,0.068418,0.082802,0.096329,0.313093
461,0.189504,0.093744,0.067662,0.088293,0.068494,0.082870,0.096391,0.313042
462,0.190789,0.094423,0.067565,0.087841,0.067797,0.082238,0.095830,0.313517
463,0.189237,0.093601,0.067681,0.088386,0.068640,0.083001,0.096509,0.312945
464,0.189768,0.093882,0.067642,0.088205,0.068349,0.082740,0.096272,0.313142
465,0.189773,0.093885,0.067642,0.088203,0.068347,0.082738,0.096269,0.313143
466,0.189810,0.093905,0.067639,0.088190,0.068326,0.082719,0.096253,0.313157
467,0.189253,0.093609,0.067680,0.088382,0.068633,0.082993,0.096501,0.312949
468,0.189692,0.093843,0.067648,0.088229,0.068392,0.082778,0.096307,0.313111
469,0.189522,0.093753,0.067661,0.088288,0.068485,0.082861,0.096383,0.313047
470,0.189720,0.093854,0.067649,0.088226,0.068383,0.082764,0.096292,0.313112
471,0.189512,0.093754,0.067658,0.088280,0.068481,0.082866,0.096392,0.313057
472,0.189761,0.093880,0.067642,0.088205,0.068351,0.082743,0.096275,0.313142
473,0.189752,0.093874,0.067643,0.088209,0.068357,0.082748,0.096279,0.313138
474,0.189767,0.093883,0.067642,0.088203,0.068347,0.082740,0.096273,0.313145
475,0.189695,0.093847,0.067647,0.088223,0.068386,0.082776,0.096308,0.313118
476,0.189757,0.093880,0.067641,0.088203,0.068350,0.082745,0.096279,0.313145
477,0.189756,0.093879,0.067641,0.088203,0.068350,0.082746,0.096279,0.313145
478,0.084817,0.040313,0.061008,0.111594,0.148441,0.134572,0.174443,0.244813
479,0.189669,0.093834,0.067648,0.088230,0.068399,0.082789,0.096321,0.313110
480,0.190633,0.094347,0.067575,0.087886,0.067874,0.082315,0.095903,0.313468
481,0.189757,0.093879,0.067642,0.088204,0.068351,0.082745,0.096278,0.313144
482,0.189782,0.093892,0.067640,0.088196,0.068338,0.082733,0.096267,0.313153
483,0.189766,0.093884,0.067641,0.088201,0.068346,0.082741,0.096274,0.313147
484,0.189715,0.093858,0.067645,0.088216,0.068375,0.082767,0.096299,0.313125
485,0.189773,0.093887,0.067641,0.088199,0.068343,0.082737,0.096271,0.313148
486,0.189503,0.093746,0.067661,0.088289,0.068491,0.082870,0.096393,0.313046
487,0.189761,0.093881,0.067642,0.088203,0.068349,0.082743,0.096276,0.313145
488,0.189506,0.093747,0.067661,0.088288,0.068489,0.082869,0.096392,0.313047
489,0.189781,0.093892,0.067640,0.088195,0.068338,0.082734,0.096268,0.313153
490,0.189777,0.093891,0.067640,0.088195,0.068339,0.082735,0.096270,0.313154
491,0.189471,0.093730,0.067662,0.088298,0.068507,0.082886,0.096409,0.313037
492,0.190677,0.094367,0.067573,0.087876,0.067853,0.082293,0.095880,0.313480
493,0.189778,0.093891,0.067640,0.088195,0.068338,0.082735,0.096269,0.313154
494,0.189680,0.093841,0.067647,0.088226,0.068392,0.082783,0.096315,0.313116
495,0.189769,0.093888,0.067639,0.088196,0.068341,0.082739,0.096275,0.313154
496,0.189710,0.093855,0.067645,0.088218,0.068377,0.082769,0.096301,0.313124
497,0.189743,0.093871,0.067643,0.088210,0.068359,0.082752,0.096284,0.313138
498,0.189774,0.093888,0.067640,0.088198,0.068341,0.082737,0.096271,0.313151
499,0.189783,0.093911,0.067630,0.088164,0.068308,0.082731,0.096278,0.313194
500,0.189693,0.093847,0.067647,0.088224,0.068387,0.082777,0.096309,0.313117
501,0.189243,0.093614,0.067675,0.088368,0.068623,0.082997,0.096512,0.312967
502,0.189780,0.093905,0.067633,0.088173,0.068318,0.082733,0.096276,0.313182
503,0.189783,0.093894,0.067639,0.088193,0.068335,0.082732,0.096268,0.313157
504,0.189791,0.093897,0.067640,0.088193,0.068333,0.082728,0.096263,0.313155
505,0.189503,0.093795,0.067634,0.088206,0.068415,0.082868,0.096425,0.313155
506,0.189791,0.093901,0.067637,0.088185,0.068326,0.082728,0.096266,0.313166
507,0.189728,0.093869,0.067642,0.088205,0.068362,0.082760,0.096296,0.313138
508,0.189788,0.093900,0.067637,0.088186,0.068327,0.082730,0.096268,0.313165
509,0.189704,0.093899,0.067621,0.088142,0.068310,0.082769,0.096334,0.313222
510,0.189714,0.093904,0.067620,0.088139,0.068305,0.082764,0.096329,0.313226
511,0.189744,0.093912,0.067621,0.088142,0.068298,0.082749,0.096309,0.313225
512,0.189786,0.093923,0.067624,0.088147,0.068292,0.082729,0.096283,0.313216
513,0.189220,0.093632,0.067660,0.088324,0.068588,0.083007,0.096543,0.313026
514,0.189776,0.093942,0.067611,0.088108,0.068260,0.082733,0.096304,0.313266
515,0.189802,0.093923,0.067627,0.088154,0.068295,0.082722,0.096271,0.313205
516,0.189745,0.093875,0.067642,0.088205,0.068355,0.082751,0.096285,0.313143
517,0.189801,0.093923,0.067627,0.088154,0.068295,0.082722,0.096272,0.313205
518,0.085398,0.041590,0.061494,0.111848,0.146617,0.136023,0.175472,0.241556
519,0.188569,0.093294,0.067700,0.088530,0.068930,0.083325,0.096841,0.312812
520,0.189786,0.093927,0.067622,0.088139,0.068285,0.082729,0.096286,0.313227
521,0.189431,0.093743,0.067646,0.088254,0.068476,0.082904,0.096448,0.313098
522,0.190416,0.094237,0.067589,0.087954,0.067983,0.082421,0.096000,0.313399
523,0.189694,0.093854,0.067643,0.088211,0.068375,0.082776,0.096313,0.313134
524,0.189693,0.093854,0.067643,0.088211,0.068375,0.082777,0.096314,0.313134
525,0.190440,0.094247,0.067588,0.087952,0.067973,0.082409,0.095985,0.313405
526,0.189758,0.093889,0.067636,0.088188,0.068336,0.082744,0.096284,0.313165
527,0.190370,0.094210,0.067594,0.087978,0.068012,0.082444,0.096015,0.313377
528,0.189753,0.093883,0.067639,0.088195,0.068344,0.082747,0.096284,0.313156
529,0.189746,0.093884,0.067638,0.088190,0.068343,0.082750,0.096291,0.313157
530,0.189755,0.093884,0.067638,0.088194,0.068342,0.082746,0.096283,0.313157
531,0.189783,0.093899,0.067637,0.088185,0.068328,0.082732,0.096270,0.313166
532,0.190281,0.094176,0.067594,0.087987,0.068041,0.082487,0.096063,0.313371
533,0.189240,0.093609,0.067677,0.088375,0.068629,0.082999,0.096512,0.312959
534,0.189771,0.093914,0.067626,0.088152,0.068301,0.082737,0.096290,0.313209
535,0.190289,0.094168,0.067599,0.088004,0.068054,0.082484,0.096052,0.313350
536,0.189758,0.093922,0.067618,0.088132,0.068285,0.082742,0.096305,0.313237
537,0.189472,0.093739,0.067658,0.088284,0.068494,0.082885,0.096413,0.313055
538,0.189457,0.093748,0.067649,0.088260,0.068475,0.082892,0.096431,0.313088
539,0.190426,0.094260,0.067578,0.087922,0.067951,0.082415,0.096005,0.313442
540,0.189450,0.093742,0.067651,0.088266,0.068482,0.082895,0.096433,0.313081
541,0.189484,0.093766,0.067645,0.088244,0.068454,0.082878,0.096422,0.313106
542,0.189738,0.093897,0.067628,0.088165,0.068320,0.082753,0.096304,0.313196
543,0.189800,0.093928,0.067624,0.088145,0.068287,0.082722,0.096276,0.313217
544,0.189733,0.093892,0.067629,0.088168,0.068325,0.082756,0.096306,0.313191
545,0.189742,0.093904,0.067625,0.088154,0.068309,0.082751,0.096306,0.313210
546,0.189421,0.093746,0.067643,0.088243,0.068468,0.082908,0.096458,0.313112
547,0.190267,0.094190,0.067582,0.087955,0.068015,0.082492,0.096083,0.313415
548,0.189653,0.093835,0.067645,0.088222,0.068394,0.082796,0.096332,0.313123
549,0.189730,0.093909,0.067619,0.088138,0.068298,0.082756,0.096319,0.313231
550,0.189734,0.093912,0.067619,0.088136,0.068294,0.082754,0.096317,0.313234
551,0.190369,0.094247,0.067573,0.087915,0.067955,0.082442,0.096040,0.313460
552,0.190366,0.094225,0.067585,0.087950,0.067988,0.082445,0.096028,0.313413
553,0.189747,0.093898,0.067629,0.088166,0.068319,0.082749,0.096299,0.313194
554,0.190485,0.094287,0.067576,0.087908,0.067924,0.082386,0.095977,0.313456
555,0.189749,0.093919,0.067618,0.088133,0.068288,0.082747,0.096310,0.313237
556,0.189757,0.093923,0.067618,0.088130,0.068284,0.082743,0.096306,0.313240
557,0.189745,0.093913,0.067620,0.088142,0.068295,0.082748,0.096307,0.313230
558,0.189751,0.093921,0.067618,0.088131,0.068286,0.082745,0.096309,0.313238
559,0.190366,0.094245,0.067573,0.087916,0.067957,0.082443,0.096041,0.313458
560,0.189746,0.093899,0.067629,0.088165,0.068318,0.082749,0.096299,0.313195
561,0.190461,0.094275,0.067577,0.087916,0.067935,0.082398,0.095987,0.313451
562,0.189763,0.093892,0.067636,0.088186,0.068333,0.082742,0.096282,0.313167
563,0.085976,0.042559,0.062129,0.112774,0.146464,0.136934,0.175487,0.237678
564,0.189139,0.093568,0.067677,0.088387,0.068664,0.083048,0.096565,0.312951
565,0.189763,0.093906,0.067628,0.088163,0.068312,0.082741,0.096290,0.313197
566,0.189767,0.093903,0.067631,0.088170,0.068318,0.082739,0.096285,0.313187
567,0.189750,0.093898,0.067630,0.088168,0.068320,0.082747,0.096296,0.313191
568,0.188688,0.093336,0.067703,0.088525,0.068897,0.083268,0.096774,0.312808
569,0.189781,0.093908,0.067631,0.088168,0.068313,0.082732,0.096278,0.313188
570,0.189675,0.093861,0.067635,0.088189,0.068360,0.082784,0.096332,0.313163
571,0.189740,0.093900,0.067626,0.088159,0.068314,0.082752,0.096305,0.313203
572,0.189701,0.093869,0.067636,0.088190,0.068355,0.082772,0.096317,0.313160
573,0.189759,0.093907,0.067627,0.088158,0.068309,0.082743,0.096294,0.313203
574,0.190487,0.094290,0.067574,0.087904,0.067919,0.082385,0.095977,0.313463
575,0.190389,0.094239,0.067582,0.087939,0.067972,0.082433,0.096020,0.313426
576,0.189755,0.093905,0.067627,0.088160,0.068312,0.082744,0.096296,0.313201
577,0.188812,0.093405,0.067694,0.088479,0.068826,0.083207,0.096720,0.312858
578,0.190405,0.094224,0.067593,0.087971,0.067998,0.082427,0.095998,0.313383
579,0.189753,0.093895,0.067633,0.088176,0.068326,0.082746,0.096291,0.313180
580,0.189755,0.093881,0.067640,0.088199,0.068347,0.082746,0.096281,0.313150
581,0.189770,0.093904,0.067631,0.088170,0.068317,0.082738,0.096283,0.313187
582,0.189794,0.093900,0.067638,0.088189,0.068329,0.082727,0.096262,0.313160
583,0.189771,0.093911,0.067627,0.088158,0.068306,0.082737,0.096288,0.313202
584,0.188687,0.093336,0.067703,0.088525,0.068897,0.083268,0.096775,0.312809
585,0.189770,0.093895,0.067636,0.088184,0.068330,0.082738,0.096278,0.313169
586,0.188635,0.093310,0.067706,0.088540,0.068923,0.083294,0.096799,0.312793
587,0.189758,0.093904,0.067628,0.088162,0.068313,0.082743,0.096294,0.313198
588,0.190528,0.094310,0.067572,0.087893,0.067900,0.082365,0.095957,0.313476
589,0.189686,0.093846,0.067646,0.088221,0.068386,0.082780,0.096314,0.313122
590,0.189783,0.093918,0.067626,0.088153,0.068299,0.082731,0.096283,0.313208
591,0.190531,0.094313,0.067571,0.087889,0.067897,0.082363,0.095958,0.313477
592,0.189785,0.093897,0.067638,0.088189,0.068331,0.082731,0.096268,0.313161
593,0.190548,0.094321,0.067571,0.087885,0.067889,0.082355,0.095950,0.313481
594,0.189683,0.093866,0.067634,0.088186,0.068355,0.082781,0.096329,0.313167
595,0.189384,0.093706,0.067656,0.088291,0.068518,0.082927,0.096460,0.313057
596,0.189766,0.093887,0.067639,0.088196,0.068341,0.082741,0.096276,0.313154
597,0.190568,0.094331,0.067569,0.087878,0.067878,0.082345,0.095941,0.313489
598,0.189760,0.093904,0.067629,0.088163,0.068313,0.082742,0.096292,0.313196
599,0.189673,0.093877,0.067626,0.088162,0.068335,0.082784,0.096344,0.313199
600,0.189763,0.093893,0.067636,0.088184,0.068332,0.082741,0.096282,0.313169
601,0.189695,0.093858,0.067641,0.088206,0.068370,0.082775,0.096314,0.313140
602,0.190380,0.094218,0.067592,0.087970,0.068002,0.082439,0.096013,0.313387
603,0.189766,0.093894,0.067635,0.088183,0.068330,0.082740,0.096281,0.313170
604,0.190410,0.094231,0.067591,0.087964,0.067990,0.082424,0.095998,0.313392
605,0.189772,0.093890,0.067639,0.088194,0.068339,0.082738,0.096273,0.313155
606,0.189640,0.093827,0.067646,0.088227,0.068402,0.082803,0.096338,0.313117
607,0.189783,0.093901,0.067636,0.088182,0.068325,0.082732,0.096272,0.313171
608,0.190306,0.094175,0.067599,0.088002,0.068048,0.082475,0.096042,0.313352
609,0.190568,0.094308,0.067582,0.087917,0.067913,0.082346,0.095926,0.313440
610,0.189766,0.093908,0.067628,0.088160,0.068309,0.082739,0.096289,0.313200
611,0.189756,0.093904,0.067628,0.088163,0.068314,0.082744,0.096294,0.313197
612,0.189738,0.093893,0.067630,0.088171,0.068325,0.082753,0.096302,0.313188
613,0.189704,0.093876,0.067633,0.088179,0.068344,0.082770,0.096320,0.313174
614,0.131023,0.062329,0.064285,0.093065,0.101600,0.109250,0.136874,0.301574
615,0.190229,0.094132,0.067606,0.088034,0.068093,0.082513,0.096074,0.313318
616,0.189630,0.093817,0.067649,0.088239,0.068415,0.082808,0.096339,0.313104
617,0.189766,0.093917,0.067623,0.088146,0.068296,0.082739,0.096295,0.313220
618,0.189710,0.093858,0.067644,0.088213,0.068373,0.082768,0.096303,0.313131
619,0.189757,0.093900,0.067630,0.088169,0.068319,0.082744,0.096291,0.313189
620,0.189777,0.093905,0.067632,0.088172,0.068317,0.082734,0.096279,0.313185
621,0.189766,0.093905,0.067630,0.088166,0.068314,0.082739,0.096287,0.313193
622,0.189781,0.093896,0.067637,0.088188,0.068331,0.082733,0.096270,0.313163
623,0.190394,0.094248,0.067578,0.087925,0.067959,0.082430,0.096022,0.313443
624,0.189739,0.093915,0.067618,0.088134,0.068291,0.082751,0.096315,0.313236
625,0.189765,0.093915,0.067624,0.088148,0.068298,0.082739,0.096295,0.313216
626,0.189754,0.093911,0.067624,0.088149,0.068302,0.082745,0.096301,0.313215
627,0.189750,0.093902,0.067628,0.088162,0.068315,0.082747,0.096298,0.313198
628,0.189648,0.093849,0.067636,0.088194,0.068371,0.082798,0.096346,0.313158
629,0.189757,0.093912,0.067624,0.088149,0.068301,0.082743,0.096299,0.313216
630,0.189343,0.093692,0.067654,0.088291,0.068528,0.082947,0.096484,0.313060
631,0.189748,0.093907,0.067624,0.088152,0.068306,0.082748,0.096303,0.313212
632,0.189277,0.093639,0.067669,0.088346,0.068593,0.082980,0.096501,0.312995
633,0.189517,0.093765,0.067653,0.088264,0.068464,0.082863,0.096395,0.313079
634,0.189784,0.093920,0.067625,0.088150,0.068296,0.082730,0.096283,0.313212
635,0.189758,0.093913,0.067623,0.088148,0.068300,0.082743,0.096299,0.313217
636,0.190536,0.094296,0.067582,0.087921,0.067924,0.082362,0.095943,0.313436
637,0.189763,0.093909,0.067627,0.088158,0.068308,0.082741,0.096292,0.313203
638,0.189742,0.093884,0.067636,0.088188,0.068340,0.082752,0.096293,0.313165
639,0.086767,0.043745,0.062504,0.112648,0.144584,0.137814,0.176041,0.235896
640,0.189746,0.093904,0.067626,0.088157,0.068311,0.082749,0.096302,0.313206
641,0.190364,0.094230,0.067582,0.087941,0.067980,0.082445,0.096033,0.313425
642,0.189751,0.093907,0.067625,0.088155,0.068307,0.082746,0.096300,0.313209
643,0.190507,0.094305,0.067570,0.087890,0.067902,0.082375,0.095971,0.313480
644,0.189517,0.093775,0.067648,0.088248,0.068450,0.082862,0.096401,0.313100
645,0.189746,0.093895,0.067631,0.088171,0.068324,0.082749,0.096297,0.313188
646,0.189751,0.093897,0.067631,0.088170,0.068322,0.082747,0.096294,0.313188
647,0.190471,0.094276,0.067579,0.087919,0.067937,0.082393,0.095980,0.313444
648,0.189664,0.093863,0.067632,0.088180,0.068354,0.082790,0.096342,0.313175
649,0.189739,0.093902,0.067626,0.088156,0.068312,0.082752,0.096307,0.313207
650,0.189740,0.093891,0.067632,0.088175,0.068328,0.082752,0.096299,0.313183
651,0.189746,0.093893,0.067632,0.088174,0.068327,0.082749,0.096296,0.313183
652,0.190368,0.094209,0.067593,0.087977,0.068011,0.082445,0.096017,0.313379
653,0.189765,0.093893,0.067636,0.088184,0.068331,0.082741,0.096281,0.313169
654,0.189773,0.093904,0.067632,0.088172,0.068318,0.082736,0.096281,0.313185
655,0.189784,0.093899,0.067636,0.088186,0.068326,0.082731,0.096268,0.313170
656,0.189928,0.093984,0.067620,0.088121,0.068234,0.082660,0.096210,0.313243
657,0.189611,0.093824,0.067641,0.088216,0.068399,0.082816,0.096359,0.313133
658,0.190449,0.094263,0.067581,0.087929,0.067952,0.082405,0.095990,0.313432
659,0.189765,0.093904,0.067630,0.088167,0.068315,0.082740,0.096287,0.313191
660,0.190418,0.094259,0.067577,0.087920,0.067950,0.082419,0.096010,0.313448
661,0.190420,0.094259,0.067577,0.087920,0.067949,0.082418,0.096009,0.313447
662,0.189720,0.093891,0.067628,0.088165,0.068324,0.082761,0.096314,0.313197
663,0.189770,0.093905,0.067630,0.088168,0.068315,0.082738,0.096284,0.313190
664,0.190543,0.094324,0.067568,0.087878,0.067883,0.082357,0.095955,0.313493
665,0.189750,0.093916,0.067620,0.088138,0.068293,0.082746,0.096307,0.313230
666,0.189723,0.093909,0.067618,0.088136,0.068297,0.082759,0.096323,0.313235
667,0.189743,0.093891,0.067632,0.088176,0.068329,0.082751,0.096297,0.313181
668,0.189034,0.093544,0.067667,0.088369,0.068672,0.083098,0.096633,0.312982
669,0.189771,0.093906,0.067630,0.088166,0.068313,0.082737,0.096284,0.313192
670,0.190382,0.094226,0.067587,0.087957,0.067990,0.082438,0.096017,0.313404
671,0.189650,0.093878,0.067620,0.088147,0.068327,0.082795,0.096363,0.313220
672,0.189775,0.093892,0.067639,0.088192,0.068336,0.082736,0.096272,0.313158
673,0.188957,0.093474,0.067688,0.088445,0.068760,0.083137,0.096648,0.312891
674,0.189766,0.093891,0.067637,0.088189,0.068336,0.082740,0.096279,0.313162
675,0.189749,0.093926,0.067614,0.088121,0.068277,0.082746,0.096314,0.313252
676,0.189651,0.093826,0.067649,0.088234,0.068406,0.082797,0.096329,0.313107
677,0.189731,0.093917,0.067615,0.088125,0.068286,0.082755,0.096323,0.313248
678,0.189428,0.093715,0.067661,0.088299,0.068518,0.082907,0.096433,0.313039
679,0.189627,0.093852,0.067630,0.088179,0.068362,0.082807,0.096364,0.313179
680,0.188840,0.093444,0.067679,0.088430,0.068774,0.083193,0.096722,0.312919
681,0.189757,0.093918,0.067621,0.088139,0.068292,0.082743,0.096303,0.313228
682,0.189751,0.093914,0.067621,0.088142,0.068296,0.082746,0.096305,0.313224
683,0.189660,0.093838,0.067645,0.088221,0.068393,0.082793,0.096329,0.313122
684,0.189739,0.093908,0.067622,0.088146,0.068303,0.082752,0.096310,0.313220
685,0.190245,0.094176,0.067586,0.087967,0.068030,0.082503,0.096091,0.313401
686,0.189750,0.093914,0.067621,0.088141,0.068296,0.082746,0.096306,0.313225
687,0.189794,0.093937,0.067618,0.088128,0.068273,0.082725,0.096286,0.313240
688,0.190443,0.094280,0.067571,0.087897,0.067924,0.082406,0.096005,0.313474
689,0.189748,0.093893,0.067632,0.088177,0.068328,0.082749,0.096294,0.313180
690,0.085037,0.040876,0.061382,0.112279,0.148315,0.135308,0.174634,0.242169
691,0.189754,0.093883,0.067639,0.088196,0.068344,0.082746,0.096282,0.313156
692,0.085351,0.041529,0.061574,0.111987,0.147232,0.135983,0.175383,0.240962
693,0.189760,0.093913,0.067624,0.088149,0.068300,0.082741,0.096297,0.313216
694,0.190278,0.094182,0.067590,0.087975,0.068031,0.082488,0.096070,0.313387
695,0.189765,0.093907,0.067628,0.088162,0.068310,0.082739,0.096289,0.313200
696,0.189766,0.093895,0.067635,0.088182,0.068329,0.082740,0.096281,0.313172
697,0.189786,0.093905,0.067634,0.088177,0.068319,0.082730,0.096271,0.313179
698,0.085303,0.041428,0.061537,0.112057,0.147351,0.135882,0.175249,0.241194
699,0.189757,0.093887,0.067637,0.088191,0.068338,0.082744,0.096282,0.313163
700,0.189184,0.093592,0.067675,0.088372,0.068641,0.083026,0.096546,0.312965
701,0.189161,0.093574,0.067679,0.088390,0.068663,0.083038,0.096553,0.312943
702,0.189763,0.093891,0.067637,0.088188,0.068335,0.082742,0.096281,0.313165
703,0.085313,0.041446,0.061568,0.112147,0.147423,0.135906,0.175207,0.240989
704,0.189739,0.093880,0.067637,0.088193,0.068345,0.082753,0.096293,0.313160
705,0.189103,0.093544,0.067683,0.088407,0.068692,0.083066,0.096579,0.312926
706,0.189083,0.093534,0.067684,0.088413,0.068703,0.083076,0.096588,0.312919
707,0.189748,0.093885,0.067636,0.088189,0.068339,0.082749,0.096289,0.313165
708,0.085732,0.042138,0.062057,0.113193,0.147332,0.136590,0.174966,0.237991
709,0.189101,0.093548,0.067680,0.088400,0.068686,0.083066,0.096583,0.312935
710,0.189064,0.093528,0.067683,0.088413,0.068706,0.083085,0.096599,0.312922
711,0.189748,0.093889,0.067634,0.088182,0.068333,0.082749,0.096291,0.313173
712,0.189425,0.093720,0.067658,0.088290,0.068510,0.082908,0.096438,0.313052
713,0.189143,0.093568,0.067678,0.088390,0.068664,0.083046,0.096561,0.312951
714,0.189185,0.093591,0.067674,0.088375,0.068640,0.083025,0.096542,0.312967
715,0.189385,0.093699,0.067660,0.088302,0.068530,0.082928,0.096456,0.313040
716,0.189760,0.093898,0.067632,0.088173,0.068322,0.082743,0.096288,0.313184
717,0.189129,0.093563,0.067678,0.088391,0.068669,0.083053,0.096569,0.312949
718,0.189765,0.093899,0.067633,0.088176,0.068324,0.082740,0.096284,0.313180
719,0.189459,0.093743,0.067651,0.088271,0.068480,0.082890,0.096424,0.313082
720,0.189760,0.093902,0.067630,0.088166,0.068316,0.082742,0.096291,0.313192
721,0.189605,0.093817,0.067642,0.088226,0.068405,0.082819,0.096356,0.313130
722,0.189682,0.093885,0.067622,0.088155,0.068322,0.082779,0.096339,0.313216
723,0.189331,0.093710,0.067643,0.088255,0.068500,0.082952,0.096505,0.313104
724,0.189799,0.093954,0.067609,0.088102,0.068246,0.082721,0.096291,0.313278
725,0.189737,0.093919,0.067616,0.088126,0.068285,0.082752,0.096319,0.313246
726,0.189747,0.093929,0.067612,0.088115,0.068273,0.082747,0.096318,0.313260
727,0.189269,0.093673,0.067649,0.088283,0.068539,0.082983,0.096531,0.313074
728,0.094542,0.052794,0.065862,0.114673,0.134099,0.141052,0.173552,0.223426
729,0.189742,0.093935,0.067608,0.088102,0.068262,0.082749,0.096325,0.313277
730,0.189722,0.093924,0.067609,0.088109,0.068273,0.082759,0.096335,0.313270
731,0.189289,0.093697,0.067640,0.088253,0.068507,0.082972,0.096530,0.313111
732,0.189651,0.093887,0.067615,0.088132,0.068312,0.082794,0.096367,0.313241
733,0.189736,0.093930,0.067609,0.088107,0.068267,0.082751,0.096327,0.313273
734,0.189054,0.093573,0.067656,0.088332,0.068635,0.083087,0.096636,0.313027
735,0.189720,0.093923,0.067610,0.088110,0.068274,0.082759,0.096335,0.313269
736,0.089711,0.047869,0.062938,0.108511,0.135834,0.139926,0.179473,0.235738
737,0.189050,0.093556,0.067665,0.088359,0.068660,0.083090,0.096628,0.312992
738,0.189724,0.093910,0.067618,0.088133,0.068295,0.082758,0.096324,0.313238
739,0.189779,0.093939,0.067614,0.088116,0.068266,0.082731,0.096299,0.313256
740,0.189598,0.093846,0.067626,0.088173,0.068362,0.082821,0.096382,0.313191
741,0.189607,0.093851,0.067625,0.088169,0.068356,0.082817,0.096379,0.313196
742,0.189602,0.093856,0.067622,0.088158,0.068348,0.082819,0.096386,0.313211
743,0.189730,0.093915,0.067616,0.088129,0.068289,0.082755,0.096322,0.313244
744,0.188996,0.093527,0.067669,0.088376,0.068690,0.083116,0.096653,0.312973
745,0.189734,0.093919,0.067615,0.088125,0.068284,0.082753,0.096322,0.313249
746,0.189723,0.093913,0.067616,0.088128,0.068290,0.082759,0.096327,0.313246
747,0.189731,0.093916,0.067616,0.088129,0.068288,0.082755,0.096321,0.313244
748,0.189314,0.093703,0.067643,0.088256,0.068505,0.082960,0.096515,0.313104
749,0.189749,0.093932,0.067611,0.088111,0.068268,0.082746,0.096318,0.313266
750,0.189750,0.093927,0.067614,0.088120,0.068276,0.082746,0.096314,0.313255
751,0.190455,0.094303,0.067560,0.087864,0.067891,0.082399,0.096011,0.313516
752,0.189588,0.093842,0.067626,0.088173,0.068365,0.082826,0.096388,0.313192
753,0.189340,0.093718,0.067640,0.088247,0.068490,0.082947,0.096503,0.313114
754,0.190436,0.094287,0.067565,0.087881,0.067911,0.082409,0.096015,0.313496
755,0.189549,0.093826,0.067627,0.088181,0.068380,0.082845,0.096408,0.313186
756,0.189565,0.093834,0.067626,0.088175,0.068372,0.082837,0.096400,0.313191
757,0.189710,0.093908,0.067616,0.088129,0.068294,0.082765,0.096333,0.313244
758,0.190545,0.094347,0.067555,0.087839,0.067848,0.082354,0.095969,0.313542
759,0.189751,0.093904,0.067627,0.088159,0.068311,0.082746,0.096298,0.313203
760,0.189760,0.093909,0.067626,0.088157,0.068306,0.082742,0.096294,0.313206
761,0.189752,0.093906,0.067626,0.088157,0.068309,0.082746,0.096299,0.313206
762,0.189608,0.093830,0.067637,0.088205,0.068389,0.082817,0.096364,0.313149
763,0.085621,0.042025,0.061686,0.111737,0.146250,0.136441,0.175886,0.240354
764,0.190415,0.094240,0.067587,0.087951,0.067979,0.082422,0.096001,0.313407
765,0.190426,0.094245,0.067586,0.087948,0.067972,0.082416,0.095995,0.313411
766,0.189786,0.093921,0.067625,0.088150,0.068294,0.082729,0.096282,0.313214
767,0.190543,0.094308,0.067577,0.087905,0.067908,0.082358,0.095945,0.313457
768,0.189782,0.093906,0.067633,0.088173,0.068317,0.082732,0.096275,0.313183
769,0.188993,0.093488,0.067689,0.088441,0.068748,0.083119,0.096629,0.312892
770,0.189753,0.093890,0.067634,0.088183,0.068332,0.082746,0.096288,0.313173
771,0.086567,0.043270,0.062844,0.115136,0.147003,0.137484,0.174075,0.233620
772,0.189727,0.093885,0.067632,0.088178,0.068333,0.082758,0.096305,0.313181
773,0.190683,0.094401,0.067555,0.087819,0.067804,0.082288,0.095900,0.313549
774,0.189746,0.093902,0.067627,0.088160,0.068313,0.082749,0.096301,0.313202
775,0.189755,0.093900,0.067630,0.088167,0.068318,0.082745,0.096293,0.313192
776,0.189740,0.093892,0.067631,0.088173,0.068326,0.082752,0.096299,0.313186
777,0.189755,0.093901,0.067629,0.088167,0.068317,0.082745,0.096293,0.313193
778,0.189739,0.093892,0.067631,0.088173,0.068326,0.082753,0.096300,0.313186
779,0.189735,0.093890,0.067631,0.088174,0.068329,0.082755,0.096302,0.313185
780,0.188941,0.093474,0.067685,0.088436,0.068756,0.083144,0.096662,0.312903
781,0.189746,0.093872,0.067643,0.088210,0.068359,0.082751,0.096282,0.313137
782,0.189763,0.093882,0.067641,0.088202,0.068348,0.082742,0.096275,0.313146
783,0.189736,0.093896,0.067628,0.088164,0.068320,0.082754,0.096305,0.313197
784,0.189074,0.093528,0.067685,0.088418,0.068709,0.083080,0.096592,0.312914
785,0.188882,0.093416,0.067703,0.088499,0.068828,0.083174,0.096671,0.312826
786,0.188791,0.093371,0.067707,0.088524,0.068873,0.083219,0.096715,0.312800
787,0.189732,0.093871,0.067641,0.088204,0.068357,0.082757,0.096292,0.313146
788,0.189377,0.093684,0.067667,0.088324,0.068551,0.082932,0.096452,0.313014
789,0.189749,0.093888,0.067635,0.088184,0.068335,0.082748,0.096290,0.313171
790,0.189773,0.093895,0.067637,0.088187,0.068331,0.082737,0.096276,0.313166
791,0.087210,0.044195,0.063110,0.114737,0.145510,0.138094,0.174626,0.232518
792,0.188496,0.093241,0.067712,0.088577,0.068992,0.083361,0.096865,0.312755
793,0.188489,0.093237,0.067712,0.088579,0.068995,0.083365,0.096869,0.312753
794,0.189273,0.093651,0.067662,0.088323,0.068574,0.082982,0.096513,0.313024
795,0.189739,0.093897,0.067628,0.088164,0.068319,0.082752,0.096304,0.313198
796,0.188431,0.093205,0.067717,0.088601,0.069030,0.083393,0.096894,0.312729
797,0.188446,0.093214,0.067716,0.088594,0.069020,0.083386,0.096888,0.312736
798,0.189773,0.093919,0.067624,0.088146,0.068295,0.082735,0.096291,0.313218
799,0.189732,0.093898,0.067626,0.088158,0.068315,0.082756,0.096310,0.313205
800,0.189750,0.093908,0.067624,0.088151,0.068304,0.082747,0.096303,0.313214
801,0.189388,0.093709,0.067655,0.088289,0.068515,0.082925,0.096458,0.313061
802,0.189394,0.093708,0.067657,0.088293,0.068518,0.082922,0.096453,0.313055
803,0.189724,0.093903,0.067622,0.088146,0.068306,0.082759,0.096319,0.313222
804,0.189707,0.093889,0.067627,0.088159,0.068326,0.082768,0.096326,0.313197
805,0.189682,0.093879,0.067627,0.088162,0.068335,0.082781,0.096339,0.313195
806,0.188331,0.093159,0.067719,0.088621,0.069072,0.083442,0.096945,0.312711
807,0.188915,0.093474,0.067680,0.088422,0.068749,0.083156,0.096682,0.312922
808,0.189722,0.093903,0.067621,0.088145,0.068306,0.082760,0.096321,0.313223
809,0.189708,0.093906,0.067616,0.088132,0.068297,0.082766,0.096333,0.313241
810,0.189710,0.093904,0.067618,0.088137,0.068301,0.082765,0.096331,0.313234
811,0.189617,0.093855,0.067625,0.088167,0.068353,0.082811,0.096374,0.313197
812,0.189730,0.093917,0.067615,0.088126,0.068287,0.082755,0.096323,0.313247
813,0.188855,0.093450,0.067679,0.088429,0.068770,0.083185,0.096714,0.312918
814,0.189718,0.093906,0.067618,0.088137,0.068299,0.082762,0.096326,0.313234
815,0.188301,0.093158,0.067713,0.088606,0.069065,0.083456,0.096969,0.312732
816,0.189726,0.093913,0.067616,0.088130,0.068291,0.082757,0.096324,0.313242
817,0.189136,0.093602,0.067658,0.088329,0.068610,0.083047,0.096589,0.313028
818,0.189726,0.093918,0.067614,0.088122,0.068283,0.082757,0.096327,0.313253
819,0.189104,0.093587,0.067659,0.088338,0.068626,0.083063,0.096604,0.313020
820,0.189741,0.093922,0.067614,0.088122,0.068280,0.082750,0.096319,0.313252
821,0.189724,0.093913,0.067616,0.088129,0.068291,0.082758,0.096326,0.313243
822,0.189152,0.093610,0.067657,0.088325,0.068603,0.083039,0.096581,0.313033
823,0.189730,0.093916,0.067616,0.088127,0.068287,0.082756,0.096323,0.313246
824,0.189196,0.093632,0.067655,0.088312,0.068581,0.083018,0.096561,0.313046
825,0.189736,0.093919,0.067615,0.088124,0.068284,0.082753,0.096321,0.313248
826,0.189732,0.093918,0.067615,0.088126,0.068286,0.082754,0.096322,0.313247
827,0.189753,0.093928,0.067614,0.088120,0.068276,0.082744,0.096312,0.313252
828,0.189174,0.093625,0.067654,0.088312,0.068586,0.083028,0.096573,0.313047
829,0.189714,0.093907,0.067617,0.088133,0.068296,0.082763,0.096330,0.313239
830,0.189745,0.093922,0.067615,0.088125,0.068282,0.082748,0.096315,0.313247
831,0.189773,0.093938,0.067613,0.088114,0.068266,0.082734,0.096303,0.313259
832,0.189736,0.093920,0.067615,0.088124,0.068283,0.082753,0.096321,0.313249
833,0.189216,0.093643,0.067653,0.088305,0.068570,0.083008,0.096552,0.313053
834,0.189197,0.093632,0.067655,0.088313,0.068580,0.083017,0.096559,0.313046
835,0.189736,0.093919,0.067616,0.088126,0.068285,0.082753,0.096320,0.313246
836,0.189723,0.093916,0.067614,0.088124,0.068286,0.082759,0.096328,0.313251
837,0.189156,0.093612,0.067657,0.088324,0.068602,0.083037,0.096579,0.313032
838,0.189732,0.093920,0.067614,0.088121,0.068281,0.082754,0.096324,0.313253
839,0.189049,0.093554,0.067665,0.088362,0.068661,0.083090,0.096626,0.312993
840,0.189761,0.093931,0.067614,0.088119,0.068273,0.082740,0.096308,0.313253
841,0.188988,0.093522,0.067669,0.088381,0.068693,0.083120,0.096655,0.312973
842,0.189050,0.093555,0.067665,0.088360,0.068660,0.083089,0.096627,0.312994
843,0.189719,0.093910,0.067617,0.088132,0.068294,0.082761,0.096327,0.313240
844,0.189729,0.093914,0.067616,0.088130,0.068290,0.082756,0.096322,0.313243
845,0.189389,0.093741,0.067638,0.088235,0.068467,0.082923,0.096479,0.313127
846,0.101993,0.050487,0.059246,0.085713,0.114850,0.124791,0.172698,0.290221
847,0.189379,0.093726,0.067644,0.088255,0.068487,0.082928,0.096477,0.313103
848,0.189745,0.093922,0.067615,0.088125,0.068282,0.082748,0.096315,0.313248
849,0.188965,0.093501,0.067675,0.088404,0.068719,0.083131,0.096659,0.312947
850,0.189368,0.093719,0.067645,0.088260,0.068494,0.082934,0.096482,0.313098
851,0.189366,0.093716,0.067647,0.088264,0.068499,0.082935,0.096481,0.313092
852,0.189731,0.093911,0.067619,0.088137,0.068295,0.082755,0.096318,0.313234
853,0.188989,0.093523,0.067668,0.088380,0.068691,0.083119,0.096654,0.312976
854,0.189008,0.093525,0.067671,0.088388,0.068694,0.083110,0.096640,0.312964
855,0.189370,0.093733,0.067639,0.088239,0.068475,0.082932,0.096489,0.313124
856,0.189779,0.093899,0.067636,0.088182,0.068326,0.082734,0.096274,0.313170
857,0.086227,0.042846,0.062531,0.114212,0.147107,0.137175,0.174593,0.235309
858,0.189762,0.093901,0.067631,0.088170,0.068318,0.082741,0.096288,0.313189
859,0.189773,0.093907,0.067630,0.088166,0.068313,0.082736,0.096283,0.313192
860,0.189392,0.093706,0.067658,0.088296,0.068521,0.082924,0.096454,0.313050
861,0.189158,0.093581,0.067674,0.088376,0.068648,0.083038,0.096558,0.312967
862,0.189779,0.093911,0.067629,0.088163,0.068308,0.082733,0.096281,0.313196
863,0.189811,0.093929,0.067626,0.088150,0.068290,0.082717,0.096268,0.313209
864,0.189808,0.093927,0.067626,0.088151,0.068291,0.082719,0.096269,0.313209
865,0.189659,0.093850,0.067637,0.088199,0.068372,0.082793,0.096338,0.313153
866,0.189655,0.093850,0.067637,0.088198,0.068372,0.082795,0.096341,0.313155
867,0.189068,0.093549,0.067672,0.088382,0.068674,0.083081,0.096607,0.312967
868,0.189652,0.093869,0.067625,0.088163,0.068341,0.082795,0.096355,0.313199
869,0.189754,0.093925,0.067616,0.088126,0.068281,0.082744,0.096309,0.313245
870,0.189768,0.093935,0.067614,0.088116,0.068269,0.082737,0.096305,0.313257
871,0.189621,0.093856,0.067626,0.088168,0.068353,0.082810,0.096371,0.313195
872,0.088141,0.046240,0.061294,0.103101,0.134371,0.138942,0.183391,0.244521
873,0.189750,0.093917,0.067619,0.088136,0.068291,0.082746,0.096308,0.313232
874,0.189739,0.093915,0.067618,0.088134,0.068291,0.082751,0.096315,0.313237
875,0.189604,0.093849,0.067626,0.088172,0.068360,0.082818,0.096379,0.313192
876,0.189727,0.093909,0.067619,0.088138,0.068298,0.082757,0.096320,0.313231
877,0.189653,0.093876,0.067622,0.088152,0.068331,0.082794,0.096360,0.313213
878,0.189383,0.093727,0.067644,0.088256,0.068487,0.082927,0.096475,0.313102
879,0.189772,0.093931,0.067616,0.088124,0.068275,0.082735,0.096300,0.313246
880,0.189397,0.093738,0.067641,0.088244,0.068473,0.082920,0.096471,0.313116
881,0.189019,0.093538,0.067667,0.088373,0.068678,0.083105,0.096640,0.312982
882,0.188966,0.093510,0.067671,0.088390,0.068706,0.083130,0.096663,0.312964
883,0.189731,0.093915,0.067616,0.088129,0.068289,0.082755,0.096321,0.313242
884,0.188789,0.093418,0.067682,0.088444,0.068800,0.083217,0.096746,0.312903
885,0.188974,0.093516,0.067669,0.088384,0.068698,0.083127,0.096662,0.312971
886,0.189643,0.093870,0.067623,0.088158,0.068338,0.082799,0.096363,0.313206
887,0.189730,0.093909,0.067620,0.088139,0.068298,0.082756,0.096318,0.313230
888,0.091565,0.049168,0.065485,0.118252,0.140898,0.140110,0.171837,0.222684
889,0.189744,0.093927,0.067613,0.088116,0.068274,0.082748,0.096319,0.313259
890,0.189737,0.093924,0.067613,0.088118,0.068278,0.082752,0.096323,0.313257
891,0.189405,0.093749,0.067637,0.088230,0.068459,0.082915,0.096472,0.313132
892,0.189018,0.093544,0.067663,0.088361,0.068668,0.083105,0.096645,0.312996
893,0.189731,0.093920,0.067614,0.088121,0.068281,0.082755,0.096325,0.313254
894,0.189576,0.093840,0.067625,0.088171,0.068366,0.082831,0.096396,0.313195
895,0.189720,0.093915,0.067614,0.088124,0.068287,0.082760,0.096330,0.313250
896,0.189746,0.093927,0.067613,0.088117,0.068275,0.082747,0.096317,0.313257
897,0.189744,0.093924,0.067614,0.088121,0.068279,0.082749,0.096317,0.313252
898,0.188986,0.093522,0.067668,0.088380,0.068692,0.083121,0.096656,0.312975
899,0.189736,0.093919,0.067615,0.088125,0.068285,0.082752,0.096320,0.313247
900,0.189783,0.093944,0.067612,0.088109,0.068259,0.082729,0.096300,0.313265
901,0.189704,0.093902,0.067618,0.088136,0.068302,0.082768,0.096334,0.313235
902,0.189397,0.093740,0.067640,0.088241,0.068470,0.082920,0.096472,0.313120
903,0.189114,0.093591,0.067659,0.088336,0.068622,0.083058,0.096599,0.313022
904,0.189736,0.093919,0.067615,0.088125,0.068284,0.082753,0.096320,0.313247
905,0.189726,0.093913,0.067616,0.088130,0.068291,0.082757,0.096324,0.313242
906,0.189615,0.093857,0.067624,0.088164,0.068350,0.082812,0.096376,0.313202
907,0.189606,0.093852,0.067625,0.088166,0.068355,0.082817,0.096381,0.313199
908,0.189604,0.093851,0.067625,0.088168,0.068356,0.082818,0.096381,0.313197
909,0.189600,0.093848,0.067625,0.088170,0.068359,0.082820,0.096383,0.313195
910,0.181637,0.089988,0.068426,0.089335,0.073824,0.086956,0.101575,0.308259
911,0.189404,0.093743,0.067640,0.088239,0.068467,0.082916,0.096469,0.313121
912,0.189602,0.093851,0.067625,0.088167,0.068356,0.082819,0.096382,0.313198
913,0.189741,0.093922,0.067615,0.088123,0.068282,0.082750,0.096318,0.313249
914,0.189733,0.093926,0.067611,0.088113,0.068274,0.082753,0.096327,0.313264
915,0.188897,0.093475,0.067675,0.088410,0.068742,0.083164,0.096697,0.312939
916,0.189611,0.093855,0.067624,0.088165,0.068352,0.082814,0.096378,0.313200
917,0.189739,0.093921,0.067615,0.088124,0.068283,0.082751,0.096319,0.313249
918,0.189741,0.093922,0.067615,0.088123,0.068281,0.082750,0.096318,0.313250
919,0.189620,0.093859,0.067624,0.088163,0.068348,0.082810,0.096374,0.313202
920,0.088979,0.046893,0.062872,0.109405,0.137982,0.139514,0.178846,0.235509
921,0.189752,0.093925,0.067616,0.088125,0.068280,0.082745,0.096311,0.313247
922,0.189783,0.093939,0.067614,0.088117,0.068266,0.082730,0.096296,0.313255
923,0.089277,0.047351,0.062778,0.108197,0.136649,0.139685,0.179734,0.236329
924,0.189186,0.093622,0.067658,0.088323,0.068593,0.083023,0.096562,0.313032
925,0.189653,0.093870,0.067625,0.088162,0.068340,0.082794,0.096355,0.313201
926,0.189618,0.093852,0.067627,0.088173,0.068357,0.082811,0.096371,0.313190
927,0.189740,0.093914,0.067619,0.088135,0.068293,0.082751,0.096314,0.313234
928,0.189758,0.093924,0.067617,0.088129,0.068282,0.082742,0.096306,0.313242
929,0.189764,0.093929,0.067616,0.088124,0.068277,0.082739,0.096304,0.313246
930,0.189384,0.093728,0.067644,0.088254,0.068485,0.082926,0.096475,0.313104
931,0.189609,0.093850,0.067627,0.088172,0.068359,0.082816,0.096376,0.313191
932,0.189795,0.093946,0.067614,0.088112,0.068259,0.082724,0.096291,0.313259
933,0.189769,0.093933,0.067615,0.088120,0.068272,0.082737,0.096303,0.313251
934,0.189088,0.093571,0.067664,0.088354,0.068645,0.083071,0.096607,0.313000
935,0.189773,0.093937,0.067613,0.088115,0.068266,0.082735,0.096303,0.313258
936,0.189602,0.093847,0.067627,0.088173,0.068362,0.082819,0.096380,0.313190
937,0.189738,0.093919,0.067616,0.088127,0.068286,0.082751,0.096318,0.313245
938,0.189410,0.093746,0.067640,0.088239,0.068465,0.082913,0.096466,0.313121
939,0.189405,0.093742,0.067641,0.088242,0.068469,0.082916,0.096467,0.313118
940,0.189598,0.093846,0.067626,0.088172,0.068362,0.082821,0.096383,0.313192
941,0.189744,0.093922,0.067616,0.088125,0.068283,0.082749,0.096316,0.313246
942,0.089629,0.047689,0.063118,0.109388,0.136903,0.139844,0.178822,0.234606
943,0.189765,0.093935,0.067613,0.088114,0.068268,0.082738,0.096308,0.313259
944,0.189607,0.093850,0.067626,0.088171,0.068358,0.082816,0.096378,0.313193
945,0.189348,0.093712,0.067645,0.088261,0.068500,0.082944,0.096493,0.313097
946,0.189682,0.093890,0.067621,0.088144,0.068318,0.082780,0.096346,0.313220
947,0.189291,0.093681,0.067650,0.088282,0.068533,0.082972,0.096518,0.313074
948,0.189707,0.093901,0.067619,0.088139,0.068304,0.082767,0.096331,0.313231
949,0.189738,0.093918,0.067617,0.088129,0.068287,0.082752,0.096318,0.313243
950,0.189784,0.093942,0.067613,0.088113,0.068262,0.082729,0.096297,0.313259
951,0.189735,0.093919,0.067615,0.088126,0.068285,0.082753,0.096320,0.313247
952,0.189663,0.093886,0.067619,0.088142,0.068319,0.082788,0.096357,0.313226
953,0.189195,0.093634,0.067654,0.088308,0.068579,0.083019,0.096563,0.313048
954,0.189712,0.093907,0.067617,0.088132,0.068297,0.082764,0.096331,0.313240
955,0.189129,0.093597,0.067659,0.088333,0.068617,0.083051,0.096592,0.313021
956,0.189077,0.093571,0.067662,0.088348,0.068642,0.083076,0.096615,0.313008
957,0.189748,0.093926,0.067614,0.088120,0.068277,0.082746,0.096315,0.313253
958,0.188969,0.093513,0.067670,0.088386,0.068702,0.083129,0.096664,0.312967
959,0.189743,0.093923,0.067615,0.088122,0.068280,0.082749,0.096317,0.313250
960,0.188985,0.093527,0.067666,0.088373,0.068686,0.083121,0.096659,0.312984
961,0.188989,0.093523,0.067668,0.088380,0.068692,0.083119,0.096655,0.312974
962,0.189721,0.093912,0.067616,0.088130,0.068292,0.082760,0.096327,0.313242
963,0.189732,0.093917,0.067616,0.088126,0.068287,0.082755,0.096322,0.313246
964,0.189742,0.093922,0.067615,0.088123,0.068281,0.082750,0.096318,0.313250
965,0.189748,0.093926,0.067614,0.088121,0.068278,0.082746,0.096315,0.313252
966,0.189649,0.093873,0.067623,0.088155,0.068334,0.082796,0.096360,0.313211
967,0.189070,0.093568,0.067662,0.088349,0.068646,0.083080,0.096620,0.313005
968,0.189746,0.093924,0.067615,0.088122,0.068279,0.082748,0.096316,0.313251
969,0.188933,0.093494,0.067671,0.088397,0.068720,0.083147,0.096680,0.312957
970,0.189732,0.093918,0.067615,0.088125,0.068285,0.082754,0.096323,0.313248
971,0.188950,0.093503,0.067671,0.088392,0.068712,0.083138,0.096672,0.312962
972,0.188989,0.093524,0.067668,0.088379,0.068691,0.083119,0.096655,0.312975
973,0.189755,0.093929,0.067614,0.088119,0.068275,0.082743,0.096311,0.313253
974,0.189587,0.093841,0.067627,0.088175,0.068367,0.082826,0.096388,0.313190
975,0.189040,0.093551,0.067665,0.088361,0.068663,0.083094,0.096632,0.312992
976,0.189751,0.093931,0.067612,0.088113,0.068270,0.082745,0.096316,0.313262
977,0.122335,0.058973,0.063068,0.089984,0.106279,0.113898,0.147580,0.297883
978,0.188991,0.093513,0.067674,0.088399,0.068708,0.083118,0.096645,0.312950
979,0.189727,0.093902,0.067623,0.088149,0.068308,0.082757,0.096316,0.313218
980,0.189717,0.093897,0.067623,0.088152,0.068313,0.082763,0.096321,0.313215
981,0.189754,0.093916,0.067621,0.088139,0.068293,0.082744,0.096304,0.313228
982,0.189075,0.093557,0.067669,0.088371,0.068663,0.083078,0.096608,0.312980
983,0.189739,0.093909,0.067622,0.088144,0.068301,0.082752,0.096311,0.313223
984,0.189748,0.093914,0.067621,0.088140,0.068295,0.082747,0.096307,0.313228
985,0.189538,0.093803,0.067637,0.088212,0.068412,0.082851,0.096402,0.313146
986,0.189731,0.093917,0.067616,0.088127,0.068287,0.082755,0.096322,0.313245
987,0.189543,0.093819,0.067629,0.088189,0.068389,0.082848,0.096408,0.313175
988,0.189008,0.093534,0.067667,0.088373,0.068681,0.083110,0.096646,0.312982
989,0.189546,0.093817,0.067631,0.088193,0.068392,0.082846,0.096405,0.313170
990,0.189506,0.093798,0.067633,0.088203,0.068411,0.082866,0.096424,0.313159
991,0.189061,0.093562,0.067663,0.088355,0.068652,0.083084,0.096622,0.313000
992,0.089954,0.047740,0.064003,0.113345,0.139632,0.139821,0.175813,0.229692
993,0.189732,0.093906,0.067622,0.088145,0.068303,0.082755,0.096315,0.313222
994,0.189741,0.093911,0.067621,0.088142,0.068298,0.082751,0.096311,0.313226
995,0.189743,0.093912,0.067621,0.088141,0.068297,0.082749,0.096310,0.313227
996,0.148711,0.072073,0.066907,0.092414,0.092734,0.101898,0.123580,0.301684
997,0.189747,0.093911,0.067622,0.088144,0.068299,0.082748,0.096306,0.313223
998,0.189775,0.093926,0.067620,0.088134,0.068284,0.082734,0.096294,0.313233
999,0.189745,0.093910,0.067622,0.088145,0.068300,0.082749,0.096307,0.313222
1000,0.189255,0.093650,0.067658,0.088315,0.068568,0.082989,0.096525,0.313041
1001,0.189293,0.093671,0.067654,0.088299,0.068546,0.082970,0.096508,0.313057
1002,0.189742,0.093910,0.067621,0.088143,0.068299,0.082750,0.096309,0.313224
1003,0.189276,0.093663,0.067655,0.088305,0.068554,0.082979,0.096516,0.313051
1004,0.189735,0.093906,0.067622,0.088147,0.068304,0.082753,0.096312,0.313220
1005,0.189250,0.093662,0.067650,0.088292,0.068549,0.082991,0.096536,0.313068
1006,0.189755,0.093928,0.067614,0.088120,0.068275,0.082743,0.096311,0.313252
1007,0.189276,0.093675,0.067649,0.088285,0.068536,0.082978,0.096524,0.313076
1008,0.189756,0.093929,0.067614,0.088120,0.068275,0.082743,0.096311,0.313253
1009,0.189288,0.093681,0.067648,0.088281,0.068531,0.082973,0.096519,0.313079
1010,0.189740,0.093920,0.067616,0.088125,0.068284,0.082751,0.096318,0.313247
1011,0.189275,0.093674,0.067649,0.088285,0.068537,0.082979,0.096525,0.313076
1012,0.189733,0.093917,0.067616,0.088128,0.068287,0.082754,0.096321,0.313244
1013,0.189732,0.093916,0.067616,0.088128,0.068288,0.082755,0.096322,0.313244
1014,0.189744,0.093922,0.067615,0.088124,0.068282,0.082748,0.096316,0.313248
1015,0.189279,0.093676,0.067649,0.088284,0.068536,0.082977,0.096523,0.313075
1016,0.189285,0.093679,0.067649,0.088283,0.068533,0.082975,0.096521,0.313077
1017,0.189735,0.093917,0.067616,0.088128,0.068287,0.082753,0.096320,0.313244
1018,0.189293,0.093683,0.067648,0.088280,0.068529,0.082970,0.096517,0.313080
1019,0.189729,0.093914,0.067616,0.088130,0.068290,0.082756,0.096322,0.313242
1020,0.189748,0.093924,0.067615,0.088123,0.068280,0.082747,0.096314,0.313249
1021,0.189259,0.093666,0.067650,0.088290,0.068546,0.082987,0.096532,0.313069
1022,0.189206,0.093638,0.067654,0.088307,0.068575,0.083013,0.096557,0.313050
1023,0.189439,0.093762,0.067638,0.088227,0.068449,0.082899,0.096454,0.313133
1024,0.189747,0.093923,0.067615,0.088124,0.068281,0.082747,0.096314,0.313248
1025,0.189241,0.093658,0.067651,0.088294,0.068554,0.082996,0.096542,0.313064
1026,0.189126,0.093596,0.067659,0.088334,0.068618,0.083052,0.096593,0.313021
1027,0.189719,0.093911,0.067616,0.088131,0.068293,0.082761,0.096328,0.313242
1028,0.189235,0.093654,0.067652,0.088296,0.068558,0.082999,0.096545,0.313061
1029,0.189080,0.093573,0.067662,0.088347,0.068640,0.083075,0.096615,0.313009
1030,0.189735,0.093919,0.067615,0.088125,0.068284,0.082753,0.096321,0.313248
1031,0.189421,0.093753,0.067638,0.088231,0.068457,0.082908,0.096463,0.313129
1032,0.189098,0.093582,0.067660,0.088341,0.068631,0.083066,0.096607,0.313016
1033,0.189189,0.093631,0.067654,0.088310,0.068582,0.083021,0.096566,0.313047
1034,0.189762,0.093932,0.067614,0.088118,0.068272,0.082740,0.096308,0.313255
1035,0.189772,0.093938,0.067613,0.088113,0.068265,0.082735,0.096304,0.313260
1036,0.189734,0.093924,0.067613,0.088117,0.068277,0.082753,0.096324,0.313258
1037,0.189443,0.093766,0.067636,0.088222,0.068443,0.082897,0.096453,0.313139
1038,0.189735,0.093918,0.067616,0.088126,0.068285,0.082753,0.096321,0.313246
1039,0.189796,0.093951,0.067611,0.088105,0.068252,0.082723,0.096293,0.313268
1040,0.189447,0.093768,0.067636,0.088221,0.068441,0.082895,0.096451,0.313140
1041,0.189719,0.093915,0.067614,0.088123,0.068287,0.082761,0.096331,0.313251
1042,0.189480,0.093787,0.067633,0.088207,0.068421,0.082879,0.096438,0.313156
1043,0.189737,0.093919,0.067615,0.088125,0.068284,0.082752,0.096320,0.313247
1044,0.188991,0.093524,0.067668,0.088380,0.068690,0.083118,0.096653,0.312975
1045,0.189746,0.093924,0.067615,0.088122,0.068279,0.082747,0.096315,0.313250
1046,0.189302,0.093690,0.067647,0.088272,0.068521,0.082966,0.096516,0.313086
1047,0.189723,0.093911,0.067617,0.088132,0.068294,0.082759,0.096325,0.313239
1048,0.189561,0.093825,0.067630,0.088188,0.068384,0.082839,0.096398,0.313175
1049,0.189789,0.093946,0.067612,0.088109,0.068257,0.082726,0.096296,0.313264
1050,0.189597,0.093845,0.067627,0.088174,0.068364,0.082821,0.096382,0.313189
1051,0.189726,0.093913,0.067617,0.088130,0.068291,0.082757,0.096324,0.313241
1052,0.189139,0.093601,0.067659,0.088332,0.068613,0.083046,0.096587,0.313023
1053,0.189544,0.093817,0.067631,0.088193,0.068392,0.082847,0.096406,0.313170
1054,0.188949,0.093501,0.067672,0.088396,0.068715,0.083139,0.096671,0.312957
1055,0.189735,0.093917,0.067616,0.088128,0.068288,0.082753,0.096319,0.313243
1056,0.188945,0.093499,0.067672,0.088396,0.068717,0.083141,0.096673,0.312957
1057,0.189563,0.093827,0.067629,0.088186,0.068382,0.082838,0.096397,0.313178
1058,0.189535,0.093812,0.067631,0.088195,0.068397,0.082852,0.096410,0.313167
1059,0.189524,0.093807,0.067631,0.088198,0.068402,0.082857,0.096415,0.313165
1060,0.189564,0.093828,0.067629,0.088185,0.068381,0.082837,0.096397,0.313179
1061,0.189755,0.093928,0.067615,0.088122,0.068277,0.082743,0.096310,0.313250
1062,0.189742,0.093923,0.067615,0.088122,0.068281,0.082749,0.096318,0.313250
1063,0.189080,0.093572,0.067663,0.088349,0.068644,0.083075,0.096614,0.313004
1064,0.189765,0.093933,0.067614,0.088117,0.068271,0.082738,0.096307,0.313255
1065,0.189582,0.093836,0.067628,0.088181,0.068373,0.082829,0.096388,0.313183
1066,0.189720,0.093910,0.067617,0.088132,0.068295,0.082760,0.096326,0.313239
1067,0.189644,0.093869,0.067624,0.088160,0.068339,0.082798,0.096360,0.313206
1068,0.189060,0.093563,0.067663,0.088353,0.068652,0.083085,0.096624,0.313000
1069,0.189741,0.093922,0.067615,0.088124,0.068282,0.082750,0.096318,0.313248
1070,0.189567,0.093828,0.067629,0.088185,0.068380,0.082836,0.096396,0.313178
1071,0.189750,0.093925,0.067615,0.088124,0.068280,0.082746,0.096313,0.313248
1072,0.189110,0.093587,0.067661,0.088339,0.068628,0.083060,0.096601,0.313013
1073,0.189551,0.093819,0.067631,0.088192,0.068390,0.082844,0.096402,0.313170
1074,0.189739,0.093919,0.067616,0.088127,0.068286,0.082751,0.096318,0.313244
1075,0.189736,0.093918,0.067616,0.088127,0.068287,0.082753,0.096319,0.313244
1076,0.189544,0.093818,0.067630,0.088190,0.068390,0.082847,0.096407,0.313174
1077,0.189770,0.093934,0.067614,0.088118,0.068270,0.082736,0.096303,0.313253
1078,0.189721,0.093910,0.067617,0.088133,0.068295,0.082760,0.096326,0.313238
1079,0.189752,0.093925,0.067615,0.088123,0.068279,0.082745,0.096312,0.313248
1080,0.189480,0.093783,0.067635,0.088215,0.068428,0.082879,0.096434,0.313146
1081,0.189751,0.093925,0.067616,0.088124,0.068280,0.082745,0.096312,0.313248
1082,0.189167,0.093614,0.067658,0.088326,0.068600,0.083032,0.096572,0.313031
1083,0.189748,0.093924,0.067616,0.088124,0.068281,0.082746,0.096313,0.313247
1084,0.133032,0.063945,0.064814,0.091712,0.101075,0.108831,0.136704,0.299886
1085,0.188893,0.093459,0.067682,0.088433,0.068764,0.083167,0.096690,0.312911
1086,0.189173,0.093605,0.067664,0.088344,0.068614,0.083030,0.096561,0.313009
1087,0.189057,0.093546,0.067671,0.088378,0.068675,0.083087,0.096616,0.312969
1088,0.189742,0.093908,0.067623,0.088147,0.068302,0.082750,0.096308,0.313220
1089,0.189753,0.093915,0.067621,0.088142,0.068296,0.082745,0.096304,0.313225
1090,0.189777,0.093926,0.067620,0.088136,0.068284,0.082733,0.096293,0.313231
1091,0.189752,0.093914,0.067622,0.088143,0.068297,0.082745,0.096304,0.313224
1092,0.189582,0.093824,0.067634,0.088200,0.068390,0.082829,0.096381,0.313159
1093,0.189769,0.093934,0.067614,0.088117,0.068270,0.082736,0.096304,0.313255
1094,0.188988,0.093527,0.067666,0.088374,0.068686,0.083120,0.096657,0.312983
1095,0.189746,0.093924,0.067615,0.088124,0.068281,0.082747,0.096315,0.313248
1096,0.189729,0.093914,0.067617,0.088130,0.068290,0.082756,0.096322,0.313242
1097,0.188983,0.093521,0.067669,0.088380,0.068694,0.083122,0.096658,0.312972
1098,0.189747,0.093922,0.067616,0.088126,0.068282,0.082747,0.096313,0.313245
1099,0.189623,0.093859,0.067625,0.088165,0.068349,0.082808,0.096371,0.313201
1100,0.189745,0.093921,0.067616,0.088126,0.068284,0.082748,0.096315,0.313245
1101,0.189759,0.093932,0.067613,0.088116,0.068271,0.082741,0.096310,0.313257
1102,0.189623,0.093861,0.067624,0.088162,0.068346,0.082808,0.096372,0.313204
1103,0.189757,0.093931,0.067613,0.088116,0.068271,0.082742,0.096311,0.313257
1104,0.189625,0.093860,0.067624,0.088164,0.068348,0.082808,0.096371,0.313201
1105,0.189772,0.093939,0.067612,0.088110,0.068263,0.082735,0.096305,0.313263
1106,0.189773,0.093940,0.067612,0.088110,0.068262,0.082734,0.096305,0.313263
1107,0.189573,0.093835,0.067627,0.088177,0.068372,0.082833,0.096395,0.313188
1108,0.189593,0.093844,0.067627,0.088174,0.068364,0.082823,0.096385,0.313190
1109,0.189776,0.093939,0.067613,0.088114,0.068265,0.082733,0.096301,0.313259
1110,0.188986,0.093518,0.067671,0.088386,0.068700,0.083121,0.096654,0.312963
1111,0.188873,0.093461,0.067677,0.088420,0.068757,0.083176,0.096707,0.312929
1112,0.189438,0.093758,0.067640,0.088233,0.068454,0.082900,0.096452,0.313125
1113,0.189583,0.093838,0.067627,0.088178,0.068369,0.082828,0.096389,0.313187
1114,0.189732,0.093909,0.067620,0.088140,0.068298,0.082755,0.096317,0.313229
1115,0.189494,0.093785,0.067637,0.088219,0.068429,0.082872,0.096425,0.313139
1116,0.189750,0.093925,0.067615,0.088124,0.068280,0.082745,0.096312,0.313248
1117,0.189032,0.093548,0.067665,0.088363,0.068667,0.083098,0.096637,0.312990
1118,0.188968,0.093503,0.067674,0.088402,0.068716,0.083130,0.096658,0.312949
1119,0.189568,0.093829,0.067629,0.088184,0.068379,0.082835,0.096395,0.313179
1120,0.189745,0.093923,0.067615,0.088123,0.068280,0.082748,0.096316,0.313250
1121,0.089501,0.047321,0.063562,0.111936,0.139205,0.139686,0.176921,0.231868
1122,0.189762,0.093931,0.067615,0.088120,0.068273,0.082740,0.096307,0.313252
1123,0.189562,0.093826,0.067629,0.088187,0.068383,0.082839,0.096398,0.313177
1124,0.189560,0.093824,0.067630,0.088188,0.068385,0.082839,0.096398,0.313175
1125,0.189036,0.093546,0.067667,0.088368,0.068671,0.083097,0.096633,0.312984
1126,0.086510,0.043369,0.062311,0.112636,0.144776,0.137558,0.175908,0.236933
1127,0.189770,0.093929,0.067617,0.088126,0.068277,0.082736,0.096300,0.313244
1128,0.190108,0.094112,0.067592,0.088001,0.068094,0.082571,0.096157,0.313365
1129,0.189736,0.093911,0.067620,0.088140,0.068297,0.082753,0.096314,0.313230
1130,0.189503,0.093790,0.067636,0.088215,0.068422,0.082868,0.096421,0.313146
1131,0.189525,0.093798,0.067636,0.088213,0.068415,0.082857,0.096409,0.313147
1132,0.189776,0.093936,0.067614,0.088118,0.068269,0.082733,0.096300,0.313254
1133,0.189564,0.093823,0.067631,0.088193,0.068388,0.082838,0.096394,0.313169
1134,0.189558,0.093823,0.067630,0.088190,0.068386,0.082840,0.096398,0.313174
1135,0.189735,0.093890,0.067631,0.088173,0.068328,0.082754,0.096302,0.313185
1136,0.189589,0.093811,0.067643,0.088226,0.068412,0.082827,0.096368,0.313124
1137,0.189746,0.093888,0.067634,0.088183,0.068334,0.082750,0.096292,0.313172
1138,0.189585,0.093809,0.067643,0.088228,0.068414,0.082829,0.096369,0.313123
1139,0.188985,0.093523,0.067667,0.088378,0.068690,0.083121,0.096658,0.312977
1140,0.189752,0.093932,0.067612,0.088112,0.068269,0.082744,0.096316,0.313263
1141,0.189737,0.093917,0.067617,0.088129,0.068288,0.082752,0.096318,0.313242
1142,0.188960,0.093516,0.067666,0.088377,0.068696,0.083133,0.096672,0.312980
1143,0.189578,0.093835,0.067628,0.088181,0.068374,0.082831,0.096391,0.313184
1144,0.189748,0.093930,0.067612,0.088113,0.068271,0.082746,0.096318,0.313262
1145,0.189628,0.093861,0.067624,0.088164,0.068346,0.082806,0.096369,0.313202
1146,0.189735,0.093921,0.067614,0.088121,0.068281,0.082753,0.096323,0.313253
1147,0.188982,0.093524,0.067667,0.088375,0.068689,0.083122,0.096660,0.312981
1148,0.189725,0.093917,0.067614,0.088123,0.068285,0.082758,0.096327,0.313250
1149,0.189790,0.093946,0.067612,0.088109,0.068258,0.082726,0.096295,0.313263
1150,0.173243,0.084955,0.068486,0.091844,0.078806,0.090750,0.105724,0.306193
1151,0.189623,0.093863,0.067622,0.088158,0.068342,0.082808,0.096374,0.313210
1152,0.189697,0.093897,0.067620,0.088142,0.068310,0.082772,0.096337,0.313226
1153,0.189751,0.093927,0.067614,0.088121,0.068277,0.082745,0.096313,0.313252
1154,0.189623,0.093859,0.067624,0.088165,0.068348,0.082808,0.096370,0.313202
1155,0.189670,0.093883,0.067621,0.088151,0.068324,0.082785,0.096349,0.313218
1156,0.189657,0.093876,0.067622,0.088155,0.068330,0.082791,0.096354,0.313213
1157,0.189747,0.093923,0.067615,0.088124,0.068281,0.082747,0.096314,0.313248
1158,0.189729,0.093914,0.067617,0.088130,0.068290,0.082756,0.096322,0.313242
1159,0.189776,0.093938,0.067614,0.088115,0.068266,0.082733,0.096301,0.313258
1160,0.189673,0.093884,0.067621,0.088150,0.068322,0.082784,0.096347,0.313219
1161,0.189766,0.093933,0.067614,0.088118,0.068271,0.082738,0.096306,0.313254
1162,0.189678,0.093886,0.067621,0.088150,0.068321,0.082782,0.096345,0.313218
1163,0.189761,0.093932,0.067614,0.088118,0.068272,0.082740,0.096309,0.313255
1164,0.189757,0.093928,0.067615,0.088121,0.068276,0.082742,0.096310,0.313251
1165,0.189082,0.093571,0.067663,0.088351,0.068644,0.083074,0.096611,0.313004
1166,0.189764,0.093932,0.067614,0.088119,0.068272,0.082739,0.096307,0.313254
1167,0.189075,0.093572,0.067661,0.088347,0.068641,0.083077,0.096617,0.313011
1168,0.189604,0.093848,0.067626,0.088173,0.068360,0.082818,0.096379,0.313192
1169,0.189587,0.093843,0.067625,0.088172,0.068363,0.082826,0.096389,0.313195
1170,0.189146,0.093604,0.067659,0.088332,0.068611,0.083043,0.096582,0.313024
1171,0.189766,0.093934,0.067614,0.088118,0.068270,0.082738,0.096306,0.313255
1172,0.189752,0.093926,0.067615,0.088122,0.068278,0.082745,0.096312,0.313250
1173,0.189212,0.093639,0.067655,0.088310,0.068575,0.083010,0.096551,0.313048
1174,0.189057,0.093562,0.067662,0.088352,0.068650,0.083086,0.096625,0.313005
1175,0.189745,0.093922,0.067616,0.088126,0.068283,0.082748,0.096315,0.313246
1176,0.189739,0.093918,0.067617,0.088129,0.068287,0.082751,0.096317,0.313243
1177,0.189729,0.093918,0.067614,0.088123,0.068284,0.082756,0.096325,0.313251
1178,0.189069,0.093564,0.067664,0.088356,0.068651,0.083080,0.096617,0.312999
1179,0.189620,0.093856,0.067625,0.088168,0.068352,0.082810,0.096371,0.313198
1180,0.189753,0.093932,0.067612,0.088113,0.068270,0.082744,0.096315,0.313261
1181,0.188895,0.093473,0.067675,0.088411,0.068744,0.083166,0.096698,0.312938
1182,0.189598,0.093845,0.067626,0.088174,0.068362,0.082821,0.096382,0.313192
1183,0.189035,0.093552,0.067663,0.088358,0.068660,0.083097,0.096636,0.313000
1184,0.189766,0.093933,0.067614,0.088118,0.068271,0.082738,0.096306,0.313254
1185,0.088084,0.045384,0.058551,0.091889,0.126834,0.135930,0.188867,0.264461
1186,0.189727,0.093909,0.067619,0.088137,0.068297,0.082757,0.096321,0.313233
1187,0.189593,0.093842,0.067627,0.088177,0.068366,0.082823,0.096383,0.313189
1188,0.088390,0.046641,0.061137,0.101779,0.132950,0.139044,0.184361,0.245698
1189,0.189580,0.093830,0.067631,0.088190,0.068381,0.082830,0.096386,0.313173
1190,0.189732,0.093910,0.067619,0.088138,0.068296,0.082755,0.096317,0.313232
1191,0.189618,0.093851,0.067628,0.088176,0.068359,0.082811,0.096369,0.313188
1192,0.189748,0.093918,0.067619,0.088134,0.068290,0.082747,0.096310,0.313235
1193,0.189101,0.093576,0.067664,0.088355,0.068641,0.083065,0.096599,0.313000
1194,0.189742,0.093919,0.067617,0.088129,0.068287,0.082750,0.096315,0.313242
1195,0.189608,0.093847,0.067627,0.088176,0.068362,0.082816,0.096375,0.313188
1196,0.189034,0.093545,0.067667,0.088368,0.068672,0.083097,0.096633,0.312983
1197,0.189789,0.093946,0.067612,0.088108,0.068257,0.082726,0.096296,0.313265
1198,0.189709,0.093904,0.067618,0.088135,0.068300,0.082766,0.096332,0.313236
1199,0.189022,0.093540,0.067666,0.088370,0.068674,0.083103,0.096639,0.312985
1200,0.189756,0.093928,0.067615,0.088120,0.068275,0.082743,0.096311,0.313252
1201,0.189735,0.093918,0.067616,0.088127,0.068286,0.082753,0.096320,0.313245
1202,0.189793,0.093949,0.067612,0.088107,0.068255,0.082724,0.096295,0.313267
1203,0.189636,0.093866,0.067624,0.088161,0.068342,0.082802,0.096365,0.313205
1204,0.189573,0.093833,0.067628,0.088182,0.068375,0.082833,0.096393,0.313183
1205,0.189334,0.093704,0.067646,0.088267,0.068507,0.082950,0.096498,0.313094
1206,0.189243,0.093656,0.067652,0.088298,0.068557,0.082995,0.096539,0.313061
1207,0.189750,0.093930,0.067612,0.088114,0.068271,0.082746,0.096316,0.313260
1208,0.189742,0.093921,0.067615,0.088124,0.068282,0.082750,0.096317,0.313248
1209,0.189769,0.093940,0.067611,0.088107,0.068261,0.082736,0.096308,0.313268
1210,0.189743,0.093921,0.067616,0.088126,0.068283,0.082749,0.096316,0.313246
1211,0.189714,0.093906,0.067618,0.088136,0.068299,0.082763,0.096329,0.313236
1212,0.189725,0.093912,0.067617,0.088132,0.068293,0.082758,0.096324,0.313240
1213,0.189579,0.093835,0.067628,0.088180,0.068373,0.082830,0.096390,0.313184
1214,0.189757,0.093934,0.067612,0.088112,0.068268,0.082742,0.096313,0.313263
1215,0.189600,0.093847,0.067626,0.088173,0.068360,0.082820,0.096381,0.313193
1216,0.189620,0.093863,0.067622,0.088157,0.068342,0.082809,0.096375,0.313212
1217,0.189807,0.093955,0.067611,0.088103,0.068248,0.082718,0.096288,0.313270
1218,0.189712,0.093905,0.067618,0.088135,0.068299,0.082765,0.096330,0.313237
1219,0.189331,0.093707,0.067643,0.088260,0.068501,0.082952,0.096502,0.313104
1220,0.189724,0.093917,0.067614,0.088122,0.068285,0.082758,0.096328,0.313252
1221,0.189625,0.093864,0.067622,0.088157,0.068340,0.082807,0.096373,0.313212
1222,0.189071,0.093566,0.067663,0.088354,0.068648,0.083079,0.096617,0.313002
1223,0.189745,0.093928,0.067612,0.088115,0.068273,0.082748,0.096319,0.313260
1224,0.189761,0.093937,0.067611,0.088109,0.068264,0.082740,0.096312,0.313266
1225,0.189716,0.093908,0.067617,0.088133,0.068296,0.082762,0.096329,0.313239
1226,0.189753,0.093928,0.067615,0.088121,0.068276,0.082744,0.096312,0.313252
1227,0.189063,0.093568,0.067661,0.088346,0.068645,0.083083,0.096626,0.313009
1228,0.189744,0.093923,0.067615,0.088123,0.068281,0.082748,0.096316,0.313249
1229,0.189221,0.093644,0.067654,0.088306,0.068568,0.083005,0.096548,0.313053
1230,0.189370,0.093724,0.067643,0.088254,0.068487,0.082932,0.096482,0.313108
1231,0.189742,0.093922,0.067615,0.088124,0.068282,0.082750,0.096317,0.313248
1232,0.188959,0.093509,0.067670,0.088387,0.068707,0.083134,0.096669,0.312965
1233,0.189328,0.093701,0.067646,0.088269,0.068510,0.082953,0.096500,0.313092
1234,0.189738,0.093920,0.067615,0.088125,0.068284,0.082752,0.096319,0.313247
1235,0.189519,0.093805,0.067631,0.088199,0.068403,0.082859,0.096418,0.313165
1236,0.189771,0.093938,0.067613,0.088113,0.068265,0.082735,0.096305,0.313260
1237,0.189720,0.093910,0.067617,0.088133,0.068295,0.082760,0.096326,0.313238
1238,0.189739,0.093921,0.067615,0.088124,0.068283,0.082751,0.096319,0.313248
1239,0.189540,0.093816,0.067630,0.088192,0.068392,0.082849,0.096409,0.313172
1240,0.189348,0.093710,0.067645,0.088265,0.068501,0.082943,0.096490,0.313096
1241,0.189332,0.093708,0.067643,0.088259,0.068500,0.082951,0.096502,0.313105
1242,0.188959,0.093509,0.067670,0.088387,0.068706,0.083134,0.096669,0.312965
1243,0.189727,0.093913,0.067617,0.088130,0.068291,0.082757,0.096323,0.313242
1244,0.189052,0.093562,0.067662,0.088349,0.068650,0.083088,0.096630,0.313006
1245,0.189741,0.093922,0.067615,0.088124,0.068282,0.082750,0.096318,0.313248
1246,0.189056,0.093561,0.067663,0.088353,0.068653,0.083087,0.096627,0.313000
1247,0.189035,0.093546,0.067666,0.088368,0.068669,0.083097,0.096632,0.312987
1248,0.189068,0.093565,0.067663,0.088354,0.068649,0.083081,0.096618,0.313002
1249,0.189581,0.093838,0.067627,0.088177,0.068370,0.082829,0.096390,0.313188
1250,0.189714,0.093907,0.067617,0.088133,0.068297,0.082763,0.096330,0.313239
1251,0.189515,0.093803,0.067632,0.088200,0.068405,0.082862,0.096420,0.313164
1252,0.189730,0.093921,0.067613,0.088119,0.068280,0.082755,0.096326,0.313255
1253,0.189516,0.093803,0.067632,0.088200,0.068406,0.082861,0.096419,0.313163
1254,0.189722,0.093911,0.067617,0.088132,0.068293,0.082759,0.096326,0.313240
1255,0.189703,0.093901,0.067618,0.088138,0.068303,0.082769,0.096334,0.313233
1256,0.189507,0.093804,0.067629,0.088194,0.068402,0.082865,0.096427,0.313172
1257,0.189724,0.093916,0.067614,0.088124,0.068285,0.082758,0.096327,0.313251
1258,0.189571,0.093832,0.067628,0.088181,0.068375,0.082834,0.096395,0.313184
1259,0.189698,0.093903,0.067616,0.088132,0.068299,0.082771,0.096340,0.313241
1260,0.189739,0.093920,0.067615,0.088125,0.068284,0.082751,0.096318,0.313247
1261,0.189723,0.093912,0.067617,0.088131,0.068292,0.082759,0.096326,0.313241
1262,0.088849,0.047163,0.061629,0.103277,0.133363,0.139417,0.183344,0.242957
1263,0.189515,0.093805,0.067631,0.088197,0.068403,0.082862,0.096421,0.313168
1264,0.189707,0.093905,0.067617,0.088134,0.068299,0.082767,0.096334,0.313239
1265,0.189341,0.093705,0.067647,0.088271,0.068508,0.082947,0.096492,0.313090
1266,0.189748,0.093929,0.067612,0.088115,0.068272,0.082746,0.096317,0.313260
1267,0.189762,0.093934,0.067613,0.088115,0.068269,0.082740,0.096309,0.313259
1268,0.189072,0.093569,0.067662,0.088348,0.068643,0.083079,0.096619,0.313008
1269,0.189083,0.093570,0.067664,0.088355,0.068646,0.083073,0.096610,0.313000
1270,0.189761,0.093929,0.067615,0.088122,0.068276,0.082740,0.096307,0.313249
1271,0.089942,0.047870,0.063679,0.111704,0.138272,0.139903,0.177051,0.231578
1272,0.189740,0.093920,0.067616,0.088127,0.068285,0.082750,0.096317,0.313245
1273,0.189576,0.093837,0.067626,0.088175,0.068369,0.082831,0.096394,0.313191
1274,0.189513,0.093804,0.067630,0.088197,0.068403,0.082862,0.096422,0.313168
1275,0.189173,0.093619,0.067657,0.088321,0.068596,0.083029,0.096571,0.313034
1276,0.189726,0.093912,0.067617,0.088132,0.068293,0.082758,0.096323,0.313239
1277,0.189754,0.093927,0.067615,0.088122,0.068278,0.082744,0.096311,0.313250
1278,0.189714,0.093905,0.067618,0.088137,0.068300,0.082764,0.096329,0.313234
1279,0.188905,0.093477,0.067675,0.088411,0.068740,0.083161,0.096691,0.312941
1280,0.189708,0.093905,0.067617,0.088134,0.068299,0.082766,0.096333,0.313237
1281,0.189735,0.093917,0.067616,0.088128,0.068287,0.082753,0.096320,0.313243
1282,0.189558,0.093825,0.067629,0.088187,0.068383,0.082840,0.096400,0.313178
1283,0.189741,0.093921,0.067615,0.088124,0.068283,0.082750,0.096317,0.313248
1284,0.189565,0.093829,0.067628,0.088183,0.068379,0.082837,0.096398,0.313182
1285,0.189749,0.093930,0.067612,0.088113,0.068271,0.082746,0.096318,0.313262
1286,0.088571,0.046819,0.061451,0.103006,0.133548,0.139237,0.183519,0.243849
1287,0.189738,0.093918,0.067617,0.088129,0.068287,0.082752,0.096318,0.313243
1288,0.189120,0.093591,0.067661,0.088339,0.068624,0.083056,0.096595,0.313015
1289,0.189743,0.093920,0.067616,0.088128,0.068285,0.082749,0.096315,0.313244
1290,0.189717,0.093906,0.067618,0.088138,0.068300,0.082762,0.096326,0.313233
1291,0.189737,0.093915,0.067618,0.088132,0.068290,0.082752,0.096317,0.313239
1292,0.090145,0.048076,0.063847,0.112032,0.138383,0.139958,0.176773,0.230788
1293,0.189751,0.093922,0.067617,0.088128,0.068283,0.082745,0.096310,0.313243
1294,0.189542,0.093814,0.067632,0.088196,0.068396,0.082848,0.096406,0.313166
1295,0.189740,0.093919,0.067616,0.088127,0.068285,0.082751,0.096317,0.313245
1296,0.189759,0.093929,0.067615,0.088121,0.068275,0.082741,0.096309,0.313251
1297,0.189732,0.093915,0.067617,0.088130,0.068290,0.082755,0.096321,0.313241
1298,0.092554,0.046532,0.057804,0.086784,0.120197,0.130834,0.184226,0.281070
1299,0.189758,0.093925,0.067617,0.088127,0.068281,0.082742,0.096307,0.313244
1300,0.189028,0.093537,0.067669,0.088378,0.068680,0.083100,0.096632,0.312975
1301,0.189063,0.093559,0.067666,0.088361,0.068658,0.083083,0.096619,0.312990
1302,0.189752,0.093922,0.067617,0.088130,0.068285,0.082745,0.096309,0.313241
1303,0.189741,0.093914,0.067619,0.088137,0.068294,0.082750,0.096312,0.313232
1304,0.189116,0.093587,0.067662,0.088343,0.068629,0.083057,0.096595,0.313010
1305,0.188959,0.093500,0.067675,0.088403,0.068721,0.083134,0.096663,0.312945
1306,0.189739,0.093916,0.067618,0.088133,0.068290,0.082751,0.096315,0.313238
1307,0.189544,0.093816,0.067631,0.088194,0.068393,0.082847,0.096406,0.313170
1308,0.189561,0.093825,0.067630,0.088188,0.068384,0.082839,0.096398,0.313176
1309,0.189093,0.093577,0.067662,0.088347,0.068638,0.083069,0.096607,0.313006
1310,0.189725,0.093911,0.067617,0.088133,0.068294,0.082758,0.096323,0.313238
1311,0.189538,0.093818,0.067628,0.088186,0.068388,0.082850,0.096412,0.313179
1312,0.189715,0.093907,0.067618,0.088134,0.068297,0.082763,0.096329,0.313237
1313,0.189037,0.093552,0.067663,0.088359,0.068661,0.083096,0.096634,0.312998
1314,0.189521,0.093805,0.067632,0.088200,0.068404,0.082859,0.096416,0.313163
1315,0.189555,0.093822,0.067630,0.088189,0.068386,0.082842,0.096401,0.313174
1316,0.189064,0.093564,0.067663,0.088353,0.068651,0.083083,0.096622,0.313000
1317,0.189729,0.093914,0.067616,0.088129,0.068290,0.082756,0.096323,0.313242
1318,0.189737,0.093918,0.067616,0.088127,0.068286,0.082752,0.096319,0.313245
1319,0.189235,0.093653,0.067652,0.088299,0.068560,0.082999,0.096544,0.313059
1320,0.189717,0.093909,0.067617,0.088133,0.068296,0.082762,0.096328,0.313239
1321,0.189545,0.093819,0.067629,0.088189,0.068389,0.082847,0.096407,0.313175
1322,0.189702,0.093902,0.067618,0.088136,0.068302,0.082769,0.096336,0.313235
1323,0.189543,0.093818,0.067630,0.088190,0.068390,0.082848,0.096408,0.313174
1324,0.188967,0.093512,0.067670,0.088386,0.068703,0.083130,0.096665,0.312966
1325,0.189747,0.093925,0.067615,0.088122,0.068279,0.082747,0.096315,0.313251
1326,0.189728,0.093914,0.067616,0.088129,0.068290,0.082756,0.096323,0.313243
1327,0.189790,0.093947,0.067611,0.088107,0.068255,0.082726,0.096296,0.313267
1328,0.189741,0.093921,0.067615,0.088124,0.068282,0.082750,0.096318,0.313248
1329,0.189701,0.093905,0.067615,0.088130,0.068297,0.082770,0.096339,0.313244
1330,0.189732,0.093917,0.067616,0.088126,0.068286,0.082754,0.096322,0.313246
1331,0.189587,0.093841,0.067626,0.088175,0.068366,0.082826,0.096388,0.313190
1332,0.189556,0.093825,0.067629,0.088185,0.068383,0.082841,0.096402,0.313179
1333,0.189734,0.093918,0.067616,0.088126,0.068286,0.082754,0.096321,0.313246
1334,0.189713,0.093906,0.067617,0.088134,0.068298,0.082764,0.096330,0.313237
1335,0.189195,0.093633,0.067654,0.088310,0.068580,0.083019,0.096562,0.313047
1336,0.189029,0.093544,0.067666,0.088367,0.068670,0.083100,0.096636,0.312988
1337,0.189723,0.093911,0.067617,0.088132,0.068294,0.082759,0.096325,0.313239
1338,0.189531,0.093817,0.067628,0.088185,0.068388,0.082853,0.096416,0.313181
1339,0.088273,0.046591,0.060279,0.097939,0.130258,0.138568,0.186893,0.251198
1340,0.189743,0.093924,0.067614,0.088120,0.068278,0.082749,0.096318,0.313254
1341,0.188990,0.093525,0.067667,0.088377,0.068688,0.083119,0.096655,0.312979
1342,0.189748,0.093922,0.067616,0.088127,0.068283,0.082747,0.096312,0.313244
1343,0.189117,0.093594,0.067659,0.088332,0.068619,0.083057,0.096599,0.313024
1344,0.188945,0.093500,0.067672,0.088394,0.068716,0.083141,0.096675,0.312957
1345,0.189722,0.093909,0.067618,0.088135,0.068296,0.082760,0.096325,0.313237
1346,0.189780,0.093943,0.067612,0.088109,0.068259,0.082731,0.096301,0.313265
1347,0.189754,0.093925,0.067616,0.088125,0.068280,0.082744,0.096310,0.313246
1348,0.189048,0.093554,0.067664,0.088361,0.068660,0.083091,0.096627,0.312995
1349,0.189761,0.093932,0.067614,0.088117,0.068271,0.082740,0.096309,0.313256
1350,0.189729,0.093916,0.067616,0.088127,0.068288,0.082756,0.096323,0.313245
1351,0.189547,0.093821,0.067629,0.088187,0.068386,0.082846,0.096407,0.313178
1352,0.189741,0.093921,0.067615,0.088125,0.068283,0.082750,0.096318,0.313248
1353,0.189731,0.093916,0.067616,0.088128,0.068288,0.082755,0.096322,0.313244
1354,0.189743,0.093923,0.067615,0.088123,0.068281,0.082749,0.096317,0.313250
1355,0.189540,0.093816,0.067630,0.088192,0.068392,0.082849,0.096408,0.313172
1356,0.189771,0.093937,0.067613,0.088115,0.068267,0.082735,0.096304,0.313258
1357,0.189580,0.093836,0.067628,0.088179,0.068372,0.082829,0.096390,0.313185
1358,0.189039,0.093549,0.067665,0.088365,0.068666,0.083095,0.096630,0.312990
1359,0.189549,0.093819,0.067630,0.088191,0.068390,0.082845,0.096403,0.313172
1360,0.189735,0.093918,0.067616,0.088127,0.068286,0.082753,0.096320,0.313246
1361,0.189753,0.093926,0.067615,0.088123,0.068278,0.082744,0.096311,0.313249
1362,0.189137,0.093605,0.067657,0.088325,0.068607,0.083047,0.096590,0.313032
1363,0.189062,0.093560,0.067664,0.088358,0.068654,0.083083,0.096620,0.312997
1364,0.189544,0.093825,0.067626,0.088178,0.068379,0.082847,0.096412,0.313190
1365,0.189558,0.093825,0.067629,0.088187,0.068384,0.082841,0.096400,0.313177
1366,0.189748,0.093924,0.067615,0.088124,0.068280,0.082747,0.096314,0.313249
1367,0.189740,0.093920,0.067616,0.088126,0.068284,0.082750,0.096317,0.313245
1368,0.189137,0.093602,0.067658,0.088331,0.068611,0.083047,0.096587,0.313027
1369,0.189528,0.093813,0.067629,0.088190,0.068394,0.082855,0.096416,0.313175
1370,0.189021,0.093539,0.067667,0.088371,0.068675,0.083103,0.096639,0.312984
1371,0.189130,0.093597,0.067660,0.088335,0.068618,0.083050,0.096590,0.313020
1372,0.189762,0.093931,0.067614,0.088119,0.068273,0.082740,0.096307,0.313253
1373,0.189529,0.093809,0.067631,0.088197,0.068399,0.082855,0.096413,0.313167
1374,0.189743,0.093922,0.067615,0.088125,0.068283,0.082749,0.096316,0.313247
1375,0.189532,0.093815,0.067629,0.088189,0.068392,0.082853,0.096414,0.313176
1376,0.189545,0.093818,0.067630,0.088191,0.068390,0.082847,0.096406,0.313173
1377,0.189738,0.093917,0.067617,0.088129,0.068288,0.082752,0.096318,0.313242
1378,0.189742,0.093920,0.067616,0.088127,0.068284,0.082750,0.096316,0.313246
1379,0.189533,0.093811,0.067631,0.088197,0.068398,0.082852,0.096410,0.313166
1380,0.189764,0.093932,0.067614,0.088119,0.068272,0.082739,0.096306,0.313254
1381,0.189529,0.093809,0.067631,0.088197,0.068400,0.082855,0.096413,0.313166
1382,0.189765,0.093933,0.067614,0.088118,0.068271,0.082738,0.096306,0.313254
1383,0.189732,0.093914,0.067617,0.088131,0.068290,0.082755,0.096320,0.313241
1384,0.189044,0.093551,0.067665,0.088364,0.068663,0.083092,0.096628,0.312992
1385,0.189743,0.093921,0.067616,0.088127,0.068284,0.082749,0.096315,0.313246
1386,0.189806,0.093954,0.067611,0.088104,0.068249,0.082718,0.096288,0.313269
1387,0.189707,0.093910,0.067614,0.088125,0.068290,0.082766,0.096336,0.313251
1388,0.189546,0.093817,0.067631,0.088193,0.068392,0.082846,0.096405,0.313171
1389,0.189764,0.093931,0.067615,0.088120,0.068273,0.082739,0.096306,0.313252
1390,0.189587,0.093838,0.067628,0.088180,0.068371,0.082826,0.096386,0.313184
1391,0.189723,0.093915,0.067615,0.088126,0.068288,0.082759,0.096327,0.313247
1392,0.189719,0.093917,0.067613,0.088120,0.068283,0.082760,0.096332,0.313255
1393,0.189135,0.093608,0.067655,0.088320,0.068602,0.083047,0.096593,0.313042
1394,0.189168,0.093626,0.067653,0.088307,0.068584,0.083031,0.096579,0.313051
1395,0.189752,0.093925,0.067616,0.088124,0.068279,0.082745,0.096311,0.313248
1396,0.189526,0.093818,0.067626,0.088181,0.068386,0.082856,0.096421,0.313187
1397,0.189713,0.093910,0.067616,0.088129,0.068293,0.082763,0.096332,0.313244
1398,0.189545,0.093816,0.067631,0.088194,0.068393,0.082847,0.096405,0.313168
1399,0.189757,0.093929,0.067614,0.088120,0.068275,0.082742,0.096310,0.313252
1400,0.189724,0.093911,0.067617,0.088133,0.068294,0.082759,0.096324,0.313239
1401,0.189522,0.093805,0.067632,0.088200,0.068404,0.082858,0.096416,0.313164
1402,0.189054,0.093556,0.067665,0.088361,0.068658,0.083088,0.096624,0.312995
1403,0.189525,0.093806,0.067632,0.088199,0.068403,0.082857,0.096415,0.313164
1404,0.189051,0.093555,0.067665,0.088362,0.068660,0.083089,0.096625,0.312993
1405,0.189725,0.093912,0.067617,0.088131,0.068292,0.082758,0.096324,0.313241
1406,0.189525,0.093811,0.067630,0.088192,0.068396,0.082856,0.096417,0.313173
1407,0.189702,0.093904,0.067616,0.088132,0.068299,0.082769,0.096337,0.313240
1408,0.189731,0.093915,0.067617,0.088129,0.068290,0.082755,0.096322,0.313242
1409,0.189529,0.093813,0.067629,0.088191,0.068394,0.082854,0.096415,0.313174
1410,0.189778,0.093939,0.067614,0.088115,0.068266,0.082732,0.096300,0.313257
1411,0.189517,0.093802,0.067632,0.088202,0.068407,0.082861,0.096418,0.313161
1412,0.189736,0.093917,0.067616,0.088128,0.068287,0.082752,0.096319,0.313243
1413,0.189747,0.093923,0.067616,0.088125,0.068282,0.082747,0.096314,0.313247
1414,0.189042,0.093554,0.067663,0.088358,0.068659,0.083093,0.096632,0.312999
1415,0.189543,0.093817,0.067630,0.088191,0.068392,0.082848,0.096407,0.313172
1416,0.189755,0.093932,0.067612,0.088114,0.068270,0.082743,0.096313,0.313260
1417,0.189724,0.093911,0.067617,0.088132,0.068294,0.082759,0.096325,0.313239
1418,0.189016,0.093537,0.067667,0.088372,0.068679,0.083106,0.096642,0.312980
1419,0.189030,0.093545,0.067666,0.088367,0.068670,0.083099,0.096635,0.312989
1420,0.189746,0.093923,0.067615,0.088124,0.068281,0.082747,0.096315,0.313248
1421,0.189734,0.093922,0.067613,0.088119,0.068280,0.082753,0.096324,0.313255
1422,0.189562,0.093827,0.067629,0.088186,0.068382,0.082838,0.096398,0.313178
1423,0.189726,0.093918,0.067614,0.088122,0.068284,0.082757,0.096327,0.313252
1424,0.189773,0.093937,0.067614,0.088115,0.068267,0.082734,0.096303,0.313257
1425,0.188967,0.093511,0.067670,0.088388,0.068705,0.083130,0.096665,0.312964
1426,0.189764,0.093932,0.067614,0.088118,0.068272,0.082739,0.096307,0.313254
1427,0.189749,0.093925,0.067615,0.088122,0.068279,0.082746,0.096314,0.313250
1428,0.189536,0.093813,0.067631,0.088194,0.068396,0.082851,0.096410,0.313169
1429,0.189517,0.093803,0.067632,0.088201,0.068406,0.082861,0.096419,0.313162
1430,0.189096,0.093579,0.067662,0.088346,0.068637,0.083067,0.096606,0.313008
1431,0.189748,0.093924,0.067615,0.088123,0.068280,0.082746,0.096314,0.313249
1432,0.189724,0.093911,0.067617,0.088132,0.068294,0.082758,0.096324,0.313239
1433,0.189762,0.093931,0.067614,0.088119,0.068272,0.082740,0.096308,0.313254
1434,0.189719,0.093909,0.067617,0.088134,0.068296,0.082761,0.096327,0.313238
1435,0.189749,0.093929,0.067613,0.088116,0.068273,0.082746,0.096316,0.313259
1436,0.189556,0.093824,0.067629,0.088188,0.068385,0.082841,0.096401,0.313176
1437,0.189723,0.093914,0.067615,0.088126,0.068288,0.082759,0.096327,0.313247
1438,0.189733,0.093914,0.067617,0.088131,0.068290,0.082754,0.096320,0.313240
1439,0.189734,0.093916,0.067616,0.088129,0.068288,0.082754,0.096320,0.313243
1440,0.189544,0.093822,0.067627,0.088183,0.068383,0.082847,0.096409,0.313183
1441,0.189524,0.093806,0.067632,0.088199,0.068402,0.082857,0.096415,0.313164
1442,0.189739,0.093919,0.067616,0.088127,0.068285,0.082751,0.096318,0.313246
1443,0.189764,0.093937,0.067612,0.088110,0.068264,0.082738,0.096310,0.313265
1444,0.089148,0.047118,0.062891,0.109227,0.137487,0.139615,0.178976,0.235539
1445,0.189253,0.093658,0.067653,0.088301,0.068557,0.082990,0.096532,0.313057
1446,0.189727,0.093915,0.067615,0.088127,0.068287,0.082757,0.096324,0.313247
1447,0.189271,0.093671,0.067650,0.088288,0.068540,0.082981,0.096526,0.313073
1448,0.189712,0.093902,0.067620,0.088142,0.068305,0.082765,0.096328,0.313228
1449,0.189578,0.093832,0.067629,0.088186,0.068378,0.082831,0.096389,0.313178
1450,0.189724,0.093908,0.067619,0.088137,0.068298,0.082759,0.096322,0.313233
1451,0.189346,0.093711,0.067645,0.088262,0.068501,0.082945,0.096493,0.313098
1452,0.189559,0.093822,0.067631,0.088191,0.068387,0.082840,0.096397,0.313172
1453,0.189740,0.093921,0.067615,0.088125,0.068283,0.082751,0.096318,0.313247
1454,0.189733,0.093920,0.067614,0.088121,0.068281,0.082754,0.096324,0.313253
1455,0.189765,0.093938,0.067612,0.088110,0.068264,0.082738,0.096309,0.313265
1456,0.189566,0.093833,0.067626,0.088177,0.068372,0.082836,0.096399,0.313190
1457,0.189700,0.093904,0.067616,0.088132,0.068299,0.082770,0.096338,0.313242
1458,0.189731,0.093920,0.067614,0.088121,0.068282,0.082755,0.096324,0.313253
1459,0.189728,0.093917,0.067615,0.088124,0.068285,0.082756,0.096325,0.313250
1460,0.189266,0.093673,0.067648,0.088283,0.068537,0.082984,0.096531,0.313079
1461,0.189736,0.093919,0.067615,0.088125,0.068284,0.082752,0.096320,0.313247
1462,0.189597,0.093846,0.067626,0.088173,0.068362,0.082821,0.096383,0.313193
1463,0.089214,0.047392,0.062446,0.106660,0.135470,0.139672,0.180877,0.238269
1464,0.189292,0.093685,0.067647,0.088275,0.068525,0.082971,0.096519,0.313086
1465,0.189541,0.093814,0.067631,0.088196,0.068395,0.082849,0.096406,0.313168
1466,0.189743,0.093924,0.067614,0.088120,0.068278,0.082749,0.096318,0.313253
1467,0.189266,0.093671,0.067649,0.088286,0.068540,0.082984,0.096530,0.313075
1468,0.189721,0.093913,0.067615,0.088127,0.068290,0.082759,0.096328,0.313246
1469,0.189723,0.093911,0.067617,0.088132,0.068294,0.082759,0.096325,0.313240
1470,0.189298,0.093683,0.067649,0.088283,0.068529,0.082968,0.096512,0.313077
1471,0.189726,0.093911,0.067618,0.088133,0.068294,0.082758,0.096323,0.313238
1472,0.189362,0.093722,0.067642,0.088252,0.068487,0.082936,0.096487,0.313110
1473,0.189275,0.093675,0.067649,0.088284,0.068536,0.082979,0.096526,0.313077
1474,0.189748,0.093926,0.067614,0.088120,0.068277,0.082746,0.096315,0.313253
1475,0.189535,0.093813,0.067630,0.088193,0.068395,0.082852,0.096411,0.313171
1476,0.189715,0.093910,0.067616,0.088129,0.068293,0.082762,0.096330,0.313243
1477,0.189299,0.093689,0.067647,0.088274,0.068522,0.082967,0.096516,0.313087
1478,0.189269,0.093671,0.067649,0.088287,0.068540,0.082982,0.096528,0.313074
1479,0.189723,0.093912,0.067616,0.088129,0.068291,0.082759,0.096326,0.313243
1480,0.189754,0.093929,0.067614,0.088118,0.068274,0.082744,0.096313,0.313255
1481,0.189745,0.093923,0.067615,0.088124,0.068281,0.082748,0.096316,0.313249
1482,0.189407,0.093744,0.067640,0.088240,0.068466,0.082915,0.096467,0.313122
1483,0.189736,0.093919,0.067615,0.088126,0.068285,0.082752,0.096320,0.313247
1484,0.189572,0.093834,0.067627,0.088179,0.068373,0.082833,0.096394,0.313186
1485,0.189238,0.093656,0.067652,0.088296,0.068557,0.082997,0.096543,0.313062
1486,0.189720,0.093911,0.067616,0.088130,0.068293,0.082761,0.096328,0.313242
1487,0.189637,0.093868,0.067623,0.088158,0.068339,0.082801,0.096365,0.313209
1488,0.189753,0.093929,0.067614,0.088118,0.068274,0.082744,0.096313,0.313255
1489,0.090441,0.048783,0.063140,0.107736,0.134562,0.140207,0.179938,0.235194
1490,0.189742,0.093920,0.067616,0.088128,0.068285,0.082749,0.096316,0.313244
1491,0.189743,0.093921,0.067616,0.088126,0.068284,0.082749,0.096316,0.313246
1492,0.189642,0.093867,0.067624,0.088162,0.068341,0.082799,0.096361,0.313204
1493,0.189724,0.093910,0.067618,0.088133,0.068295,0.082758,0.096324,0.313237
1494,0.189748,0.093924,0.067616,0.088124,0.068281,0.082746,0.096313,0.313248
1495,0.189573,0.093830,0.067629,0.088186,0.068379,0.082833,0.096392,0.313177
1496,0.189584,0.093837,0.067628,0.088181,0.068372,0.082828,0.096387,0.313183
1497,0.189580,0.093835,0.067628,0.088182,0.068374,0.082830,0.096389,0.313182
1498,0.189740,0.093925,0.067613,0.088117,0.068276,0.082750,0.096321,0.313257
1499,0.189564,0.093833,0.067626,0.088177,0.068373,0.082837,0.096401,0.313190
1500,0.088937,0.045850,0.058145,0.089355,0.124252,0.135021,0.189357,0.269081
1501,0.188945,0.093500,0.067671,0.088395,0.068716,0.083141,0.096674,0.312959
1502,0.189731,0.093911,0.067619,0.088137,0.068296,0.082755,0.096318,0.313233
1503,0.189340,0.093702,0.067648,0.088273,0.068511,0.082948,0.096492,0.313086
1504,0.189323,0.093697,0.067647,0.088273,0.068514,0.082956,0.096501,0.313089
1505,0.189728,0.093913,0.067617,0.088131,0.068291,0.082756,0.096322,0.313241
1506,0.189502,0.093787,0.067637,0.088220,0.068424,0.082868,0.096418,0.313144
1507,0.189565,0.093820,0.067632,0.088199,0.068389,0.082837,0.096390,0.313168
1508,0.189831,0.093967,0.067609,0.088098,0.068234,0.082705,0.096274,0.313282
1509,0.189736,0.093918,0.067616,0.088127,0.068286,0.082753,0.096319,0.313245
1510,0.189317,0.093696,0.067646,0.088272,0.068515,0.082959,0.096506,0.313090
1511,0.189714,0.093911,0.067615,0.088126,0.068290,0.082763,0.096333,0.313248
1512,0.189308,0.093691,0.067647,0.088275,0.068519,0.082963,0.096509,0.313087
1513,0.189742,0.093922,0.067615,0.088124,0.068282,0.082749,0.096317,0.313248
1514,0.189302,0.093697,0.067643,0.088263,0.068510,0.082965,0.096517,0.313104
1515,0.189749,0.093930,0.067612,0.088114,0.068271,0.082746,0.096317,0.313261
1516,0.189311,0.093692,0.067647,0.088275,0.068519,0.082961,0.096507,0.313088
1517,0.189388,0.093731,0.067642,0.088251,0.068479,0.082924,0.096472,0.313113
1518,0.189723,0.093911,0.067617,0.088131,0.068293,0.082759,0.096325,0.313241
1519,0.189281,0.093682,0.067646,0.088276,0.068528,0.082976,0.096525,0.313086
1520,0.089273,0.046498,0.058130,0.088425,0.122910,0.135362,0.190322,0.269080
1521,0.189567,0.093831,0.067628,0.088181,0.068377,0.082836,0.096397,0.313183
1522,0.189715,0.093904,0.067619,0.088140,0.068302,0.082763,0.096326,0.313231
1523,0.189534,0.093813,0.067630,0.088194,0.068395,0.082852,0.096411,0.313170
1524,0.189777,0.093936,0.067615,0.088119,0.068269,0.082733,0.096299,0.313252
1525,0.189741,0.093921,0.067615,0.088124,0.068282,0.082750,0.096318,0.313249
1526,0.189721,0.093914,0.067615,0.088125,0.068288,0.082760,0.096329,0.313249
1527,0.188888,0.093470,0.067675,0.088413,0.068747,0.083169,0.096700,0.312938
1528,0.189737,0.093916,0.067617,0.088131,0.068289,0.082752,0.096317,0.313240
1529,0.087839,0.045740,0.059301,0.094719,0.128809,0.137319,0.188328,0.257944
1530,0.189733,0.093914,0.067617,0.088131,0.068291,0.082754,0.096320,0.313240
1531,0.189729,0.093916,0.067616,0.088128,0.068288,0.082756,0.096323,0.313245
1532,0.189279,0.093672,0.067651,0.088291,0.068541,0.082977,0.096520,0.313069
1533,0.189379,0.093724,0.067645,0.088259,0.068489,0.082929,0.096475,0.313102
1534,0.189403,0.093737,0.067642,0.088250,0.068474,0.082917,0.096464,0.313113
1535,0.189754,0.093925,0.067616,0.088126,0.068281,0.082744,0.096310,0.313246
1536,0.189720,0.093912,0.067616,0.088129,0.068291,0.082760,0.096328,0.313244
1537,0.189765,0.093930,0.067616,0.088123,0.068275,0.082738,0.096304,0.313249
1538,0.189799,0.093946,0.067614,0.088116,0.068258,0.082722,0.096286,0.313260
1539,0.189740,0.093913,0.067620,0.088138,0.068295,0.082751,0.096313,0.313231
1540,0.189088,0.093576,0.067662,0.088346,0.068639,0.083071,0.096611,0.313008
1541,0.188964,0.093506,0.067672,0.088395,0.068712,0.083132,0.096663,0.312956
1542,0.189709,0.093903,0.067618,0.088137,0.068301,0.082766,0.096331,0.313234
1543,0.189038,0.093550,0.067665,0.088361,0.068665,0.083096,0.096634,0.312991
1544,0.189722,0.093911,0.067617,0.088131,0.068293,0.082759,0.096326,0.313241
1545,0.188959,0.093509,0.067670,0.088388,0.068707,0.083134,0.096669,0.312963
1546,0.189745,0.093929,0.067612,0.088114,0.068272,0.082748,0.096319,0.313261
1547,0.188932,0.093493,0.067672,0.088399,0.068723,0.083147,0.096680,0.312953
1548,0.087800,0.045799,0.059629,0.096041,0.129851,0.137686,0.187719,0.255476
1549,0.189744,0.093920,0.067617,0.088128,0.068285,0.082749,0.096314,0.313243
1550,0.189115,0.093586,0.067662,0.088344,0.068630,0.083058,0.096596,0.313009
1551,0.188898,0.093477,0.067673,0.088407,0.068738,0.083164,0.096697,0.312946
1552,0.189039,0.093547,0.067667,0.088368,0.068670,0.083095,0.096630,0.312984
1553,0.188889,0.093467,0.067677,0.088418,0.068750,0.083168,0.096698,0.312933
1554,0.189734,0.093914,0.067617,0.088132,0.068291,0.082754,0.096319,0.313239
1555,0.189747,0.093921,0.067616,0.088127,0.068283,0.082747,0.096313,0.313245
1556,0.189751,0.093924,0.067616,0.088126,0.068282,0.082745,0.096311,0.313245
1557,0.188961,0.093509,0.067670,0.088389,0.068707,0.083133,0.096667,0.312964
1558,0.189095,0.093578,0.067662,0.088347,0.068636,0.083068,0.096606,0.313009
1559,0.189718,0.093909,0.067617,0.088133,0.068296,0.082761,0.096327,0.313239
1560,0.189728,0.093914,0.067616,0.088129,0.068290,0.082757,0.096323,0.313243
1561,0.189783,0.093943,0.067613,0.088111,0.068261,0.082729,0.096299,0.313262
1562,0.189720,0.093910,0.067617,0.088132,0.068294,0.082760,0.096327,0.313240
1563,0.189778,0.093945,0.067610,0.088104,0.068256,0.082732,0.096304,0.313271
1564,0.189343,0.093708,0.067645,0.088266,0.068502,0.082946,0.096492,0.313098
1565,0.088162,0.046375,0.060797,0.100649,0.132420,0.138792,0.185088,0.247717
1566,0.189600,0.093839,0.067629,0.088187,0.068369,0.082819,0.096374,0.313183
1567,0.189506,0.093795,0.067633,0.088210,0.068413,0.082865,0.096419,0.313158
1568,0.189062,0.093563,0.067663,0.088355,0.068651,0.083083,0.096622,0.313001
1569,0.189595,0.093841,0.067627,0.088181,0.068365,0.082822,0.096379,0.313191
1570,0.189748,0.093922,0.067616,0.088127,0.068283,0.082746,0.096312,0.313245
1571,0.189731,0.093910,0.067619,0.088138,0.068296,0.082755,0.096318,0.313233
1572,0.189742,0.093916,0.067618,0.088134,0.068290,0.082750,0.096313,0.313237
1573,0.089247,0.047202,0.063036,0.109658,0.137800,0.139643,0.178648,0.234766
1574,0.189760,0.093925,0.067617,0.088128,0.068281,0.082741,0.096305,0.313242
1575,0.189741,0.093915,0.067619,0.088135,0.068292,0.082751,0.096314,0.313234
1576,0.189726,0.093910,0.067618,0.088136,0.068296,0.082758,0.096322,0.313235
1577,0.089326,0.046279,0.058045,0.088387,0.122960,0.134955,0.189828,0.270221
1578,0.188945,0.093498,0.067672,0.088398,0.068719,0.083141,0.096673,0.312954
1579,0.189747,0.093919,0.067618,0.088132,0.068288,0.082747,0.096311,0.313238
1580,0.189012,0.093537,0.067666,0.088370,0.068677,0.083108,0.096645,0.312986
1581,0.188911,0.093480,0.067675,0.088410,0.068737,0.083158,0.096688,0.312942
1582,0.189728,0.093910,0.067619,0.088137,0.068297,0.082757,0.096320,0.313233
1583,0.189116,0.093585,0.067663,0.088348,0.068632,0.083057,0.096593,0.313006
1584,0.189745,0.093919,0.067617,0.088130,0.068286,0.082748,0.096313,0.313241
1585,0.189726,0.093913,0.067617,0.088131,0.068291,0.082757,0.096323,0.313242
1586,0.189065,0.093567,0.067661,0.088349,0.068645,0.083082,0.096622,0.313009
1587,0.189727,0.093913,0.067617,0.088131,0.068292,0.082757,0.096323,0.313241
1588,0.189033,0.093545,0.067666,0.088368,0.068670,0.083098,0.096634,0.312986
1589,0.105933,0.051954,0.059997,0.086656,0.113316,0.122406,0.167131,0.292608
1590,0.189714,0.093897,0.067623,0.088151,0.068312,0.082764,0.096322,0.313217
1591,0.088467,0.046628,0.061605,0.103951,0.134495,0.139201,0.182835,0.242818
1592,0.189738,0.093911,0.067620,0.088139,0.068296,0.082752,0.096314,0.313231
1593,0.189095,0.093567,0.067668,0.088366,0.068654,0.083068,0.096598,0.312985
1594,0.189756,0.093922,0.067618,0.088132,0.068285,0.082743,0.096306,0.313239
1595,0.187995,0.093123,0.067992,0.088275,0.069901,0.083764,0.097718,0.311232
1596,0.184968,0.091632,0.068280,0.088812,0.071906,0.085317,0.099581,0.309503
1597,0.149776,0.072649,0.067101,0.092323,0.092436,0.101465,0.122905,0.301347
1598,0.189788,0.093936,0.067617,0.088125,0.068272,0.082727,0.096290,0.313245
1599,0.189728,0.093904,0.067621,0.088146,0.068304,0.082757,0.096316,0.313223
1600,0.186276,0.092273,0.068163,0.088600,0.071040,0.084647,0.098762,0.310238
1601,0.189033,0.093538,0.067670,0.088380,0.068680,0.083098,0.096628,0.312973
1602,0.189751,0.093918,0.067619,0.088135,0.068289,0.082745,0.096308,0.313235
1603,0.189025,0.093529,0.067673,0.088390,0.068692,0.083102,0.096630,0.312959
1604,0.139190,0.067231,0.065830,0.091691,0.098260,0.106227,0.131816,0.299756
1605,0.189738,0.093911,0.067620,0.088139,0.068296,0.082752,0.096313,0.313230
1606,0.189747,0.093915,0.067620,0.088138,0.068293,0.082747,0.096309,0.313231
1607,0.189739,0.093907,0.067622,0.088147,0.068303,0.082752,0.096310,0.313220
1608,0.088637,0.045951,0.058394,0.090165,0.125105,0.135727,0.189739,0.266281
1609,0.189052,0.093542,0.067672,0.088383,0.068681,0.083089,0.096617,0.312964
1610,0.188772,0.093395,0.067690,0.088474,0.068830,0.083226,0.096744,0.312869
1611,0.189040,0.093536,0.067672,0.088387,0.068686,0.083095,0.096622,0.312963
1612,0.189742,0.093909,0.067622,0.088146,0.068301,0.082750,0.096308,0.313222
1613,0.189725,0.093913,0.067616,0.088129,0.068290,0.082758,0.096325,0.313244
1614,0.087855,0.045972,0.060240,0.098750,0.131454,0.138306,0.186210,0.251213
1615,0.189730,0.093909,0.067619,0.088138,0.068297,0.082756,0.096318,0.313232
1616,0.189098,0.093580,0.067661,0.088345,0.068634,0.083066,0.096605,0.313012
1617,0.189746,0.093924,0.067615,0.088122,0.068279,0.082747,0.096315,0.313251
1618,0.188972,0.093514,0.067669,0.088386,0.068701,0.083128,0.096662,0.312968
1619,0.189740,0.093917,0.067617,0.088131,0.068289,0.082751,0.096316,0.313240
1620,0.189747,0.093926,0.067614,0.088121,0.068277,0.082747,0.096315,0.313253
1621,0.189094,0.093579,0.067661,0.088345,0.068635,0.083068,0.096607,0.313012
1622,0.189717,0.093908,0.067617,0.088133,0.068296,0.082762,0.096328,0.313239
1623,0.092395,0.046873,0.057771,0.086066,0.119665,0.131385,0.185593,0.280251
1624,0.089740,0.046040,0.057882,0.088030,0.122607,0.133973,0.188687,0.273041
1625,0.189751,0.093923,0.067616,0.088127,0.068282,0.082745,0.096311,0.313245
1626,0.189724,0.093909,0.067618,0.088135,0.068296,0.082758,0.096323,0.313236
1627,0.189743,0.093915,0.067619,0.088135,0.068292,0.082749,0.096312,0.313234
1628,0.189729,0.093908,0.067620,0.088141,0.068300,0.082756,0.096318,0.313229
1629,0.089142,0.047034,0.063110,0.110088,0.138503,0.139558,0.178329,0.234237
1630,0.189735,0.093909,0.067620,0.088141,0.068299,0.082753,0.096314,0.313227
1631,0.128594,0.061941,0.064048,0.090947,0.102891,0.110939,0.141114,0.299527
1632,0.189754,0.093916,0.067621,0.088141,0.068294,0.082744,0.096304,0.313227
1633,0.089012,0.047025,0.062665,0.108198,0.137027,0.139550,0.179744,0.236779
1634,0.189739,0.093908,0.067622,0.088146,0.068302,0.082751,0.096310,0.313222
1635,0.089611,0.047887,0.062589,0.106498,0.134842,0.139859,0.180968,0.237747
1636,0.189764,0.093916,0.067623,0.088146,0.068296,0.082740,0.096296,0.313220
1637,0.110275,0.054143,0.060659,0.086738,0.110332,0.120305,0.162391,0.295157
1638,0.189755,0.093912,0.067623,0.088147,0.068300,0.082744,0.096300,0.313219
1639,0.189030,0.093532,0.067673,0.088388,0.068689,0.083100,0.096627,0.312961
1640,0.153967,0.074801,0.067500,0.092490,0.090056,0.099559,0.119537,0.302089
1641,0.087926,0.045928,0.059451,0.094990,0.128975,0.137533,0.188319,0.256878
1642,0.189746,0.093911,0.067622,0.088145,0.068299,0.082748,0.096306,0.313222
1643,0.189773,0.093929,0.067618,0.088129,0.068279,0.082735,0.096297,0.313241
1644,0.189752,0.093919,0.067618,0.088134,0.068288,0.082745,0.096308,0.313237
1645,0.189794,0.093937,0.067618,0.088127,0.068272,0.082725,0.096286,0.313242
1646,0.188900,0.093467,0.067679,0.088425,0.068754,0.083163,0.096688,0.312923
1647,0.189743,0.093912,0.067621,0.088141,0.068296,0.082749,0.096309,0.313228
1648,0.188990,0.093513,0.067674,0.088397,0.068707,0.083119,0.096647,0.312953
1649,0.088094,0.046318,0.060481,0.099363,0.131479,0.138609,0.185917,0.249738
1650,0.188983,0.093521,0.067668,0.088381,0.068694,0.083122,0.096657,0.312973
1651,0.150122,0.072968,0.066947,0.092251,0.091455,0.101295,0.122526,0.302435
1652,0.189757,0.093919,0.067620,0.088136,0.068289,0.082742,0.096303,0.313233
1653,0.189758,0.093918,0.067620,0.088139,0.068291,0.082742,0.096302,0.313230
1654,0.189052,0.093546,0.067670,0.088377,0.068673,0.083089,0.096618,0.312975
1655,0.089241,0.046200,0.058128,0.088587,0.123523,0.134992,0.189807,0.269521
1656,0.189773,0.093927,0.067619,0.088131,0.068281,0.082735,0.096296,0.313238
1657,0.090749,0.049039,0.063514,0.108997,0.135188,0.140289,0.178939,0.233286
1658,0.189081,0.093558,0.067670,0.088372,0.068663,0.083075,0.096604,0.312978
1659,0.189753,0.093914,0.067622,0.088144,0.068297,0.082745,0.096303,0.313223
1660,0.189752,0.093922,0.067617,0.088130,0.068284,0.082745,0.096309,0.313241
1661,0.189782,0.093940,0.067614,0.088115,0.068264,0.082730,0.096298,0.313258
1662,0.189793,0.093945,0.067613,0.088112,0.068259,0.082725,0.096292,0.313261
1663,0.189068,0.093561,0.067665,0.088360,0.068655,0.083081,0.096616,0.312994
1664,0.189768,0.093937,0.067613,0.088113,0.068266,0.082737,0.096306,0.313261
1665,0.189087,0.093576,0.067661,0.088345,0.068637,0.083071,0.096611,0.313011
1666,0.189058,0.093569,0.067659,0.088342,0.068640,0.083085,0.096629,0.313018
1667,0.189721,0.093909,0.067618,0.088134,0.068296,0.082760,0.096325,0.313237
1668,0.188934,0.093497,0.067671,0.088393,0.068718,0.083146,0.096681,0.312959
1669,0.189737,0.093923,0.067614,0.088120,0.068279,0.082752,0.096321,0.313254
1670,0.112053,0.054899,0.061266,0.086824,0.110941,0.119436,0.160721,0.293860
1671,0.189759,0.093921,0.067619,0.088136,0.068288,0.082741,0.096302,0.313233
1672,0.189034,0.093550,0.067663,0.088359,0.068662,0.083097,0.096636,0.312998
1673,0.189746,0.093913,0.067621,0.088140,0.068296,0.082748,0.096308,0.313227
1674,0.189743,0.093914,0.067620,0.088138,0.068294,0.082749,0.096311,0.313231
1675,0.189748,0.093917,0.067619,0.088135,0.068290,0.082747,0.096309,0.313235
1676,0.188986,0.093525,0.067666,0.088375,0.068687,0.083120,0.096657,0.312983
1677,0.189147,0.093595,0.067664,0.088347,0.068624,0.083042,0.096575,0.313005
1678,0.189747,0.093916,0.067619,0.088136,0.068291,0.082747,0.096310,0.313234
1679,0.189037,0.093565,0.067656,0.088336,0.068640,0.083095,0.096643,0.313027
1680,0.143214,0.069208,0.066384,0.092083,0.096242,0.104393,0.128273,0.300204
1681,0.188897,0.093465,0.067679,0.088426,0.068755,0.083164,0.096690,0.312923
1682,0.188856,0.093541,0.067874,0.088119,0.069267,0.083303,0.097161,0.311879
1683,0.189761,0.093933,0.067613,0.088116,0.068270,0.082740,0.096309,0.313259
1684,0.089317,0.047857,0.059166,0.090857,0.124051,0.137810,0.191186,0.259756
1685,0.189740,0.093914,0.067619,0.088136,0.068292,0.082751,0.096313,0.313235
1686,0.189762,0.093926,0.067617,0.088128,0.068280,0.082740,0.096304,0.313244
1687,0.188809,0.093423,0.067683,0.088449,0.068797,0.083207,0.096732,0.312901
1688,0.188816,0.093432,0.067679,0.088436,0.068784,0.083204,0.096733,0.312916
1689,0.189765,0.093940,0.067610,0.088105,0.068259,0.082738,0.096311,0.313272
1690,0.188864,0.093459,0.067676,0.088419,0.068757,0.083180,0.096712,0.312933
1691,0.188848,0.093446,0.067679,0.088431,0.068772,0.083188,0.096717,0.312919
1692,0.188854,0.093454,0.067676,0.088421,0.068762,0.083186,0.096717,0.312930
1693,0.088678,0.047009,0.059159,0.092518,0.125558,0.137723,0.190026,0.259329
1694,0.189724,0.093925,0.067610,0.088110,0.068272,0.082757,0.096332,0.313270
1695,0.188819,0.093441,0.067676,0.088424,0.068772,0.083202,0.096736,0.312930
1696,0.188815,0.093445,0.067673,0.088415,0.068765,0.083204,0.096742,0.312942
1697,0.189751,0.093928,0.067614,0.088118,0.068274,0.082745,0.096314,0.313256
1698,0.088788,0.045424,0.058121,0.089887,0.124985,0.134674,0.188595,0.269526
1699,0.188843,0.093440,0.067681,0.088439,0.068780,0.083191,0.096716,0.312910
1700,0.189731,0.093913,0.067617,0.088132,0.068291,0.082755,0.096320,0.313240
1701,0.189754,0.093927,0.067615,0.088122,0.068277,0.082743,0.096311,0.313251
1702,0.189757,0.093929,0.067614,0.088120,0.068274,0.082742,0.096310,0.313254
1703,0.188882,0.093467,0.067675,0.088414,0.068749,0.083171,0.096703,0.312937
1704,0.188502,0.093261,0.067703,0.088547,0.068964,0.083358,0.096874,0.312791
1705,0.189757,0.093924,0.067617,0.088127,0.068282,0.082742,0.096307,0.313243
1706,0.189703,0.093895,0.067622,0.088148,0.068313,0.082769,0.096330,0.313220
1707,0.188484,0.093255,0.067703,0.088547,0.068969,0.083367,0.096885,0.312791
1708,0.189757,0.093942,0.067607,0.088098,0.068255,0.082741,0.096318,0.313280
1709,0.189723,0.093917,0.067614,0.088122,0.068285,0.082759,0.096329,0.313252
1710,0.189769,0.093940,0.067611,0.088108,0.068261,0.082736,0.096308,0.313268
1711,0.188946,0.093499,0.067672,0.088397,0.068718,0.083141,0.096673,0.312954
1712,0.189728,0.093913,0.067617,0.088131,0.068291,0.082756,0.096323,0.313241
1713,0.189749,0.093924,0.067615,0.088123,0.068280,0.082746,0.096313,0.313249
1714,0.188325,0.093175,0.067710,0.088592,0.069048,0.083444,0.096961,0.312746
1715,0.189785,0.093950,0.067609,0.088099,0.068250,0.082728,0.096302,0.313277
1716,0.189769,0.093935,0.067614,0.088117,0.068269,0.082736,0.096304,0.313255
1717,0.188840,0.093444,0.067679,0.088430,0.068774,0.083192,0.096722,0.312919
1718,0.189744,0.093921,0.067616,0.088126,0.068283,0.082749,0.096315,0.313247
1719,0.189725,0.093916,0.067614,0.088124,0.068285,0.082758,0.096327,0.313250
1720,0.188889,0.093475,0.067673,0.088405,0.068739,0.083168,0.096703,0.312948
1721,0.188959,0.093513,0.067668,0.088381,0.068701,0.083134,0.096671,0.312973
1722,0.189747,0.093930,0.067612,0.088113,0.068271,0.082746,0.096318,0.313262
1723,0.188269,0.093152,0.067710,0.088599,0.069069,0.083471,0.096991,0.312740
1724,0.188268,0.093145,0.067714,0.088609,0.069078,0.083471,0.096987,0.312727
1725,0.188251,0.093136,0.067715,0.088615,0.069088,0.083480,0.096995,0.312721
1726,0.189714,0.093912,0.067614,0.088125,0.068289,0.082763,0.096332,0.313250
1727,0.188217,0.093130,0.067711,0.088606,0.069088,0.083496,0.097018,0.312733
