frame,time,id,class_id,conf,x1,y1,x2,y2,cx,cy,w,h,vx,vy,speed,est_depth,ego_vx,ego_vy
0,0.0,1,0,0.7034,141,255,176,347,158.5,301.0,35,92,0.0,0.0,0.0,3.913,0.0,0.0
0,0.0,2,0,0.6537,194,264,216,326,205.0,295.0,22,62,0.0,0.0,0.0,5.8065,0.0,0.0
0,0.0,3,0,0.5697,172,275,189,323,180.5,299.0,17,48,0.0,0.0,0.0,7.5,0.0,0.0
1,0.0333,1,0,0.7954,141,255,176,348,158.5,301.5,35,93,0.0,15.0,15.0,3.871,-0.7696,-0.7349
1,0.0333,2,0,0.7285,191,258,216,327,203.5,292.5,25,69,-45.0,-75.0,87.4643,5.2174,-0.7696,-0.7349
1,0.0333,3,0,0.6199,172,271,189,323,180.5,297.0,17,52,0.0,-60.0,60.0,6.9231,-0.7696,-0.7349
2,0.0667,1,0,0.7906,140,253,176,348,158.0,300.5,36,95,-15.0,-30.0,33.541,3.7895,-0.8486,-0.9189
2,0.0667,2,0,0.7061,191,258,215,327,203.0,292.5,24,69,-15.0,0.0,15.0,5.2174,-0.8486,-0.9189
2,0.0667,3,0,0.6374,171,271,188,323,179.5,297.0,17,52,-30.0,0.0,30.0,6.9231,-0.8486,-0.9189
3,0.1,1,0,0.7126,139,254,176,348,157.5,301.0,37,94,-15.0,15.0,21.2132,3.8298,-0.8445,-0.8816
3,0.1,2,0,0.7281,190,258,214,326,202.0,292.0,24,68,-30.0,-15.0,33.541,5.2941,-0.8445,-0.8816
3,0.1,3,0,0.6024,170,271,187,323,178.5,297.0,17,52,-30.0,0.0,30.0,6.9231,-0.8445,-0.8816
4,0.1333,1,0,0.6471,138,254,175,349,156.5,301.5,37,95,-30.0,15.0,33.541,3.7895,-0.5583,-0.5522
4,0.1333,2,0,0.7818,188,257,214,326,201.0,291.5,26,69,-30.0,-15.0,33.541,5.2174,-0.5583,-0.5522
4,0.1333,3,0,0.5669,170,269,187,322,178.5,295.5,17,53,0.0,-45.0,45.0,6.7925,-0.5583,-0.5522
5,0.1667,1,0,0.6546,138,255,176,348,157.0,301.5,38,93,15.0,0.0,15.0,3.871,-0.2564,-0.3045
5,0.1667,2,0,0.6568,187,257,213,326,200.0,291.5,26,69,-30.0,0.0,30.0,5.2174,-0.2564,-0.3045
5,0.1667,3,0,0.5546,168,266,186,321,177.0,293.5,18,55,-45.0,-60.0,75.0,6.5455,-0.2564,-0.3045
6,0.2,1,0,0.6414,137,253,177,348,157.0,300.5,40,95,0.0,-30.0,30.0,3.7895,-0.5806,-0.5785
6,0.2,2,0,0.7631,185,256,212,325,198.5,290.5,27,69,-45.0,-30.0,54.0833,5.2174,-0.5806,-0.5785
6,0.2,3,0,0.3838,167,263,186,321,176.5,292.0,19,58,-15.0,-45.0,47.4342,6.2069,-0.5806,-0.5785
7,0.2333,1,0,0.5521,137,252,176,348,156.5,300.0,39,96,-15.0,-15.0,21.2132,3.75,-0.5107,-0.6832
7,0.2333,2,0,0.7915,184,255,212,325,198.0,290.0,28,70,-15.0,-15.0,21.2132,5.1429,-0.5107,-0.6832
7,0.2333,3,0,0.4632,166,262,185,321,175.5,291.5,19,59,-30.0,-15.0,33.541,6.1017,-0.5107,-0.6832
8,0.2667,1,0,0.4745,137,251,172,344,154.5,297.5,35,93,-60.0,-75.0,96.0469,3.871,-0.6528,-0.378
8,0.2667,2,0,0.7734,184,255,211,325,197.5,290.0,27,70,-15.0,0.0,15.0,5.1429,-0.6528,-0.378
8,0.2667,3,0,0.537,167,262,184,322,175.5,292.0,17,60,0.0,15.0,15.0,6.0,-0.6528,-0.378
8,0.2667,5,0,0.4211,139,252,161,332,150.0,292.0,22,80,0.0,0.0,0.0,4.5,-0.6528,-0.378
9,0.3,1,0,0.5087,140,251,175,347,157.5,299.0,35,96,90.0,45.0,100.6231,3.75,-0.6037,-0.4185
9,0.3,2,0,0.7837,183,255,210,325,196.5,290.0,27,70,-30.0,0.0,30.0,5.1429,-0.6037,-0.4185
9,0.3,3,0,0.5767,167,262,183,321,175.0,291.5,16,59,-15.0,-15.0,21.2132,6.1017,-0.6037,-0.4185
10,0.3333,1,0,0.5004,140,251,177,348,158.5,299.5,37,97,30.0,15.0,33.541,3.7113,-0.6905,-0.3502
10,0.3333,2,0,0.7758,183,255,209,325,196.0,290.0,26,70,-15.0,0.0,15.0,5.1429,-0.6905,-0.3502
10,0.3333,3,0,0.5373,167,260,183,322,175.0,291.0,16,62,0.0,-15.0,15.0,5.8065,-0.6905,-0.3502
11,0.3667,1,0,0.5477,137,251,178,350,157.5,300.5,41,99,-30.0,30.0,42.4264,3.6364,-0.8194,-0.3947
11,0.3667,2,0,0.7793,183,255,209,325,196.0,290.0,26,70,0.0,0.0,0.0,5.1429,-0.8194,-0.3947
11,0.3667,3,0,0.4573,167,258,182,322,174.5,290.0,15,64,-15.0,-30.0,33.541,5.625,-0.8194,-0.3947
12,0.4,1,0,0.5187,135,251,178,351,156.5,301.0,43,100,-30.0,15.0,33.541,3.6,-0.9266,-0.3118
12,0.4,2,0,0.7598,182,255,208,325,195.0,290.0,26,70,-30.0,0.0,30.0,5.1429,-0.9266,-0.3118
12,0.4,3,0,0.4056,167,259,182,323,174.5,291.0,15,64,0.0,30.0,30.0,5.625,-0.9266,-0.3118
13,0.4333,1,0,0.3414,140,252,178,352,159.0,302.0,38,100,75.0,30.0,80.7775,3.6,-0.732,-0.2354
13,0.4333,2,0,0.7598,182,256,208,325,195.0,290.5,26,69,0.0,15.0,15.0,5.2174,-0.732,-0.2354
13,0.4333,3,0,0.4778,167,261,182,323,174.5,292.0,15,62,0.0,30.0,30.0,5.8065,-0.732,-0.2354
14,0.4667,1,0,0.4547,138,252,173,354,155.5,303.0,35,102,-105.0,30.0,109.2016,3.5294,-0.7773,-0.2115
14,0.4667,2,0,0.7927,181,256,207,327,194.0,291.5,26,71,-30.0,30.0,42.4264,5.0704,-0.7773,-0.2115
14,0.4667,3,0,0.3687,167,260,182,322,174.5,291.0,15,62,0.0,-30.0,30.0,5.8065,-0.7773,-0.2115
15,0.5,1,0,0.5571,137,253,174,354,155.5,303.5,37,101,0.0,15.0,15.0,3.5644,-0.5439,-0.2175
15,0.5,2,0,0.7841,181,257,207,327,194.0,292.0,26,70,0.0,15.0,15.0,5.1429,-0.5439,-0.2175
15,0.5,3,0,0.3256,167,259,182,322,174.5,290.5,15,63,0.0,-15.0,15.0,5.7143,-0.5439,-0.2175
16,0.5333,1,0,0.5415,138,253,175,354,156.5,303.5,37,101,30.0,0.0,30.0,3.5644,-0.4166,-0.2735
16,0.5333,2,0,0.7902,180,257,206,327,193.0,292.0,26,70,-30.0,0.0,30.0,5.1429,-0.4166,-0.2735
16,0.5333,3,0,0.3778,167,257,181,322,174.0,289.5,14,65,-15.0,-30.0,33.541,5.5385,-0.4166,-0.2735
17,0.5667,1,0,0.4924,138,252,174,355,156.0,303.5,36,103,-15.0,0.0,15.0,3.4951,-0.3677,-0.2793
17,0.5667,2,0,0.7872,180,257,207,327,193.5,292.0,27,70,15.0,0.0,15.0,5.1429,-0.3677,-0.2793
18,0.6,1,0,0.5714,138,251,176,356,157.0,303.5,38,105,30.0,0.0,30.0,3.4286,-0.2501,-0.477
18,0.6,2,0,0.7843,180,256,206,327,193.0,291.5,26,71,-15.0,-15.0,21.2132,5.0704,-0.2501,-0.477
19,0.6333,1,0,0.5971,139,252,176,356,157.5,304.0,37,104,15.0,15.0,21.2132,3.4615,-0.095,-0.7492
19,0.6333,2,0,0.7838,180,256,205,327,192.5,291.5,25,71,-15.0,0.0,15.0,5.0704,-0.095,-0.7492
20,0.6667,1,0,0.6454,139,250,177,356,158.0,303.0,38,106,15.0,-30.0,33.541,3.3962,-0.2647,-0.9669
20,0.6667,2,0,0.7626,180,256,205,325,192.5,290.5,25,69,0.0,-30.0,30.0,5.2174,-0.2647,-0.9669
21,0.7,1,0,0.5365,140,251,177,354,158.5,302.5,37,103,15.0,-15.0,21.2132,3.4951,0.1789,-0.8466
21,0.7,2,0,0.7377,179,255,204,324,191.5,289.5,25,69,-30.0,-30.0,42.4264,5.2174,0.1789,-0.8466
22,0.7333,1,0,0.6078,139,250,177,353,158.0,301.5,38,103,-15.0,-30.0,33.541,3.4951,0.095,-0.5686
22,0.7333,2,0,0.7045,180,255,203,325,191.5,290.0,23,70,0.0,15.0,15.0,5.1429,0.095,-0.5686
23,0.7667,1,0,0.5589,140,250,177,354,158.5,302.0,37,104,15.0,15.0,21.2132,3.4615,-0.0196,-0.2819
23,0.7667,2,0,0.684,180,254,202,325,191.0,289.5,22,71,-15.0,-15.0,21.2132,5.0704,-0.0196,-0.2819
23,0.7667,8,0,0.4978,200,268,214,318,207.0,293.0,14,50,0.0,0.0,0.0,7.2,-0.0196,-0.2819
24,0.8,1,0,0.6554,139,248,178,354,158.5,301.0,39,106,0.0,-30.0,30.0,3.3962,-0.0326,-0.3283
24,0.8,2,0,0.691,180,255,201,325,190.5,290.0,21,70,-15.0,15.0,21.2132,5.1429,-0.0326,-0.3283
24,0.8,8,0,0.5181,200,269,214,318,207.0,293.5,14,49,0.0,15.0,15.0,7.3469,-0.0326,-0.3283
25,0.8333,1,0,0.7034,139,248,177,354,158.0,301.0,38,106,-15.0,0.0,15.0,3.3962,0.0587,-0.4888
25,0.8333,2,0,0.7234,179,255,201,324,190.0,289.5,22,69,-15.0,-15.0,21.2132,5.2174,0.0587,-0.4888
25,0.8333,8,0,0.5575,199,272,216,319,207.5,295.5,17,47,15.0,60.0,61.8466,7.6596,0.0587,-0.4888
26,0.8667,1,0,0.6897,137,248,178,354,157.5,301.0,41,106,-15.0,0.0,15.0,3.3962,0.0018,-0.4152
26,0.8667,2,0,0.7032,178,256,200,324,189.0,290.0,22,68,-30.0,15.0,33.541,5.2941,0.0018,-0.4152
26,0.8667,8,0,0.5923,199,272,217,319,208.0,295.5,18,47,15.0,0.0,15.0,7.6596,0.0018,-0.4152
27,0.9,1,0,0.681,136,247,177,354,156.5,300.5,41,107,-30.0,-15.0,33.541,3.3645,-0.1544,-0.6113
27,0.9,2,0,0.671,177,256,200,324,188.5,290.0,23,68,-15.0,0.0,15.0,5.2941,-0.1544,-0.6113
27,0.9,8,0,0.5127,199,272,218,319,208.5,295.5,19,47,15.0,0.0,15.0,7.6596,-0.1544,-0.6113
27,0.9,3,0,0.3028,168,252,182,320,175.0,286.0,14,68,2.7273,-9.5455,9.9274,5.2941,-0.1544,-0.6113
28,0.9333,1,0,0.7669,137,247,178,354,157.5,300.5,41,107,30.0,0.0,30.0,3.3645,-0.1361,-0.5178
28,0.9333,2,0,0.671,177,256,200,324,188.5,290.0,23,68,0.0,0.0,0.0,5.2941,-0.1361,-0.5178
28,0.9333,8,0,0.5556,199,269,218,319,208.5,294.0,19,50,0.0,-45.0,45.0,7.2,-0.1361,-0.5178
29,0.9667,1,0,0.7342,136,247,179,355,157.5,301.0,43,108,0.0,15.0,15.0,3.3333,-0.1592,-0.9289
29,0.9667,2,0,0.6886,176,257,200,323,188.0,290.0,24,66,-15.0,0.0,15.0,5.4545,-0.1592,-0.9289
29,0.9667,8,0,0.6499,201,268,220,319,210.5,293.5,19,51,60.0,-15.0,61.8466,7.0588,-0.1592,-0.9289
29,0.9667,3,0,0.3188,168,251,183,321,175.5,286.0,15,70,7.5,0.0,7.5,5.1429,-0.1592,-0.9289
30,1.0,1,0,0.7942,136,244,180,356,158.0,300.0,44,112,15.0,-30.0,33.541,3.2143,-0.2813,-0.6515
30,1.0,2,0,0.6584,175,258,198,324,186.5,291.0,23,66,-45.0,30.0,54.0833,5.4545,-0.2813,-0.6515
30,1.0,8,0,0.6916,202,267,221,320,211.5,293.5,19,53,30.0,0.0,30.0,6.7925,-0.2813,-0.6515
31,1.0333,1,0,0.783,136,246,178,357,157.0,301.5,42,111,-30.0,45.0,54.0833,3.2432,-0.4061,-0.5379
31,1.0333,2,0,0.6687,175,259,197,323,186.0,291.0,22,64,-15.0,0.0,15.0,5.625,-0.4061,-0.5379
31,1.0333,8,0,0.6952,203,266,222,320,212.5,293.0,19,54,30.0,-15.0,33.541,6.6667,-0.4061,-0.5379
32,1.0667,1,0,0.7939,135,245,177,357,156.0,301.0,42,112,-30.0,-15.0,33.541,3.2143,-0.3559,-0.5982
32,1.0667,2,0,0.706,174,257,196,324,185.0,290.5,22,67,-30.0,-15.0,33.541,5.3731,-0.3559,-0.5982
32,1.0667,8,0,0.7137,203,265,222,320,212.5,292.5,19,55,0.0,-15.0,15.0,6.5455,-0.3559,-0.5982
33,1.1,1,0,0.8296,136,243,179,358,157.5,300.5,43,115,45.0,-15.0,47.4342,3.1304,-0.5124,-0.6186
33,1.1,2,0,0.6717,172,255,195,324,183.5,289.5,23,69,-45.0,-30.0,54.0833,5.2174,-0.5124,-0.6186
33,1.1,8,0,0.6671,203,265,222,319,212.5,292.0,19,54,0.0,-15.0,15.0,6.6667,-0.5124,-0.6186
34,1.1333,1,0,0.8405,135,242,179,358,157.0,300.0,44,116,-15.0,-15.0,21.2132,3.1034,-0.4346,-0.7476
34,1.1333,2,0,0.699,172,256,194,324,183.0,290.0,22,68,-15.0,15.0,21.2132,5.2941,-0.4346,-0.7476
34,1.1333,8,0,0.636,204,265,221,319,212.5,292.0,17,54,0.0,0.0,0.0,6.6667,-0.4346,-0.7476
35,1.1667,1,0,0.7945,135,248,176,358,155.5,303.0,41,110,-45.0,90.0,100.6231,3.2727,-0.3916,-0.4893
35,1.1667,2,0,0.7381,171,257,193,324,182.0,290.5,22,67,-30.0,15.0,33.541,5.3731,-0.3916,-0.4893
35,1.1667,8,0,0.6387,204,266,221,318,212.5,292.0,17,52,0.0,0.0,0.0,6.9231,-0.3916,-0.4893
36,1.2,1,0,0.7515,134,252,172,357,153.0,304.5,38,105,-75.0,45.0,87.4643,3.4286,-0.3555,-0.6954
36,1.2,2,0,0.763,171,258,192,323,181.5,290.5,21,65,-15.0,0.0,15.0,5.5385,-0.3555,-0.6954
36,1.2,8,0,0.6529,204,264,222,318,213.0,291.0,18,54,15.0,-30.0,33.541,6.6667,-0.3555,-0.6954
37,1.2333,1,0,0.7984,133,250,172,357,152.5,303.5,39,107,-15.0,-30.0,33.541,3.3645,-0.2927,-0.3745
37,1.2333,2,0,0.73,169,257,192,323,180.5,290.0,23,66,-30.0,-15.0,33.541,5.4545,-0.2927,-0.3745
37,1.2333,8,0,0.673,204,263,223,318,213.5,290.5,19,55,15.0,-15.0,21.2132,6.5455,-0.2927,-0.3745
38,1.2667,1,0,0.7674,131,249,171,358,151.0,303.5,40,109,-45.0,0.0,45.0,3.3028,-0.2738,-0.4925
38,1.2667,2,0,0.7109,169,255,191,323,180.0,289.0,22,68,-15.0,-30.0,33.541,5.2941,-0.2738,-0.4925
38,1.2667,8,0,0.6302,204,265,223,318,213.5,291.5,19,53,0.0,30.0,30.0,6.7925,-0.2738,-0.4925
39,1.3,1,0,0.7749,130,247,172,358,151.0,302.5,42,111,0.0,-30.0,30.0,3.2432,-0.4425,-0.4546
39,1.3,2,0,0.6977,168,254,191,322,179.5,288.0,23,68,-15.0,-30.0,33.541,5.2941,-0.4425,-0.4546
39,1.3,8,0,0.6485,204,265,224,318,214.0,291.5,20,53,15.0,0.0,15.0,6.7925,-0.4425,-0.4546
40,1.3333,1,0,0.7745,128,247,172,358,150.0,302.5,44,111,-30.0,0.0,30.0,3.2432,-0.3507,-0.2932
40,1.3333,2,0,0.7027,168,254,191,322,179.5,288.0,23,68,0.0,0.0,0.0,5.2941,-0.3507,-0.2932
40,1.3333,8,0,0.6765,204,264,224,318,214.0,291.0,20,54,0.0,-15.0,15.0,6.6667,-0.3507,-0.2932
41,1.3667,1,0,0.6974,126,246,170,358,148.0,302.0,44,112,-60.0,-15.0,61.8466,3.2143,-0.3735,-0.2273
41,1.3667,2,0,0.6849,167,254,190,322,178.5,288.0,23,68,-30.0,0.0,30.0,5.2941,-0.3735,-0.2273
41,1.3667,8,0,0.6722,203,264,225,318,214.0,291.0,22,54,0.0,0.0,0.0,6.6667,-0.3735,-0.2273
42,1.4,1,0,0.6592,126,248,168,358,147.0,303.0,42,110,-30.0,30.0,42.4264,3.2727,-0.4614,-0.4992
42,1.4,2,0,0.6611,165,255,188,323,176.5,289.0,23,68,-60.0,30.0,67.082,5.2941,-0.4614,-0.4992
42,1.4,8,0,0.6776,203,265,226,319,214.5,292.0,23,54,15.0,30.0,33.541,6.6667,-0.4614,-0.4992
43,1.4333,1,0,0.6726,125,248,168,359,146.5,303.5,43,111,-15.0,15.0,21.2132,3.2432,-0.6516,-0.4376
43,1.4333,2,0,0.6631,165,255,187,324,176.0,289.5,22,69,-15.0,15.0,21.2132,5.2174,-0.6516,-0.4376
43,1.4333,8,0,0.7111,203,264,226,319,214.5,291.5,23,55,0.0,-15.0,15.0,6.5455,-0.6516,-0.4376
44,1.4667,1,0,0.6887,123,244,171,359,147.0,301.5,48,115,15.0,-60.0,61.8466,3.1304,-0.4294,-0.2011
44,1.4667,2,0,0.6929,164,256,186,325,175.0,290.5,22,69,-30.0,30.0,42.4264,5.2174,-0.4294,-0.2011
44,1.4667,8,0,0.7169,203,264,226,319,214.5,291.5,23,55,0.0,0.0,0.0,6.5455,-0.4294,-0.2011
45,1.5,1,0,0.73,122,240,173,360,147.5,300.0,51,120,15.0,-45.0,47.4342,3.0,-0.5318,-0.3562
45,1.5,2,0,0.6685,163,257,184,325,173.5,291.0,21,68,-45.0,15.0,47.4342,5.2941,-0.5318,-0.3562
45,1.5,8,0,0.7005,204,265,226,320,215.0,292.5,22,55,15.0,30.0,33.541,6.5455,-0.5318,-0.3562
46,1.5333,1,0,0.716,120,240,171,360,145.5,300.0,51,120,-60.0,0.0,60.0,3.0,-0.4417,-0.2513
46,1.5333,2,0,0.6324,162,256,184,325,173.0,290.5,22,69,-15.0,-15.0,21.2132,5.2174,-0.4417,-0.2513
46,1.5333,8,0,0.739,205,264,226,320,215.5,292.0,21,56,15.0,-15.0,21.2132,6.4286,-0.4417,-0.2513
47,1.5667,1,0,0.7433,119,238,170,360,144.5,299.0,51,122,-30.0,-30.0,42.4264,2.9508,-0.5781,-0.2925
47,1.5667,2,0,0.6543,162,257,184,325,173.0,291.0,22,68,0.0,15.0,15.0,5.2941,-0.5781,-0.2925
47,1.5667,8,0,0.7305,206,264,227,320,216.5,292.0,21,56,30.0,0.0,30.0,6.4286,-0.5781,-0.2925
48,1.6,1,0,0.7635,119,239,168,360,143.5,299.5,49,121,-30.0,15.0,33.541,2.9752,-0.448,-0.2391
48,1.6,2,0,0.6598,161,258,184,325,172.5,291.5,23,67,-15.0,15.0,21.2132,5.3731,-0.448,-0.2391
48,1.6,8,0,0.7515,206,264,226,320,216.0,292.0,20,56,-15.0,0.0,15.0,6.4286,-0.448,-0.2391
49,1.6333,1,0,0.7558,120,245,168,360,144.0,302.5,48,115,15.0,90.0,91.2414,3.1304,-0.377,-0.433
49,1.6333,2,0,0.6613,161,260,184,326,172.5,293.0,23,66,0.0,45.0,45.0,5.4545,-0.377,-0.433
49,1.6333,8,0,0.7489,207,264,227,320,217.0,292.0,20,56,30.0,0.0,30.0,6.4286,-0.377,-0.433
50,1.6667,1,0,0.8086,120,242,168,359,144.0,300.5,48,117,0.0,-60.0,60.0,3.0769,-0.3535,-0.5416
50,1.6667,2,0,0.6559,159,259,183,326,171.0,292.5,24,67,-45.0,-15.0,47.4342,5.3731,-0.3535,-0.5416
50,1.6667,8,0,0.7242,207,263,227,320,217.0,291.5,20,57,0.0,-15.0,15.0,6.3158,-0.3535,-0.5416
51,1.7,1,0,0.7952,119,239,167,359,143.0,299.0,48,120,-30.0,-45.0,54.0833,3.0,-0.2735,-0.2961
51,1.7,2,0,0.6125,159,258,182,325,170.5,291.5,23,67,-15.0,-30.0,33.541,5.3731,-0.2735,-0.2961
51,1.7,8,0,0.7365,207,263,227,320,217.0,291.5,20,57,0.0,0.0,0.0,6.3158,-0.2735,-0.2961
52,1.7333,1,0,0.8034,118,238,167,359,142.5,298.5,49,121,-15.0,-15.0,21.2132,2.9752,-0.3706,-0.5392
52,1.7333,2,0,0.5947,158,258,181,325,169.5,291.5,23,67,-30.0,0.0,30.0,5.3731,-0.3706,-0.5392
52,1.7333,8,0,0.7462,208,263,227,320,217.5,291.5,19,57,15.0,0.0,15.0,6.3158,-0.3706,-0.5392
53,1.7667,1,0,0.7859,118,239,165,359,141.5,299.0,47,120,-30.0,15.0,33.541,3.0,-0.3263,-0.4305
53,1.7667,2,0,0.6223,157,257,180,324,168.5,290.5,23,67,-30.0,-30.0,42.4264,5.3731,-0.3263,-0.4305
53,1.7667,8,0,0.76,208,261,227,320,217.5,290.5,19,59,0.0,-30.0,30.0,6.1017,-0.3263,-0.4305
54,1.8,1,0,0.8102,117,240,164,359,140.5,299.5,47,119,-30.0,15.0,33.541,3.0252,-0.2518,-0.4847
54,1.8,2,0,0.706,155,257,178,324,166.5,290.5,23,67,-60.0,0.0,60.0,5.3731,-0.2518,-0.4847
54,1.8,8,0,0.7653,208,260,229,320,218.5,290.0,21,60,30.0,-15.0,33.541,6.0,-0.2518,-0.4847
55,1.8333,1,0,0.6664,117,240,162,359,139.5,299.5,45,119,-30.0,0.0,30.0,3.0252,-0.3867,-0.443
55,1.8333,2,0,0.7219,154,257,177,323,165.5,290.0,23,66,-30.0,-15.0,33.541,5.4545,-0.3867,-0.443
55,1.8333,8,0,0.7689,208,259,230,320,219.0,289.5,22,61,15.0,-15.0,21.2132,5.9016,-0.3867,-0.443
56,1.8667,1,0,0.7804,116,238,161,359,138.5,298.5,45,121,-30.0,-30.0,42.4264,2.9752,-0.2947,-0.4369
56,1.8667,2,0,0.7256,153,258,176,324,164.5,291.0,23,66,-30.0,30.0,42.4264,5.4545,-0.2947,-0.4369
56,1.8667,8,0,0.769,208,259,230,320,219.0,289.5,22,61,0.0,0.0,0.0,5.9016,-0.2947,-0.4369
57,1.9,1,0,0.7157,114,239,160,359,137.0,299.0,46,120,-45.0,15.0,47.4342,3.0,-0.2881,-0.3162
57,1.9,2,0,0.7361,152,257,176,324,164.0,290.5,24,67,-15.0,-15.0,21.2132,5.3731,-0.2881,-0.3162
57,1.9,8,0,0.7677,208,259,230,320,219.0,289.5,22,61,0.0,0.0,0.0,5.9016,-0.2881,-0.3162
58,1.9333,1,0,0.6741,114,238,159,359,136.5,298.5,45,121,-15.0,-15.0,21.2132,2.9752,-0.3791,-0.4776
58,1.9333,2,0,0.7203,151,257,175,324,163.0,290.5,24,67,-30.0,0.0,30.0,5.3731,-0.3791,-0.4776
58,1.9333,8,0,0.7645,208,260,231,321,219.5,290.5,23,61,15.0,30.0,33.541,5.9016,-0.3791,-0.4776
59,1.9667,1,0,0.7057,113,239,159,359,136.0,299.0,46,120,-15.0,15.0,21.2132,3.0,-0.5393,-0.3553
59,1.9667,2,0,0.7076,151,256,174,325,162.5,290.5,23,69,-15.0,0.0,15.0,5.2174,-0.5393,-0.3553
59,1.9667,8,0,0.7848,208,260,231,322,219.5,291.0,23,62,0.0,15.0,15.0,5.8065,-0.5393,-0.3553
60,2.0,1,0,0.7403,113,239,157,359,135.0,299.0,44,120,-30.0,0.0,30.0,3.0,-0.2576,-0.3204
60,2.0,2,0,0.7377,150,256,174,325,162.0,290.5,24,69,-15.0,0.0,15.0,5.2174,-0.2576,-0.3204
60,2.0,8,0,0.7786,208,261,231,323,219.5,292.0,23,62,0.0,30.0,30.0,5.8065,-0.2576,-0.3204
61,2.0333,1,0,0.6679,111,239,157,359,134.0,299.0,46,120,-30.0,0.0,30.0,3.0,-0.4497,-0.2771
61,2.0333,2,0,0.7063,149,256,173,325,161.0,290.5,24,69,-30.0,0.0,30.0,5.2174,-0.4497,-0.2771
61,2.0333,8,0,0.7842,208,260,231,323,219.5,291.5,23,63,0.0,-15.0,15.0,5.7143,-0.4497,-0.2771
62,2.0667,1,0,0.6368,110,242,154,360,132.0,301.0,44,118,-60.0,60.0,84.8528,3.0508,-0.5272,-0.3347
62,2.0667,2,0,0.6622,148,258,172,325,160.0,291.5,24,67,-30.0,30.0,42.4264,5.3731,-0.5272,-0.3347
62,2.0667,8,0,0.7998,208,260,230,323,219.0,291.5,22,63,-15.0,0.0,15.0,5.7143,-0.5272,-0.3347
63,2.1,1,0,0.674,108,245,151,360,129.5,302.5,43,115,-75.0,45.0,87.4643,3.1304,-0.4745,-0.3205
63,2.1,2,0,0.7135,147,259,171,326,159.0,292.5,24,67,-30.0,30.0,42.4264,5.3731,-0.4745,-0.3205
63,2.1,8,0,0.8149,208,260,230,324,219.0,292.0,22,64,0.0,15.0,15.0,5.625,-0.4745,-0.3205
64,2.1333,1,0,0.6952,107,243,150,360,128.5,301.5,43,117,-30.0,-30.0,42.4264,3.0769,-0.3941,-0.2036
64,2.1333,2,0,0.7132,146,257,170,326,158.0,291.5,24,69,-30.0,-30.0,42.4264,5.2174,-0.3941,-0.2036
64,2.1333,8,0,0.8173,208,260,230,325,219.0,292.5,22,65,0.0,15.0,15.0,5.5385,-0.3941,-0.2036
65,2.1667,1,0,0.7173,106,241,149,359,127.5,300.0,43,118,-30.0,-45.0,54.0833,3.0508,-0.4668,-0.482
65,2.1667,2,0,0.712,145,257,169,326,157.0,291.5,24,69,-30.0,0.0,30.0,5.2174,-0.4668,-0.482
65,2.1667,8,0,0.7959,208,260,230,325,219.0,292.5,22,65,0.0,0.0,0.0,5.5385,-0.4668,-0.482
66,2.2,1,0,0.7238,105,241,148,359,126.5,300.0,43,118,-30.0,0.0,30.0,3.0508,-0.4743,-0.4211
66,2.2,2,0,0.7196,144,257,168,325,156.0,291.0,24,68,-30.0,-15.0,33.541,5.2941,-0.4743,-0.4211
66,2.2,8,0,0.8014,208,258,230,326,219.0,292.0,22,68,0.0,-15.0,15.0,5.2941,-0.4743,-0.4211
67,2.2333,1,0,0.6746,106,239,148,359,127.0,299.0,42,120,15.0,-30.0,33.541,3.0,-0.5266,-0.3982
67,2.2333,2,0,0.7086,142,256,168,324,155.0,290.0,26,68,-30.0,-30.0,42.4264,5.2941,-0.5266,-0.3982
67,2.2333,8,0,0.7992,208,257,231,326,219.5,291.5,23,69,15.0,-15.0,21.2132,5.2174,-0.5266,-0.3982
68,2.2667,1,0,0.6441,107,238,148,359,127.5,298.5,41,121,15.0,-15.0,21.2132,2.9752,-0.3442,-0.3261
68,2.2667,2,0,0.7102,141,256,168,324,154.5,290.0,27,68,-15.0,0.0,15.0,5.2941,-0.3442,-0.3261
68,2.2667,8,0,0.7919,208,256,231,326,219.5,291.0,23,70,0.0,-15.0,15.0,5.1429,-0.3442,-0.3261
69,2.3,1,0,0.6157,105,237,148,359,126.5,298.0,43,122,-30.0,-15.0,33.541,2.9508,-0.4294,-0.4646
69,2.3,2,0,0.7149,141,256,167,324,154.0,290.0,26,68,-15.0,0.0,15.0,5.2941,-0.4294,-0.4646
69,2.3,8,0,0.802,207,255,231,325,219.0,290.0,24,70,-15.0,-30.0,33.541,5.1429,-0.4294,-0.4646
70,2.3333,1,0,0.7929,100,235,148,359,124.0,297.0,48,124,-75.0,-30.0,80.7775,2.9032,-0.4093,-0.6186
70,2.3333,2,0,0.627,140,255,166,324,153.0,289.5,26,69,-30.0,-15.0,33.541,5.2174,-0.4093,-0.6186
70,2.3333,8,0,0.8091,207,255,232,326,219.5,290.5,25,71,15.0,15.0,21.2132,5.0704,-0.4093,-0.6186
71,2.3667,1,0,0.6152,99,237,147,359,123.0,298.0,48,122,-30.0,30.0,42.4264,2.9508,-0.2484,-0.176
71,2.3667,2,0,0.6584,140,253,164,324,152.0,288.5,24,71,-30.0,-30.0,42.4264,5.0704,-0.2484,-0.176
71,2.3667,8,0,0.8232,208,256,232,326,220.0,291.0,24,70,15.0,15.0,21.2132,5.1429,-0.2484,-0.176
72,2.4,1,0,0.6594,97,238,143,359,120.0,298.5,46,121,-90.0,15.0,91.2414,2.9752,-0.4436,-0.4624
72,2.4,2,0,0.638,139,253,162,324,150.5,288.5,23,71,-45.0,0.0,45.0,5.0704,-0.4436,-0.4624
72,2.4,8,0,0.8312,208,256,232,326,220.0,291.0,24,70,0.0,0.0,0.0,5.1429,-0.4436,-0.4624
73,2.4333,1,0,0.7019,95,238,141,359,118.0,298.5,46,121,-60.0,0.0,60.0,2.9752,-0.374,-0.3627
73,2.4333,2,0,0.6858,138,255,161,325,149.5,290.0,23,70,-30.0,45.0,54.0833,5.1429,-0.374,-0.3627
73,2.4333,8,0,0.8132,208,257,233,326,220.5,291.5,25,69,15.0,15.0,21.2132,5.2174,-0.374,-0.3627
74,2.4667,1,0,0.7565,92,235,140,359,116.0,297.0,48,124,-60.0,-45.0,75.0,2.9032,-0.4876,-0.4953
74,2.4667,2,0,0.7183,137,255,160,325,148.5,290.0,23,70,-30.0,0.0,30.0,5.1429,-0.4876,-0.4953
74,2.4667,8,0,0.8098,207,257,233,327,220.0,292.0,26,70,-15.0,15.0,21.2132,5.1429,-0.4876,-0.4953
75,2.5,1,0,0.8283,91,233,141,359,116.0,296.0,50,126,0.0,-30.0,30.0,2.8571,-0.5331,-0.4153
75,2.5,2,0,0.7305,136,255,159,325,147.5,290.0,23,70,-30.0,0.0,30.0,5.1429,-0.5331,-0.4153
75,2.5,8,0,0.8221,207,257,233,327,220.0,292.0,26,70,0.0,0.0,0.0,5.1429,-0.5331,-0.4153
76,2.5333,1,0,0.7878,89,233,142,358,115.5,295.5,53,125,-15.0,-15.0,21.2132,2.88,-0.3156,-0.3303
76,2.5333,2,0,0.7027,135,256,159,325,147.0,290.5,24,69,-15.0,15.0,21.2132,5.2174,-0.3156,-0.3303
76,2.5333,8,0,0.8128,207,257,233,328,220.0,292.5,26,71,0.0,15.0,15.0,5.0704,-0.3156,-0.3303
77,2.5667,1,0,0.7456,86,233,141,358,113.5,295.5,55,125,-60.0,0.0,60.0,2.88,-0.4234,-0.2579
77,2.5667,2,0,0.7006,135,256,159,325,147.0,290.5,24,69,0.0,0.0,0.0,5.2174,-0.4234,-0.2579
77,2.5667,8,0,0.7952,207,257,233,329,220.0,293.0,26,72,0.0,15.0,15.0,5.0,-0.4234,-0.2579
78,2.6,1,0,0.7762,79,234,139,359,109.0,296.5,60,125,-135.0,30.0,138.2932,2.88,-0.3842,-0.2621
78,2.6,2,0,0.6739,134,257,158,326,146.0,291.5,24,69,-30.0,30.0,42.4264,5.2174,-0.3842,-0.2621
78,2.6,8,0,0.7809,208,259,234,329,221.0,294.0,26,70,30.0,30.0,42.4264,5.1429,-0.3842,-0.2621
79,2.6333,1,0,0.8013,79,235,138,359,108.5,297.0,59,124,-15.0,15.0,21.2132,2.9032,-0.4226,-0.4407
79,2.6333,2,0,0.6867,134,257,158,327,146.0,292.0,24,70,0.0,15.0,15.0,5.1429,-0.4226,-0.4407
79,2.6333,8,0,0.788,208,259,234,330,221.0,294.5,26,71,0.0,15.0,15.0,5.0704,-0.4226,-0.4407
79,2.6333,11,0,0.5142,156,268,176,320,166.0,294.0,20,52,0.0,0.0,0.0,6.9231,-0.4226,-0.4407
80,2.6667,1,0,0.7401,78,235,138,359,108.0,297.0,60,124,-15.0,0.0,15.0,2.9032,-0.3163,-0.1985
80,2.6667,2,0,0.6755,134,257,158,327,146.0,292.0,24,70,0.0,0.0,0.0,5.1429,-0.3163,-0.1985
80,2.6667,8,0,0.7726,208,259,235,330,221.5,294.5,27,71,15.0,0.0,15.0,5.0704,-0.3163,-0.1985
80,2.6667,11,0,0.4886,156,267,177,320,166.5,293.5,21,53,15.0,-15.0,21.2132,6.7925,-0.3163,-0.1985
81,2.7,1,0,0.7733,79,234,137,359,108.0,296.5,58,125,0.0,-15.0,15.0,2.88,-0.3625,-0.3248
81,2.7,2,0,0.6737,134,258,158,326,146.0,292.0,24,68,0.0,0.0,0.0,5.2941,-0.3625,-0.3248
81,2.7,8,0,0.7651,209,259,235,331,222.0,295.0,26,72,15.0,15.0,21.2132,5.0,-0.3625,-0.3248
81,2.7,11,0,0.4684,156,267,177,320,166.5,293.5,21,53,0.0,0.0,0.0,6.7925,-0.3625,-0.3248
82,2.7333,1,0,0.7282,78,233,137,359,107.5,296.0,59,126,-15.0,-15.0,21.2132,2.8571,-0.34,-0.5366
82,2.7333,2,0,0.6883,133,261,158,326,145.5,293.5,25,65,-15.0,45.0,47.4342,5.5385,-0.34,-0.5366
82,2.7333,8,0,0.7727,209,258,234,330,221.5,294.0,25,72,-15.0,-30.0,33.541,5.0,-0.34,-0.5366
82,2.7333,11,0,0.5069,155,265,177,320,166.0,292.5,22,55,-15.0,-30.0,33.541,6.5455,-0.34,-0.5366
83,2.7667,1,0,0.7548,75,232,138,359,106.5,295.5,63,127,-30.0,-15.0,33.541,2.8346,-0.4489,-0.3066
83,2.7667,2,0,0.7185,132,261,157,326,144.5,293.5,25,65,-30.0,0.0,30.0,5.5385,-0.4489,-0.3066
83,2.7667,8,0,0.7942,209,258,234,330,221.5,294.0,25,72,0.0,0.0,0.0,5.0,-0.4489,-0.3066
83,2.7667,11,0,0.4909,156,265,177,320,166.5,292.5,21,55,15.0,0.0,15.0,6.5455,-0.4489,-0.3066
84,2.8,1,0,0.7613,74,231,137,359,105.5,295.0,63,128,-30.0,-15.0,33.541,2.8125,-0.2169,-0.3062
84,2.8,2,0,0.6974,131,261,157,326,144.0,293.5,26,65,-15.0,0.0,15.0,5.5385,-0.2169,-0.3062
84,2.8,8,0,0.7781,210,258,234,330,222.0,294.0,24,72,15.0,0.0,15.0,5.0,-0.2169,-0.3062
84,2.8,11,0,0.4614,156,263,177,320,166.5,291.5,21,57,0.0,-30.0,30.0,6.3158,-0.2169,-0.3062
85,2.8333,1,0,0.8373,71,229,137,359,104.0,294.0,66,130,-45.0,-30.0,54.0833,2.7692,-0.3501,-0.4008
85,2.8333,2,0,0.6307,131,259,156,325,143.5,292.0,25,66,-15.0,-45.0,47.4342,5.4545,-0.3501,-0.4008
85,2.8333,8,0,0.7366,210,257,234,330,222.0,293.5,24,73,0.0,-15.0,15.0,4.9315,-0.3501,-0.4008
85,2.8333,11,0,0.4696,156,264,177,320,166.5,292.0,21,56,0.0,15.0,15.0,6.4286,-0.3501,-0.4008
85,2.8333,16,0,0.5555,26,223,60,357,43.0,290.0,34,134,0.0,0.0,0.0,2.6866,-0.3501,-0.4008
86,2.8667,1,0,0.7884,70,229,136,359,103.0,294.0,66,130,-30.0,0.0,30.0,2.7692,-0.2836,-0.5381
86,2.8667,2,0,0.5133,130,258,157,325,143.5,291.5,27,67,0.0,-15.0,15.0,5.3731,-0.2836,-0.5381
86,2.8667,8,0,0.7464,210,257,234,331,222.0,294.0,24,74,0.0,15.0,15.0,4.8649,-0.2836,-0.5381
86,2.8667,11,0,0.5489,159,264,178,320,168.5,292.0,19,56,60.0,0.0,60.0,6.4286,-0.2836,-0.5381
86,2.8667,16,0,0.614,22,221,59,358,40.5,289.5,37,137,-75.0,-15.0,76.4853,2.6277,-0.2836,-0.5381
87,2.9,1,0,0.8452,70,227,134,359,102.0,293.0,64,132,-30.0,-30.0,42.4264,2.7273,-0.5633,-0.4329
87,2.9,2,0,0.574,128,258,156,325,142.0,291.5,28,67,-45.0,0.0,45.0,5.3731,-0.5633,-0.4329
87,2.9,8,0,0.7239,210,256,235,331,222.5,293.5,25,75,15.0,-15.0,21.2132,4.8,-0.5633,-0.4329
87,2.9,11,0,0.5246,159,264,179,319,169.0,291.5,20,55,15.0,-15.0,21.2132,6.5455,-0.5633,-0.4329
87,2.9,16,0,0.5515,19,220,56,358,37.5,289.0,37,138,-90.0,-15.0,91.2414,2.6087,-0.5633,-0.4329
88,2.9333,1,0,0.8345,68,227,133,359,100.5,293.0,65,132,-45.0,0.0,45.0,2.7273,-0.188,-0.2156
88,2.9333,2,0,0.6668,127,257,155,325,141.0,291.0,28,68,-30.0,-15.0,33.541,5.2941,-0.188,-0.2156
88,2.9333,8,0,0.7286,210,256,235,332,222.5,294.0,25,76,0.0,15.0,15.0,4.7368,-0.188,-0.2156
88,2.9333,11,0,0.5476,159,264,180,320,169.5,292.0,21,56,15.0,15.0,21.2132,6.4286,-0.188,-0.2156
88,2.9333,16,0,0.689,18,220,55,357,36.5,288.5,37,137,-30.0,-15.0,33.541,2.6277,-0.188,-0.2156
89,2.9667,1,0,0.8369,67,227,132,359,99.5,293.0,65,132,-30.0,0.0,30.0,2.7273,-0.3235,-0.3327
89,2.9667,2,0,0.6941,127,258,155,325,141.0,291.5,28,67,0.0,15.0,15.0,5.3731,-0.3235,-0.3327
89,2.9667,8,0,0.7334,210,256,235,332,222.5,294.0,25,76,0.0,0.0,0.0,4.7368,-0.3235,-0.3327
89,2.9667,11,0,0.5435,157,263,181,320,169.0,291.5,24,57,-15.0,-15.0,21.2132,6.3158,-0.3235,-0.3327
89,2.9667,16,0,0.7187,15,219,53,357,34.0,288.0,38,138,-75.0,-15.0,76.4853,2.6087,-0.3235,-0.3327
90,3.0,1,0,0.8212,64,227,131,359,97.5,293.0,67,132,-60.0,0.0,60.0,2.7273,-0.4402,-0.4175
90,3.0,2,0,0.6887,126,258,154,325,140.0,291.5,28,67,-30.0,0.0,30.0,5.3731,-0.4402,-0.4175
90,3.0,8,0,0.6713,210,257,236,332,223.0,294.5,26,75,15.0,15.0,21.2132,4.8,-0.4402,-0.4175
90,3.0,11,0,0.5128,161,264,182,321,171.5,292.5,21,57,75.0,30.0,80.7775,6.3158,-0.4402,-0.4175
90,3.0,16,0,0.7038,12,219,52,358,32.0,288.5,40,139,-60.0,15.0,61.8466,2.5899,-0.4402,-0.4175
91,3.0333,1,0,0.8413,63,225,130,359,96.5,292.0,67,134,-30.0,-30.0,42.4264,2.6866,-0.4481,-0.3918
91,3.0333,2,0,0.7306,125,258,154,326,139.5,292.0,29,68,-15.0,15.0,21.2132,5.2941,-0.4481,-0.3918
91,3.0333,8,0,0.7285,210,257,239,334,224.5,295.5,29,77,45.0,30.0,54.0833,4.6753,-0.4481,-0.3918
91,3.0333,11,0,0.4232,159,263,181,320,170.0,291.5,22,57,-45.0,-30.0,54.0833,6.3158,-0.4481,-0.3918
91,3.0333,16,0,0.5555,9,218,50,358,29.5,288.0,41,140,-75.0,-15.0,76.4853,2.5714,-0.4481,-0.3918
92,3.0667,1,0,0.8138,61,224,128,359,94.5,291.5,67,135,-60.0,-15.0,61.8466,2.6667,-0.1443,-0.2156
92,3.0667,2,0,0.7148,123,259,154,326,138.5,292.5,31,67,-30.0,15.0,33.541,5.3731,-0.1443,-0.2156
92,3.0667,8,0,0.7629,210,257,240,334,225.0,295.5,30,77,15.0,0.0,15.0,4.6753,-0.1443,-0.2156
92,3.0667,11,0,0.3139,159,263,183,321,171.0,292.0,24,58,30.0,15.0,33.541,6.2069,-0.1443,-0.2156
92,3.0667,16,0,0.3552,7,222,46,358,26.5,290.0,39,136,-90.0,60.0,108.1665,2.6471,-0.1443,-0.2156
92,3.0667,20,0,0.4391,21,220,52,310,36.5,265.0,31,90,0.0,0.0,0.0,4.0,-0.1443,-0.2156
93,3.1,1,0,0.7929,55,225,127,359,91.0,292.0,72,134,-105.0,15.0,106.066,2.6866,-0.3101,-0.2037
93,3.1,2,0,0.6486,122,259,153,327,137.5,293.0,31,68,-30.0,15.0,33.541,5.2941,-0.3101,-0.2037
93,3.1,8,0,0.7886,210,257,241,335,225.5,296.0,31,78,15.0,15.0,21.2132,4.6154,-0.3101,-0.2037
93,3.1,16,0,0.5408,4,221,45,358,24.5,289.5,41,137,-60.0,-15.0,61.8466,2.6277,-0.3101,-0.2037
94,3.1333,1,0,0.8332,54,224,127,360,90.5,292.0,73,136,-15.0,0.0,15.0,2.6471,-0.3568,-0.1661
94,3.1333,2,0,0.6497,121,261,151,327,136.0,294.0,30,66,-45.0,30.0,54.0833,5.4545,-0.3568,-0.1661
94,3.1333,8,0,0.7908,210,257,240,336,225.0,296.5,30,79,-15.0,15.0,21.2132,4.557,-0.3568,-0.1661
94,3.1333,16,0,0.4966,1,223,43,358,22.0,290.5,42,135,-75.0,30.0,80.7775,2.6667,-0.3568,-0.1661
94,3.1333,11,0,0.3697,162,262,185,321,173.5,291.5,23,59,37.5,-7.5,38.2426,6.1017,-0.3568,-0.1661
95,3.1667,1,0,0.8623,55,222,127,359,91.0,290.5,72,137,15.0,-45.0,47.4342,2.6277,-0.3453,-0.3528
95,3.1667,2,0,0.7178,122,261,150,327,136.0,294.0,28,66,0.0,0.0,0.0,5.4545,-0.3453,-0.3528
95,3.1667,8,0,0.7999,211,256,240,337,225.5,296.5,29,81,15.0,0.0,15.0,4.4444,-0.3453,-0.3528
95,3.1667,16,0,0.4868,0,220,41,358,20.5,289.0,41,138,-45.0,-45.0,63.6396,2.6087,-0.3453,-0.3528
95,3.1667,11,0,0.3221,163,264,187,321,175.0,292.5,24,57,45.0,30.0,54.0833,6.3158,-0.3453,-0.3528
96,3.2,1,0,0.8553,54,220,126,359,90.0,289.5,72,139,-30.0,-30.0,42.4264,2.5899,-0.1293,-0.001
96,3.2,2,0,0.7217,122,261,150,328,136.0,294.5,28,67,0.0,15.0,15.0,5.3731,-0.1293,-0.001
96,3.2,8,0,0.8114,211,256,240,338,225.5,297.0,29,82,0.0,15.0,15.0,4.3902,-0.1293,-0.001
96,3.2,16,0,0.5638,0,219,40,359,20.0,289.0,40,140,-15.0,0.0,15.0,2.5714,-0.1293,-0.001
97,3.2333,1,0,0.8432,53,220,126,359,89.5,289.5,73,139,-15.0,0.0,15.0,2.5899,-0.3356,-0.2234
97,3.2333,2,0,0.7048,122,262,150,327,136.0,294.5,28,65,0.0,0.0,0.0,5.5385,-0.3356,-0.2234
97,3.2333,8,0,0.8317,211,257,240,338,225.5,297.5,29,81,0.0,15.0,15.0,4.4444,-0.3356,-0.2234
97,3.2333,16,0,0.4573,0,219,37,358,18.5,288.5,37,139,-45.0,-15.0,47.4342,2.5899,-0.3356,-0.2234
97,3.2333,11,0,0.3428,163,262,188,323,175.5,292.5,25,61,7.5,0.0,7.5,5.9016,-0.3356,-0.2234
98,3.2667,1,0,0.8097,52,220,125,359,88.5,289.5,73,139,-30.0,0.0,30.0,2.5899,-0.2979,-0.3486
98,3.2667,2,0,0.6953,122,262,149,327,135.5,294.5,27,65,-15.0,0.0,15.0,5.5385,-0.2979,-0.3486
98,3.2667,8,0,0.8491,211,255,241,338,226.0,296.5,30,83,15.0,-30.0,33.541,4.3373,-0.2979,-0.3486
98,3.2667,16,0,0.4775,0,198,32,358,16.0,278.0,32,160,-75.0,-315.0,323.8055,2.25,-0.2979,-0.3486
98,3.2667,11,0,0.5053,164,261,189,324,176.5,292.5,25,63,30.0,0.0,30.0,5.7143,-0.2979,-0.3486
99,3.3,1,0,0.7909,51,221,125,358,88.0,289.5,74,137,-15.0,0.0,15.0,2.6277,-0.3632,-0.2632
99,3.3,2,0,0.7214,122,261,148,328,135.0,294.5,26,67,-15.0,0.0,15.0,5.3731,-0.3632,-0.2632
99,3.3,8,0,0.8194,211,254,242,338,226.5,296.0,31,84,15.0,-15.0,21.2132,4.2857,-0.3632,-0.2632
99,3.3,16,0,0.4703,0,187,30,358,15.0,272.5,30,171,-30.0,-165.0,167.7051,2.1053,-0.3632,-0.2632
99,3.3,11,0,0.553,166,260,189,324,177.5,292.0,23,64,30.0,-15.0,33.541,5.625,-0.3632,-0.2632
100,3.3333,1,0,0.8137,49,221,124,358,86.5,289.5,75,137,-45.0,0.0,45.0,2.6277,-0.2421,-0.1698
100,3.3333,2,0,0.7225,122,261,148,328,135.0,294.5,26,67,0.0,0.0,0.0,5.3731,-0.2421,-0.1698
100,3.3333,8,0,0.8298,212,254,242,338,227.0,296.0,30,84,15.0,0.0,15.0,4.2857,-0.2421,-0.1698
100,3.3333,16,0,0.5895,0,175,28,357,14.0,266.0,28,182,-30.0,-195.0,197.2942,1.978,-0.2421,-0.1698
100,3.3333,11,0,0.5482,167,260,189,324,178.0,292.0,22,64,15.0,0.0,15.0,5.625,-0.2421,-0.1698
101,3.3667,1,0,0.8062,49,221,123,358,86.0,289.5,74,137,-15.0,0.0,15.0,2.6277,-0.2459,-0.3653
101,3.3667,2,0,0.7245,122,260,148,327,135.0,293.5,26,67,0.0,-30.0,30.0,5.3731,-0.2459,-0.3653
101,3.3667,8,0,0.8267,212,252,242,338,227.0,295.0,30,86,0.0,-30.0,30.0,4.186,-0.2459,-0.3653
101,3.3667,16,0,0.5175,0,168,24,356,12.0,262.0,24,188,-60.0,-120.0,134.1641,1.9149,-0.2459,-0.3653
101,3.3667,11,0,0.5988,168,260,189,324,178.5,292.0,21,64,15.0,0.0,15.0,5.625,-0.2459,-0.3653
102,3.4,1,0,0.8528,47,220,125,358,86.0,289.0,78,138,0.0,-15.0,15.0,2.6087,-0.3896,-0.128
102,3.4,2,0,0.7235,121,260,147,327,134.0,293.5,26,67,-30.0,0.0,30.0,5.3731,-0.3896,-0.128
102,3.4,8,0,0.8241,213,252,242,338,227.5,295.0,29,86,15.0,0.0,15.0,4.186,-0.3896,-0.128
102,3.4,16,0,0.4901,0,200,19,348,9.5,274.0,19,148,-75.0,360.0,367.7295,2.4324,-0.3896,-0.128
102,3.4,11,0,0.3916,168,259,189,323,178.5,291.0,21,64,0.0,-30.0,30.0,5.625,-0.3896,-0.128
103,3.4333,1,0,0.8531,45,218,124,359,84.5,288.5,79,141,-45.0,-15.0,47.4342,2.5532,-0.3359,-0.3955
103,3.4333,2,0,0.738,120,260,146,326,133.0,293.0,26,66,-30.0,-15.0,33.541,5.4545,-0.3359,-0.3955
103,3.4333,8,0,0.8296,213,251,243,338,228.0,294.5,30,87,15.0,-15.0,21.2132,4.1379,-0.3359,-0.3955
103,3.4333,16,0,0.523,0,216,20,336,10.0,276.0,20,120,15.0,60.0,61.8466,3.0,-0.3359,-0.3955
104,3.4667,1,0,0.863,42,216,123,358,82.5,287.0,81,142,-60.0,-45.0,75.0,2.5352,-0.3589,-0.3304
104,3.4667,2,0,0.7301,120,260,145,326,132.5,293.0,25,66,-15.0,0.0,15.0,5.4545,-0.3589,-0.3304
104,3.4667,8,0,0.8176,213,251,243,339,228.0,295.0,30,88,0.0,15.0,15.0,4.0909,-0.3589,-0.3304
104,3.4667,16,0,0.5975,0,214,19,332,9.5,273.0,19,118,-15.0,-90.0,91.2414,3.0508,-0.3589,-0.3304
105,3.5,1,0,0.8512,38,217,122,359,80.0,288.0,84,142,-75.0,30.0,80.7775,2.5352,-0.3463,-0.2471
105,3.5,2,0,0.7451,120,260,145,327,132.5,293.5,25,67,0.0,15.0,15.0,5.3731,-0.3463,-0.2471
105,3.5,8,0,0.8272,213,252,244,340,228.5,296.0,31,88,15.0,30.0,33.541,4.0909,-0.3463,-0.2471
105,3.5,11,0,0.333,169,261,189,322,179.0,291.5,20,61,5.0,5.0,7.0711,5.9016,-0.3463,-0.2471
106,3.5333,1,0,0.8496,35,217,119,359,77.0,288.0,84,142,-90.0,0.0,90.0,2.5352,-0.5126,-0.4711
106,3.5333,2,0,0.7713,119,259,145,327,132.0,293.0,26,68,-15.0,-15.0,21.2132,5.2941,-0.5126,-0.4711
106,3.5333,8,0,0.8287,213,251,244,341,228.5,296.0,31,90,0.0,0.0,0.0,4.0,-0.5126,-0.4711
106,3.5333,11,0,0.5223,169,260,189,322,179.0,291.0,20,62,0.0,-15.0,15.0,5.8065,-0.5126,-0.4711
107,3.5667,1,0,0.8532,32,217,116,359,74.0,288.0,84,142,-90.0,0.0,90.0,2.5352,-0.3516,-0.3181
107,3.5667,2,0,0.7821,119,259,144,328,131.5,293.5,25,69,-15.0,15.0,21.2132,5.2174,-0.3516,-0.3181
107,3.5667,8,0,0.8261,213,250,245,342,229.0,296.0,32,92,15.0,0.0,15.0,3.913,-0.3516,-0.3181
107,3.5667,11,0,0.6046,170,260,190,324,180.0,292.0,20,64,30.0,30.0,42.4264,5.625,-0.3516,-0.3181
108,3.6,1,0,0.8389,24,217,115,359,69.5,288.0,91,142,-135.0,0.0,135.0,2.5352,-0.4249,-0.3619
108,3.6,2,0,0.7737,119,258,144,328,131.5,293.0,25,70,0.0,-15.0,15.0,5.1429,-0.4249,-0.3619
108,3.6,8,0,0.8272,213,250,245,343,229.0,296.5,32,93,0.0,15.0,15.0,3.871,-0.4249,-0.3619
108,3.6,11,0,0.6589,170,263,190,324,180.0,293.5,20,61,0.0,45.0,45.0,5.9016,-0.4249,-0.3619
109,3.6333,1,0,0.828,20,217,110,359,65.0,288.0,90,142,-135.0,0.0,135.0,2.5352,-0.3623,-0.1345
109,3.6333,2,0,0.7608,119,258,144,328,131.5,293.0,25,70,0.0,0.0,0.0,5.1429,-0.3623,-0.1345
109,3.6333,8,0,0.8257,213,250,245,344,229.0,297.0,32,94,0.0,15.0,15.0,3.8298,-0.3623,-0.1345
109,3.6333,11,0,0.6606,171,265,191,324,181.0,294.5,20,59,30.0,30.0,42.4264,6.1017,-0.3623,-0.1345
110,3.6667,1,0,0.8406,16,217,107,359,61.5,288.0,91,142,-105.0,0.0,105.0,2.5352,-0.2686,-0.3415
110,3.6667,2,0,0.7592,118,259,144,329,131.0,294.0,26,70,-15.0,30.0,33.541,5.1429,-0.2686,-0.3415
110,3.6667,8,0,0.839,214,250,246,345,230.0,297.5,32,95,30.0,15.0,33.541,3.7895,-0.2686,-0.3415
110,3.6667,11,0,0.7048,171,265,192,325,181.5,295.0,21,60,15.0,15.0,21.2132,6.0,-0.2686,-0.3415
111,3.7,1,0,0.8613,15,218,105,358,60.0,288.0,90,140,-45.0,0.0,45.0,2.5714,-0.3615,-0.347
111,3.7,2,0,0.7758,118,259,144,329,131.0,294.0,26,70,0.0,0.0,0.0,5.1429,-0.3615,-0.347
111,3.7,8,0,0.8805,214,250,246,345,230.0,297.5,32,95,0.0,0.0,0.0,3.7895,-0.3615,-0.347
111,3.7,11,0,0.7086,172,265,193,325,182.5,295.0,21,60,30.0,0.0,30.0,6.0,-0.3615,-0.347
111,3.7,28,0,0.6758,102,276,120,325,111.0,300.5,18,49,0.0,0.0,0.0,7.3469,-0.3615,-0.347
112,3.7333,1,0,0.845,18,218,103,358,60.5,288.0,85,140,15.0,0.0,15.0,2.5714,-0.3517,-0.1768
112,3.7333,2,0,0.7944,118,258,144,329,131.0,293.5,26,71,0.0,-15.0,15.0,5.0704,-0.3517,-0.1768
112,3.7333,8,0,0.8782,214,249,247,345,230.5,297.0,33,96,15.0,-15.0,21.2132,3.75,-0.3517,-0.1768
112,3.7333,11,0,0.7137,172,265,194,325,183.0,295.0,22,60,15.0,0.0,15.0,6.0,-0.3517,-0.1768
112,3.7333,28,0,0.6177,101,275,119,325,110.0,300.0,18,50,-30.0,-15.0,33.541,7.2,-0.3517,-0.1768
112,3.7333,29,0,0.5699,9,281,25,323,17.0,302.0,16,42,0.0,0.0,0.0,8.5714,-0.3517,-0.1768
113,3.7667,1,0,0.858,18,218,100,358,59.0,288.0,82,140,-45.0,0.0,45.0,2.5714,-0.3393,-0.3944
113,3.7667,2,0,0.8146,118,258,144,328,131.0,293.0,26,70,0.0,-15.0,15.0,5.1429,-0.3393,-0.3944
113,3.7667,8,0,0.8795,215,247,248,346,231.5,296.5,33,99,30.0,-15.0,33.541,3.6364,-0.3393,-0.3944
113,3.7667,11,0,0.7373,172,265,194,325,183.0,295.0,22,60,0.0,0.0,0.0,6.0,-0.3393,-0.3944
113,3.7667,28,0,0.612,101,275,119,325,110.0,300.0,18,50,0.0,0.0,0.0,7.2,-0.3393,-0.3944
113,3.7667,29,0,0.372,9,282,23,323,16.0,302.5,14,41,-30.0,15.0,33.541,8.7805,-0.3393,-0.3944
114,3.8,1,0,0.8703,15,217,97,358,56.0,287.5,82,141,-90.0,-15.0,91.2414,2.5532,-0.3963,-0.2841
114,3.8,2,0,0.8214,118,257,144,327,131.0,292.0,26,70,0.0,-30.0,30.0,5.1429,-0.3963,-0.2841
114,3.8,8,0,0.8832,217,247,248,346,232.5,296.5,31,99,30.0,0.0,30.0,3.6364,-0.3963,-0.2841
114,3.8,11,0,0.7145,173,264,195,326,184.0,295.0,22,62,30.0,0.0,30.0,5.8065,-0.3963,-0.2841
114,3.8,28,0,0.5751,101,273,119,325,110.0,299.0,18,52,0.0,-30.0,30.0,6.9231,-0.3963,-0.2841
115,3.8333,1,0,0.8659,12,216,94,358,53.0,287.0,82,142,-90.0,-15.0,91.2414,2.5352,-0.33,-0.1864
115,3.8333,2,0,0.8304,117,257,144,327,130.5,292.0,27,70,-15.0,0.0,15.0,5.1429,-0.33,-0.1864
115,3.8333,8,0,0.8729,217,246,249,347,233.0,296.5,32,101,15.0,0.0,15.0,3.5644,-0.33,-0.1864
115,3.8333,11,0,0.7357,173,263,197,326,185.0,294.5,24,63,30.0,-15.0,33.541,5.7143,-0.33,-0.1864
115,3.8333,28,0,0.5245,100,272,118,324,109.0,298.0,18,52,-30.0,-30.0,42.4264,6.9231,-0.33,-0.1864
116,3.8667,1,0,0.8443,7,215,91,358,49.0,286.5,84,143,-120.0,-15.0,120.9339,2.5175,-0.1073,-0.2388
116,3.8667,2,0,0.8207,117,256,144,327,130.5,291.5,27,71,0.0,-15.0,15.0,5.0704,-0.1073,-0.2388
116,3.8667,8,0,0.8654,217,245,250,347,233.5,296.0,33,102,15.0,-15.0,21.2132,3.5294,-0.1073,-0.2388
116,3.8667,11,0,0.7732,173,261,197,326,185.0,293.5,24,65,0.0,-30.0,30.0,5.5385,-0.1073,-0.2388
116,3.8667,28,0,0.622,100,271,118,324,109.0,297.5,18,53,0.0,-15.0,15.0,6.7925,-0.1073,-0.2388
117,3.9,1,0,0.8643,4,214,93,358,48.5,286.0,89,144,-15.0,-15.0,21.2132,2.5,-0.3066,-0.1714
117,3.9,2,0,0.808,117,256,144,327,130.5,291.5,27,71,0.0,0.0,0.0,5.0704,-0.3066,-0.1714
117,3.9,8,0,0.8544,218,245,251,347,234.5,296.0,33,102,30.0,0.0,30.0,3.5294,-0.3066,-0.1714
117,3.9,11,0,0.7115,174,259,197,325,185.5,292.0,23,66,15.0,-45.0,47.4342,5.4545,-0.3066,-0.1714
117,3.9,28,0,0.5516,99,268,118,324,108.5,296.0,19,56,-15.0,-45.0,47.4342,6.4286,-0.3066,-0.1714
118,3.9333,1,0,0.8406,4,213,91,358,47.5,285.5,87,145,-30.0,-15.0,33.541,2.4828,-0.1038,-0.1038
118,3.9333,2,0,0.8039,117,256,144,326,130.5,291.0,27,70,0.0,-15.0,15.0,5.1429,-0.1038,-0.1038
118,3.9333,8,0,0.8521,218,245,254,347,236.0,296.0,36,102,45.0,0.0,45.0,3.5294,-0.1038,-0.1038
118,3.9333,11,0,0.762,176,258,197,325,186.5,291.5,21,67,30.0,-15.0,33.541,5.3731,-0.1038,-0.1038
118,3.9333,28,0,0.5798,98,268,118,324,108.0,296.0,20,56,-15.0,0.0,15.0,6.4286,-0.1038,-0.1038
119,3.9667,1,0,0.8492,1,212,85,358,43.0,285.0,84,146,-135.0,-15.0,135.8308,2.4658,0.0479,-0.0894
119,3.9667,2,0,0.8138,117,256,144,326,130.5,291.0,27,70,0.0,0.0,0.0,5.1429,0.0479,-0.0894
119,3.9667,8,0,0.845,219,244,256,348,237.5,296.0,37,104,45.0,0.0,45.0,3.4615,0.0479,-0.0894
119,3.9667,11,0,0.7354,177,257,198,325,187.5,291.0,21,68,30.0,-15.0,33.541,5.2941,0.0479,-0.0894
119,3.9667,28,0,0.6527,98,268,117,324,107.5,296.0,19,56,-15.0,0.0,15.0,6.4286,0.0479,-0.0894
120,4.0,1,0,0.858,0,211,82,358,41.0,284.5,82,147,-60.0,-15.0,61.8466,2.449,0.0534,-0.1659
120,4.0,2,0,0.8249,116,256,144,326,130.0,291.0,28,70,-15.0,0.0,15.0,5.1429,0.0534,-0.1659
120,4.0,8,0,0.8426,219,244,257,349,238.0,296.5,38,105,15.0,15.0,21.2132,3.4286,0.0534,-0.1659
120,4.0,11,0,0.7453,177,257,199,325,188.0,291.0,22,68,15.0,0.0,15.0,5.2941,0.0534,-0.1659
120,4.0,28,0,0.6591,98,267,117,323,107.5,295.0,19,56,0.0,-30.0,30.0,6.4286,0.0534,-0.1659
121,4.0333,1,0,0.8835,0,209,80,358,40.0,283.5,80,149,-30.0,-30.0,42.4264,2.4161,-0.1292,-0.174
121,4.0333,2,0,0.824,116,256,144,327,130.0,291.5,28,71,0.0,15.0,15.0,5.0704,-0.1292,-0.174
121,4.0333,8,0,0.8506,220,244,258,349,239.0,296.5,38,105,30.0,0.0,30.0,3.4286,-0.1292,-0.174
121,4.0333,11,0,0.6487,178,258,200,325,189.0,291.5,22,67,30.0,15.0,33.541,5.3731,-0.1292,-0.174
121,4.0333,28,0,0.6821,98,268,117,323,107.5,295.5,19,55,0.0,15.0,15.0,6.5455,-0.1292,-0.174
122,4.0667,1,0,0.8972,0,206,75,358,37.5,282.0,75,152,-75.0,-45.0,87.4643,2.3684,0.0615,-0.4688
122,4.0667,2,0,0.8192,115,256,144,327,129.5,291.5,29,71,-15.0,0.0,15.0,5.0704,0.0615,-0.4688
122,4.0667,8,0,0.8436,221,244,258,349,239.5,296.5,37,105,15.0,0.0,15.0,3.4286,0.0615,-0.4688
122,4.0667,11,0,0.6663,179,258,202,326,190.5,292.0,23,68,45.0,15.0,47.4342,5.2941,0.0615,-0.4688
122,4.0667,28,0,0.6542,98,267,117,324,107.5,295.5,19,57,0.0,0.0,0.0,6.3158,0.0615,-0.4688
123,4.1,1,0,0.9017,0,208,71,358,35.5,283.0,71,150,-60.0,30.0,67.082,2.4,0.0468,-0.1725
123,4.1,2,0,0.8083,115,256,144,327,129.5,291.5,29,71,0.0,0.0,0.0,5.0704,0.0468,-0.1725
123,4.1,8,0,0.854,221,245,259,351,240.0,298.0,38,106,15.0,45.0,47.4342,3.3962,0.0468,-0.1725
123,4.1,11,0,0.6665,179,258,205,326,192.0,292.0,26,68,45.0,0.0,45.0,5.2941,0.0468,-0.1725
123,4.1,28,0,0.6801,98,268,117,324,107.5,296.0,19,56,0.0,15.0,15.0,6.4286,0.0468,-0.1725
123,4.1,33,0,0.6273,70,268,93,326,81.5,297.0,23,58,0.0,0.0,0.0,6.2069,0.0468,-0.1725
124,4.1333,1,0,0.8788,0,208,68,358,34.0,283.0,68,150,-45.0,0.0,45.0,2.4,-0.2492,-0.1932
124,4.1333,2,0,0.7983,116,257,144,327,130.0,292.0,28,70,15.0,15.0,21.2132,5.1429,-0.2492,-0.1932
124,4.1333,8,0,0.8401,222,245,259,353,240.5,299.0,37,108,15.0,30.0,33.541,3.3333,-0.2492,-0.1932
124,4.1333,11,0,0.6456,179,258,209,326,194.0,292.0,30,68,60.0,0.0,60.0,5.2941,-0.2492,-0.1932
124,4.1333,28,0,0.6695,98,268,116,324,107.0,296.0,18,56,-15.0,0.0,15.0,6.4286,-0.2492,-0.1932
124,4.1333,33,0,0.6213,68,267,93,326,80.5,296.5,25,59,-30.0,-15.0,33.541,6.1017,-0.2492,-0.1932
125,4.1667,1,0,0.8543,0,207,62,358,31.0,282.5,62,151,-90.0,-15.0,91.2414,2.3841,0.0099,-0.1634
125,4.1667,2,0,0.7786,116,257,144,327,130.0,292.0,28,70,0.0,0.0,0.0,5.1429,0.0099,-0.1634
125,4.1667,8,0,0.8191,223,245,262,355,242.5,300.0,39,110,60.0,30.0,67.082,3.2727,0.0099,-0.1634
125,4.1667,11,0,0.599,180,259,210,327,195.0,293.0,30,68,30.0,30.0,42.4264,5.2941,0.0099,-0.1634
125,4.1667,28,0,0.6323,97,268,116,325,106.5,296.5,19,57,-15.0,15.0,21.2132,6.3158,0.0099,-0.1634
125,4.1667,33,0,0.556,66,269,93,326,79.5,297.5,27,57,-30.0,30.0,42.4264,6.3158,0.0099,-0.1634
126,4.2,1,0,0.8738,0,207,57,358,28.5,282.5,57,151,-75.0,0.0,75.0,2.3841,-0.2435,-0.3115
126,4.2,2,0,0.7823,115,258,143,328,129.0,293.0,28,70,-30.0,30.0,42.4264,5.1429,-0.2435,-0.3115
126,4.2,8,0,0.8329,222,245,264,357,243.0,301.0,42,112,15.0,30.0,33.541,3.2143,-0.2435,-0.3115
126,4.2,11,0,0.5931,180,260,212,327,196.0,293.5,32,67,30.0,15.0,33.541,5.3731,-0.2435,-0.3115
126,4.2,28,0,0.6815,96,270,116,326,106.0,298.0,20,56,-15.0,45.0,47.4342,6.4286,-0.2435,-0.3115
126,4.2,33,0,0.5068,64,271,93,326,78.5,298.5,29,55,-30.0,30.0,42.4264,6.5455,-0.2435,-0.3115
127,4.2333,1,0,0.8716,0,208,53,358,26.5,283.0,53,150,-60.0,15.0,61.8466,2.4,-0.1962,-0.223
127,4.2333,2,0,0.781,115,259,143,328,129.0,293.5,28,69,0.0,15.0,15.0,5.2174,-0.1962,-0.223
127,4.2333,8,0,0.8213,223,244,265,358,244.0,301.0,42,114,30.0,0.0,30.0,3.1579,-0.1962,-0.223
127,4.2333,11,0,0.6982,180,260,213,328,196.5,294.0,33,68,15.0,15.0,21.2132,5.2941,-0.1962,-0.223
127,4.2333,28,0,0.704,96,272,115,326,105.5,299.0,19,54,-15.0,30.0,33.541,6.6667,-0.1962,-0.223
127,4.2333,33,0,0.3987,63,274,93,326,78.0,300.0,30,52,-15.0,45.0,47.4342,6.9231,-0.1962,-0.223
128,4.2667,1,0,0.8295,0,206,50,358,25.0,282.0,50,152,-45.0,-30.0,54.0833,2.3684,-0.2384,-0.3571
128,4.2667,2,0,0.7861,115,259,143,328,129.0,293.5,28,69,0.0,0.0,0.0,5.2174,-0.2384,-0.3571
128,4.2667,8,0,0.8028,224,245,266,359,245.0,302.0,42,114,30.0,30.0,42.4264,3.1579,-0.2384,-0.3571
128,4.2667,11,0,0.6389,180,259,214,329,197.0,294.0,34,70,15.0,0.0,15.0,5.1429,-0.2384,-0.3571
128,4.2667,28,0,0.6369,95,272,115,326,105.0,299.0,20,54,-15.0,0.0,15.0,6.6667,-0.2384,-0.3571
128,4.2667,33,0,0.342,60,274,93,327,76.5,300.5,33,53,-45.0,15.0,47.4342,6.7925,-0.2384,-0.3571
129,4.3,1,0,0.7697,0,205,41,358,20.5,281.5,41,153,-135.0,-15.0,135.8308,2.3529,-0.0884,-0.6595
129,4.3,2,0,0.7212,115,259,143,327,129.0,293.0,28,68,0.0,-15.0,15.0,5.2941,-0.0884,-0.6595
129,4.3,8,0,0.8301,227,243,268,359,247.5,301.0,41,116,75.0,-30.0,80.7775,3.1034,-0.0884,-0.6595
129,4.3,11,0,0.5697,181,261,214,329,197.5,295.0,33,68,15.0,30.0,33.541,5.2941,-0.0884,-0.6595
129,4.3,28,0,0.5874,95,272,115,326,105.0,299.0,20,54,0.0,0.0,0.0,6.6667,-0.0884,-0.6595
129,4.3,33,0,0.6044,66,274,91,326,78.5,300.0,25,52,60.0,-15.0,61.8466,6.9231,-0.0884,-0.6595
130,4.3333,1,0,0.825,0,203,36,358,18.0,280.5,36,155,-75.0,-30.0,80.7775,2.3226,-0.3497,-0.6648
130,4.3333,2,0,0.8038,117,258,143,327,130.0,292.5,26,69,30.0,-15.0,33.541,5.2174,-0.3497,-0.6648
130,4.3333,8,0,0.8426,228,241,269,359,248.5,300.0,41,118,30.0,-30.0,42.4264,3.0508,-0.3497,-0.6648
130,4.3333,11,0,0.5957,182,261,213,329,197.5,295.0,31,68,0.0,0.0,0.0,5.2941,-0.3497,-0.6648
130,4.3333,28,0,0.6188,95,272,115,325,105.0,298.5,20,53,0.0,-15.0,15.0,6.7925,-0.3497,-0.6648
130,4.3333,33,0,0.7307,69,270,90,326,79.5,298.0,21,56,30.0,-60.0,67.082,6.4286,-0.3497,-0.6648
131,4.3667,1,0,0.8144,0,202,30,357,15.0,279.5,30,155,-90.0,-30.0,94.8683,2.3226,-0.2809,-0.7244
131,4.3667,2,0,0.7921,117,257,144,327,130.5,292.0,27,70,15.0,-15.0,21.2132,5.1429,-0.2809,-0.7244
131,4.3667,8,0,0.8344,229,240,270,359,249.5,299.5,41,119,30.0,-15.0,33.541,3.0252,-0.2809,-0.7244
131,4.3667,11,0,0.6058,183,260,213,328,198.0,294.0,30,68,15.0,-30.0,33.541,5.2941,-0.2809,-0.7244
131,4.3667,28,0,0.628,94,272,115,324,104.5,298.0,21,52,-15.0,-15.0,21.2132,6.9231,-0.2809,-0.7244
131,4.3667,33,0,0.7094,70,270,90,326,80.0,298.0,20,56,15.0,0.0,15.0,6.4286,-0.2809,-0.7244
132,4.4,1,0,0.7236,0,202,27,358,13.5,280.0,27,156,-45.0,15.0,47.4342,2.3077,-0.3167,-0.7328
132,4.4,2,0,0.7997,118,256,144,326,131.0,291.0,26,70,15.0,-30.0,33.541,5.1429,-0.3167,-0.7328
132,4.4,8,0,0.8567,230,239,271,359,250.5,299.0,41,120,30.0,-15.0,33.541,3.0,-0.3167,-0.7328
132,4.4,11,0,0.5824,186,260,216,328,201.0,294.0,30,68,90.0,0.0,90.0,5.2941,-0.3167,-0.7328
132,4.4,28,0,0.6975,94,271,115,324,104.5,297.5,21,53,0.0,-15.0,15.0,6.7925,-0.3167,-0.7328
132,4.4,33,0,0.6785,70,269,91,325,80.5,297.0,21,56,15.0,-30.0,33.541,6.4286,-0.3167,-0.7328
133,4.4333,2,0,0.8001,118,256,144,326,131.0,291.0,26,70,0.0,0.0,0.0,5.1429,-0.3082,-0.9203
133,4.4333,8,0,0.8632,231,241,272,358,251.5,299.5,41,117,30.0,15.0,33.541,3.0769,-0.3082,-0.9203
133,4.4333,11,0,0.5299,188,259,216,327,202.0,293.0,28,68,30.0,-30.0,42.4264,5.2941,-0.3082,-0.9203
133,4.4333,28,0,0.6522,93,271,113,323,103.0,297.0,20,52,-45.0,-15.0,47.4342,6.9231,-0.3082,-0.9203
133,4.4333,33,0,0.6797,69,268,91,325,80.0,296.5,22,57,-15.0,-15.0,21.2132,6.3158,-0.3082,-0.9203
134,4.4667,2,0,0.8059,118,256,143,326,130.5,291.0,25,70,-15.0,0.0,15.0,5.1429,-0.1839,-0.9305
134,4.4667,8,0,0.8676,232,238,273,359,252.5,298.5,41,121,30.0,-30.0,42.4264,2.9752,-0.1839,-0.9305
134,4.4667,11,0,0.6059,190,259,217,325,203.5,292.0,27,66,45.0,-30.0,54.0833,5.4545,-0.1839,-0.9305
134,4.4667,28,0,0.6748,93,271,113,322,103.0,296.5,20,51,0.0,-15.0,15.0,7.0588,-0.1839,-0.9305
134,4.4667,33,0,0.7424,68,268,90,325,79.0,296.5,22,57,-30.0,0.0,30.0,6.3158,-0.1839,-0.9305
134,4.4667,1,0,0.4163,0,205,18,336,9.0,270.5,18,131,-67.5,-142.5,157.6785,2.7481,-0.1839,-0.9305
135,4.5,2,0,0.8051,118,255,143,326,130.5,290.5,25,71,0.0,-15.0,15.0,5.0704,-0.5974,-0.4317
135,4.5,8,0,0.8874,232,235,273,358,252.5,296.5,41,123,0.0,-60.0,60.0,2.9268,-0.5974,-0.4317
135,4.5,11,0,0.6034,191,258,217,325,204.0,291.5,26,67,15.0,-15.0,21.2132,5.3731,-0.5974,-0.4317
135,4.5,28,0,0.6003,92,271,112,322,102.0,296.5,20,51,-30.0,0.0,30.0,7.0588,-0.5974,-0.4317
135,4.5,33,0,0.7627,68,267,90,325,79.0,296.0,22,58,0.0,-15.0,15.0,6.2069,-0.5974,-0.4317
135,4.5,1,0,0.4865,0,197,15,325,7.5,261.0,15,128,-45.0,-285.0,288.5308,2.8125,-0.5974,-0.4317
136,4.5333,2,0,0.8021,118,255,143,326,130.5,290.5,25,71,0.0,0.0,0.0,5.0704,-0.3692,-0.2855
136,4.5333,8,0,0.8728,233,235,275,359,254.0,297.0,42,124,45.0,15.0,47.4342,2.9032,-0.3692,-0.2855
136,4.5333,11,0,0.5866,192,259,217,326,204.5,292.5,25,67,15.0,30.0,33.541,5.3731,-0.3692,-0.2855
136,4.5333,28,0,0.6281,92,269,112,323,102.0,296.0,20,54,0.0,-15.0,15.0,6.6667,-0.3692,-0.2855
136,4.5333,33,0,0.7577,68,267,89,325,78.5,296.0,21,58,-15.0,0.0,15.0,6.2069,-0.3692,-0.2855
136,4.5333,34,0,0.6468,6,280,19,324,12.5,302.0,13,44,0.0,0.0,0.0,8.1818,-0.3692,-0.2855
137,4.5667,2,0,0.7868,118,256,143,326,130.5,291.0,25,70,0.0,15.0,15.0,5.1429,-0.4251,-0.5083
137,4.5667,8,0,0.8674,232,238,277,360,254.5,299.0,45,122,15.0,60.0,61.8466,2.9508,-0.4251,-0.5083
137,4.5667,11,0,0.5936,191,259,217,327,204.0,293.0,26,68,-15.0,15.0,21.2132,5.2941,-0.4251,-0.5083
137,4.5667,28,0,0.6608,92,269,113,323,102.5,296.0,21,54,15.0,0.0,15.0,6.6667,-0.4251,-0.5083
137,4.5667,33,0,0.7805,67,268,88,324,77.5,296.0,21,56,-30.0,0.0,30.0,6.4286,-0.4251,-0.5083
137,4.5667,34,0,0.6688,6,281,19,324,12.5,302.5,13,43,0.0,15.0,15.0,8.3721,-0.4251,-0.5083
138,4.6,2,0,0.7841,118,257,143,326,130.5,291.5,25,69,0.0,15.0,15.0,5.2174,-0.5119,-0.3117
138,4.6,8,0,0.8686,233,238,278,360,255.5,299.0,45,122,30.0,0.0,30.0,2.9508,-0.5119,-0.3117
138,4.6,11,0,0.7438,191,258,218,328,204.5,293.0,27,70,15.0,0.0,15.0,5.1429,-0.5119,-0.3117
138,4.6,28,0,0.7055,91,269,112,324,101.5,296.5,21,55,-30.0,15.0,33.541,6.5455,-0.5119,-0.3117
138,4.6,33,0,0.7948,66,269,88,324,77.0,296.5,22,55,-15.0,15.0,21.2132,6.5455,-0.5119,-0.3117
138,4.6,34,0,0.6631,5,282,19,324,12.0,303.0,14,42,-15.0,15.0,21.2132,8.5714,-0.5119,-0.3117
139,4.6333,2,0,0.7867,118,258,143,326,130.5,292.0,25,68,0.0,15.0,15.0,5.2941,-0.3375,-0.2412
139,4.6333,8,0,0.8741,233,242,278,359,255.5,300.5,45,117,0.0,45.0,45.0,3.0769,-0.3375,-0.2412
139,4.6333,11,0,0.7448,192,259,219,329,205.5,294.0,27,70,30.0,30.0,42.4264,5.1429,-0.3375,-0.2412
139,4.6333,28,0,0.6644,91,269,111,324,101.0,296.5,20,55,-15.0,0.0,15.0,6.5455,-0.3375,-0.2412
139,4.6333,33,0,0.7846,65,270,87,325,76.0,297.5,22,55,-30.0,30.0,42.4264,6.5455,-0.3375,-0.2412
139,4.6333,34,0,0.6739,5,282,18,324,11.5,303.0,13,42,-15.0,0.0,15.0,8.5714,-0.3375,-0.2412
140,4.6667,2,0,0.8045,118,258,143,326,130.5,292.0,25,68,0.0,0.0,0.0,5.2941,-0.1462,-0.3319
140,4.6667,8,0,0.8507,234,238,279,359,256.5,298.5,45,121,30.0,-60.0,67.082,2.9752,-0.1462,-0.3319
140,4.6667,11,0,0.7329,192,259,219,329,205.5,294.0,27,70,0.0,0.0,0.0,5.1429,-0.1462,-0.3319
140,4.6667,28,0,0.6404,91,270,111,324,101.0,297.0,20,54,0.0,15.0,15.0,6.6667,-0.1462,-0.3319
140,4.6667,33,0,0.753,64,270,87,325,75.5,297.5,23,55,-15.0,0.0,15.0,6.5455,-0.1462,-0.3319
140,4.6667,34,0,0.6501,4,281,18,324,11.0,302.5,14,43,-15.0,-15.0,21.2132,8.3721,-0.1462,-0.3319
141,4.7,2,0,0.7871,118,259,143,327,130.5,293.0,25,68,0.0,30.0,30.0,5.2941,-0.5606,-0.4206
141,4.7,8,0,0.8272,235,236,281,359,258.0,297.5,46,123,45.0,-30.0,54.0833,2.9268,-0.5606,-0.4206
141,4.7,11,0,0.7313,193,261,219,329,206.0,295.0,26,68,15.0,30.0,33.541,5.2941,-0.5606,-0.4206
141,4.7,28,0,0.6535,91,271,110,324,100.5,297.5,19,53,-15.0,15.0,21.2132,6.7925,-0.5606,-0.4206
141,4.7,33,0,0.7456,64,271,87,325,75.5,298.0,23,54,0.0,15.0,15.0,6.6667,-0.5606,-0.4206
141,4.7,34,0,0.595,3,280,19,324,11.0,302.0,16,44,0.0,-15.0,15.0,8.1818,-0.5606,-0.4206
142,4.7333,2,0,0.7862,118,259,143,327,130.5,293.0,25,68,0.0,0.0,0.0,5.2941,-0.1483,-0.3523
142,4.7333,8,0,0.8394,236,234,283,360,259.5,297.0,47,126,45.0,-15.0,47.4342,2.8571,-0.1483,-0.3523
142,4.7333,11,0,0.7566,194,261,220,330,207.0,295.5,26,69,30.0,15.0,33.541,5.2174,-0.1483,-0.3523
142,4.7333,28,0,0.6552,91,272,111,324,101.0,298.0,20,52,15.0,15.0,21.2132,6.9231,-0.1483,-0.3523
142,4.7333,33,0,0.7695,64,272,87,326,75.5,299.0,23,54,0.0,30.0,30.0,6.6667,-0.1483,-0.3523
142,4.7333,34,0,0.5986,3,278,19,325,11.0,301.5,16,47,0.0,-15.0,15.0,7.6596,-0.1483,-0.3523
143,4.7667,2,0,0.7808,118,259,143,328,130.5,293.5,25,69,0.0,15.0,15.0,5.2174,-0.3714,-0.2724
143,4.7667,8,0,0.8619,238,233,285,360,261.5,296.5,47,127,60.0,-15.0,61.8466,2.8346,-0.3714,-0.2724
143,4.7667,11,0,0.7497,194,262,220,331,207.0,296.5,26,69,0.0,30.0,30.0,5.2174,-0.3714,-0.2724
143,4.7667,28,0,0.6848,91,272,111,325,101.0,298.5,20,53,0.0,15.0,15.0,6.7925,-0.3714,-0.2724
143,4.7667,33,0,0.7793,64,271,87,326,75.5,298.5,23,55,0.0,-15.0,15.0,6.5455,-0.3714,-0.2724
143,4.7667,34,0,0.6893,2,278,19,325,10.5,301.5,17,47,-15.0,0.0,15.0,7.6596,-0.3714,-0.2724
144,4.8,2,0,0.7865,118,259,143,328,130.5,293.5,25,69,0.0,0.0,0.0,5.2174,-0.3006,-0.4273
144,4.8,8,0,0.8738,240,233,287,360,263.5,296.5,47,127,60.0,0.0,60.0,2.8346,-0.3006,-0.4273
144,4.8,11,0,0.7598,194,262,220,331,207.0,296.5,26,69,0.0,0.0,0.0,5.2174,-0.3006,-0.4273
144,4.8,28,0,0.6662,91,273,111,325,101.0,299.0,20,52,0.0,15.0,15.0,6.9231,-0.3006,-0.4273
144,4.8,33,0,0.7808,64,271,87,326,75.5,298.5,23,55,0.0,0.0,0.0,6.5455,-0.3006,-0.4273
144,4.8,34,0,0.6334,2,280,18,326,10.0,303.0,16,46,-15.0,45.0,47.4342,7.8261,-0.3006,-0.4273
145,4.8333,2,0,0.7944,118,259,143,328,130.5,293.5,25,69,0.0,0.0,0.0,5.2174,-0.2447,-0.27
145,4.8333,8,0,0.8797,244,232,289,359,266.5,295.5,45,127,90.0,-30.0,94.8683,2.8346,-0.2447,-0.27
145,4.8333,11,0,0.7445,196,261,223,331,209.5,296.0,27,70,75.0,-15.0,76.4853,5.1429,-0.2447,-0.27
145,4.8333,28,0,0.663,91,272,111,325,101.0,298.5,20,53,0.0,-15.0,15.0,6.7925,-0.2447,-0.27
145,4.8333,33,0,0.7615,63,271,86,326,74.5,298.5,23,55,-30.0,0.0,30.0,6.5455,-0.2447,-0.27
145,4.8333,34,0,0.5698,2,279,18,326,10.0,302.5,16,47,0.0,-15.0,15.0,7.6596,-0.2447,-0.27
146,4.8667,2,0,0.8077,118,259,143,327,130.5,293.0,25,68,0.0,-15.0,15.0,5.2941,-0.4066,-0.3851
146,4.8667,8,0,0.9183,246,230,293,359,269.5,294.5,47,129,90.0,-30.0,94.8683,2.7907,-0.4066,-0.3851
146,4.8667,11,0,0.7556,197,259,225,332,211.0,295.5,28,73,45.0,-15.0,47.4342,4.9315,-0.4066,-0.3851
146,4.8667,28,0,0.6672,91,271,111,324,101.0,297.5,20,53,0.0,-30.0,30.0,6.7925,-0.4066,-0.3851
146,4.8667,33,0,0.7621,63,271,86,326,74.5,298.5,23,55,0.0,0.0,0.0,6.5455,-0.4066,-0.3851
146,4.8667,34,0,0.5511,0,279,18,326,9.0,302.5,18,47,-30.0,0.0,30.0,7.6596,-0.4066,-0.3851
147,4.9,2,0,0.8099,118,258,143,327,130.5,292.5,25,69,0.0,-15.0,15.0,5.2174,-0.6898,-0.0477
147,4.9,8,0,0.9096,248,228,296,359,272.0,293.5,48,131,75.0,-30.0,80.7775,2.7481,-0.6898,-0.0477
147,4.9,11,0,0.783,198,258,226,332,212.0,295.0,28,74,30.0,-15.0,33.541,4.8649,-0.6898,-0.0477
147,4.9,28,0,0.6785,90,271,110,325,100.0,298.0,20,54,-30.0,15.0,33.541,6.6667,-0.6898,-0.0477
147,4.9,33,0,0.7609,63,272,86,326,74.5,299.0,23,54,0.0,15.0,15.0,6.6667,-0.6898,-0.0477
147,4.9,34,0,0.511,0,279,18,326,9.0,302.5,18,47,0.0,0.0,0.0,7.6596,-0.6898,-0.0477
148,4.9333,2,0,0.8137,118,257,143,327,130.5,292.0,25,70,0.0,-15.0,15.0,5.1429,0.5035,-0.3732
148,4.9333,8,0,0.8954,249,226,299,359,274.0,292.5,50,133,60.0,-30.0,67.082,2.7068,0.5035,-0.3732
148,4.9333,11,0,0.7412,199,257,226,332,212.5,294.5,27,75,15.0,-15.0,21.2132,4.8,0.5035,-0.3732
148,4.9333,28,0,0.6696,90,271,110,325,100.0,298.0,20,54,0.0,0.0,0.0,6.6667,0.5035,-0.3732
148,4.9333,33,0,0.7725,64,270,86,326,75.0,298.0,22,56,15.0,-30.0,33.541,6.4286,0.5035,-0.3732
148,4.9333,34,0,0.4648,0,279,18,326,9.0,302.5,18,47,0.0,0.0,0.0,7.6596,0.5035,-0.3732
149,4.9667,2,0,0.8081,118,257,143,327,130.5,292.0,25,70,0.0,0.0,0.0,5.1429,-0.2294,-0.467
149,4.9667,8,0,0.8639,248,225,303,359,275.5,292.0,55,134,45.0,-15.0,47.4342,2.6866,-0.2294,-0.467
149,4.9667,11,0,0.7462,200,255,226,332,213.0,293.5,26,77,15.0,-30.0,33.541,4.6753,-0.2294,-0.467
149,4.9667,28,0,0.6672,89,272,109,324,99.0,298.0,20,52,-30.0,0.0,30.0,6.9231,-0.2294,-0.467
149,4.9667,33,0,0.7848,64,270,86,326,75.0,298.0,22,56,0.0,0.0,0.0,6.4286,-0.2294,-0.467
149,4.9667,34,0,0.5535,0,279,19,325,9.5,302.0,19,46,15.0,-15.0,21.2132,7.8261,-0.2294,-0.467
150,5.0,2,0,0.8014,118,257,144,326,131.0,291.5,26,69,15.0,-15.0,21.2132,5.2174,-0.0998,-0.5087
150,5.0,8,0,0.8632,252,223,305,359,278.5,291.0,53,136,90.0,-30.0,94.8683,2.6471,-0.0998,-0.5087
150,5.0,11,0,0.5826,201,255,227,330,214.0,292.5,26,75,30.0,-30.0,42.4264,4.8,-0.0998,-0.5087
150,5.0,28,0,0.6563,89,272,109,324,99.0,298.0,20,52,0.0,0.0,0.0,6.9231,-0.0998,-0.5087
150,5.0,33,0,0.7914,64,270,86,326,75.0,298.0,22,56,0.0,0.0,0.0,6.4286,-0.0998,-0.5087
150,5.0,34,0,0.6363,1,279,19,325,10.0,302.0,18,46,15.0,0.0,15.0,7.8261,-0.0998,-0.5087
151,5.0333,2,0,0.7994,118,257,143,326,130.5,291.5,25,69,-15.0,0.0,15.0,5.2174,-0.2708,-0.3467
151,5.0333,8,0,0.8527,254,222,311,359,282.5,290.5,57,137,120.0,-15.0,120.9339,2.6277,-0.2708,-0.3467
151,5.0333,11,0,0.73,202,255,229,331,215.5,293.0,27,76,45.0,15.0,47.4342,4.7368,-0.2708,-0.3467
151,5.0333,28,0,0.6609,89,272,109,324,99.0,298.0,20,52,0.0,0.0,0.0,6.9231,-0.2708,-0.3467
151,5.0333,33,0,0.7898,64,270,86,326,75.0,298.0,22,56,0.0,0.0,0.0,6.4286,-0.2708,-0.3467
151,5.0333,34,0,0.6188,1,279,19,325,10.0,302.0,18,46,0.0,0.0,0.0,7.8261,-0.2708,-0.3467
152,5.0667,2,0,0.7973,118,257,143,326,130.5,291.5,25,69,0.0,0.0,0.0,5.2174,-0.1873,-0.1417
152,5.0667,8,0,0.8514,254,222,315,359,284.5,290.5,61,137,60.0,0.0,60.0,2.6277,-0.1873,-0.1417
152,5.0667,11,0,0.4882,201,257,230,331,215.5,294.0,29,74,0.0,30.0,30.0,4.8649,-0.1873,-0.1417
152,5.0667,28,0,0.6845,88,272,108,324,98.0,298.0,20,52,-30.0,0.0,30.0,6.9231,-0.1873,-0.1417
152,5.0667,33,0,0.795,64,271,86,326,75.0,298.5,22,55,0.0,15.0,15.0,6.5455,-0.1873,-0.1417
152,5.0667,34,0,0.5738,1,279,18,325,9.5,302.0,17,46,-15.0,0.0,15.0,7.8261,-0.1873,-0.1417
153,5.1,2,0,0.7885,118,257,143,326,130.5,291.5,25,69,0.0,0.0,0.0,5.2174,-0.4102,-0.4508
153,5.1,8,0,0.7826,251,223,318,359,284.5,291.0,67,136,0.0,15.0,15.0,2.6471,-0.4102,-0.4508
153,5.1,11,0,0.5683,203,256,232,332,217.5,294.0,29,76,60.0,0.0,60.0,4.7368,-0.4102,-0.4508
153,5.1,28,0,0.697,88,271,108,324,98.0,297.5,20,53,0.0,-15.0,15.0,6.7925,-0.4102,-0.4508
153,5.1,33,0,0.7828,64,270,86,326,75.0,298.0,22,56,0.0,-15.0,15.0,6.4286,-0.4102,-0.4508
153,5.1,34,0,0.5842,0,279,19,325,9.5,302.0,19,46,0.0,0.0,0.0,7.8261,-0.4102,-0.4508
154,5.1333,2,0,0.7894,119,257,143,326,131.0,291.5,24,69,15.0,0.0,15.0,5.2174,-0.2079,-0.3673
154,5.1333,8,0,0.849,257,224,322,360,289.5,292.0,65,136,150.0,30.0,152.9706,2.6471,-0.2079,-0.3673
154,5.1333,11,0,0.6936,204,255,235,332,219.5,293.5,31,77,60.0,-15.0,61.8466,4.6753,-0.2079,-0.3673
154,5.1333,28,0,0.7167,88,271,108,324,98.0,297.5,20,53,0.0,0.0,0.0,6.7925,-0.2079,-0.3673
154,5.1333,33,0,0.7775,64,271,86,326,75.0,298.5,22,55,0.0,15.0,15.0,6.5455,-0.2079,-0.3673
154,5.1333,34,0,0.6354,0,279,19,325,9.5,302.0,19,46,0.0,0.0,0.0,7.8261,-0.2079,-0.3673
155,5.1667,2,0,0.7785,119,258,143,326,131.0,292.0,24,68,0.0,15.0,15.0,5.2941,-0.1902,-0.2291
155,5.1667,8,0,0.7697,260,224,326,360,293.0,292.0,66,136,105.0,0.0,105.0,2.6471,-0.1902,-0.2291
155,5.1667,11,0,0.5556,205,254,238,333,221.5,293.5,33,79,60.0,0.0,60.0,4.557,-0.1902,-0.2291
155,5.1667,28,0,0.722,88,272,108,325,98.0,298.5,20,53,0.0,30.0,30.0,6.7925,-0.1902,-0.2291
155,5.1667,33,0,0.7813,64,271,86,327,75.0,299.0,22,56,0.0,15.0,15.0,6.4286,-0.1902,-0.2291
155,5.1667,34,0,0.6728,0,279,20,326,10.0,302.5,20,47,15.0,15.0,21.2132,7.6596,-0.1902,-0.2291
156,5.2,2,0,0.7931,119,258,143,326,131.0,292.0,24,68,0.0,0.0,0.0,5.2941,-0.1907,-0.1549
156,5.2,8,0,0.806,263,224,331,360,297.0,292.0,68,136,120.0,0.0,120.0,2.6471,-0.1907,-0.1549
156,5.2,11,0,0.4655,207,254,240,333,223.5,293.5,33,79,60.0,0.0,60.0,4.557,-0.1907,-0.1549
156,5.2,28,0,0.6887,89,272,107,325,98.0,298.5,18,53,0.0,0.0,0.0,6.7925,-0.1907,-0.1549
156,5.2,33,0,0.7885,63,272,85,327,74.0,299.5,22,55,-30.0,15.0,33.541,6.5455,-0.1907,-0.1549
156,5.2,34,0,0.6798,0,279,20,326,10.0,302.5,20,47,0.0,0.0,0.0,7.6596,-0.1907,-0.1549
157,5.2333,2,0,0.7913,119,259,143,327,131.0,293.0,24,68,0.0,30.0,30.0,5.2941,-0.2258,-0.1913
157,5.2333,8,0,0.8485,265,227,336,360,300.5,293.5,71,133,105.0,45.0,114.2366,2.7068,-0.2258,-0.1913
157,5.2333,28,0,0.6264,89,275,107,325,98.0,300.0,18,50,0.0,45.0,45.0,7.2,-0.2258,-0.1913
157,5.2333,33,0,0.7611,63,273,85,327,74.0,300.0,22,54,0.0,15.0,15.0,6.6667,-0.2258,-0.1913
157,5.2333,34,0,0.6899,0,278,21,327,10.5,302.5,21,49,15.0,0.0,15.0,7.3469,-0.2258,-0.1913
158,5.2667,2,0,0.7768,119,261,143,328,131.0,294.5,24,67,0.0,45.0,45.0,5.3731,-0.0704,-0.3596
158,5.2667,8,0,0.8818,269,231,337,360,303.0,295.5,68,129,75.0,60.0,96.0469,2.7907,-0.0704,-0.3596
158,5.2667,28,0,0.604,88,277,106,325,97.0,301.0,18,48,-30.0,30.0,42.4264,7.5,-0.0704,-0.3596
158,5.2667,33,0,0.7632,63,275,85,327,74.0,301.0,22,52,0.0,30.0,30.0,6.9231,-0.0704,-0.3596
158,5.2667,34,0,0.7037,0,279,21,327,10.5,303.0,21,48,0.0,15.0,15.0,7.5,-0.0704,-0.3596
158,5.2667,11,0,0.3708,212,256,243,336,227.5,296.0,31,80,60.0,37.5,70.7549,4.5,-0.0704,-0.3596
159,5.3,2,0,0.7775,119,261,143,328,131.0,294.5,24,67,0.0,0.0,0.0,5.3731,-0.2199,-0.2065
159,5.3,8,0,0.8771,271,228,339,359,305.0,293.5,68,131,60.0,-60.0,84.8528,2.7481,-0.2199,-0.2065
159,5.3,28,0,0.599,88,277,106,325,97.0,301.0,18,48,0.0,0.0,0.0,7.5,-0.2199,-0.2065
159,5.3,33,0,0.7734,63,275,85,327,74.0,301.0,22,52,0.0,0.0,0.0,6.9231,-0.2199,-0.2065
159,5.3,34,0,0.6727,0,278,21,327,10.5,302.5,21,49,0.0,-15.0,15.0,7.3469,-0.2199,-0.2065
159,5.3,11,0,0.5161,212,257,243,336,227.5,296.5,31,79,0.0,15.0,15.0,4.557,-0.2199,-0.2065
160,5.3333,2,0,0.7896,119,261,143,328,131.0,294.5,24,67,0.0,0.0,0.0,5.3731,-0.2011,-0.3116
160,5.3333,8,0,0.8554,274,228,341,359,307.5,293.5,67,131,75.0,0.0,75.0,2.7481,-0.2011,-0.3116
160,5.3333,28,0,0.6026,88,276,107,325,97.5,300.5,19,49,15.0,-15.0,21.2132,7.3469,-0.2011,-0.3116
160,5.3333,33,0,0.7783,63,273,86,327,74.5,300.0,23,54,15.0,-30.0,33.541,6.6667,-0.2011,-0.3116
160,5.3333,34,0,0.6729,0,278,21,327,10.5,302.5,21,49,0.0,0.0,0.0,7.3469,-0.2011,-0.3116
160,5.3333,11,0,0.6988,212,257,244,337,228.0,297.0,32,80,15.0,15.0,21.2132,4.5,-0.2011,-0.3116
161,5.3667,2,0,0.7892,119,261,143,328,131.0,294.5,24,67,0.0,0.0,0.0,5.3731,-0.1519,-0.2462
161,5.3667,8,0,0.8731,278,222,346,358,312.0,290.0,68,136,135.0,-105.0,171.0263,2.6471,-0.1519,-0.2462
161,5.3667,28,0,0.5969,88,276,106,325,97.0,300.5,18,49,-15.0,0.0,15.0,7.3469,-0.1519,-0.2462
161,5.3667,33,0,0.7927,63,272,85,328,74.0,300.0,22,56,-15.0,0.0,15.0,6.4286,-0.1519,-0.2462
161,5.3667,34,0,0.7211,1,277,22,328,11.5,302.5,21,51,30.0,0.0,30.0,7.0588,-0.1519,-0.2462
161,5.3667,11,0,0.7597,212,255,245,337,228.5,296.0,33,82,15.0,-30.0,33.541,4.3902,-0.1519,-0.2462
162,5.4,2,0,0.8024,119,260,143,327,131.0,293.5,24,67,0.0,-30.0,30.0,5.3731,-0.1041,-0.2288
162,5.4,8,0,0.8779,282,220,350,358,316.0,289.0,68,138,120.0,-30.0,123.6932,2.6087,-0.1041,-0.2288
162,5.4,28,0,0.6216,87,275,106,324,96.5,299.5,19,49,-15.0,-30.0,33.541,7.3469,-0.1041,-0.2288
162,5.4,33,0,0.8004,63,272,85,328,74.0,300.0,22,56,0.0,0.0,0.0,6.4286,-0.1041,-0.2288
162,5.4,34,0,0.7244,2,276,22,328,12.0,302.0,20,52,15.0,-15.0,21.2132,6.9231,-0.1041,-0.2288
162,5.4,11,0,0.7367,213,254,246,337,229.5,295.5,33,83,30.0,-15.0,33.541,4.3373,-0.1041,-0.2288
163,5.4333,2,0,0.7993,118,259,143,327,130.5,293.0,25,68,-15.0,-15.0,21.2132,5.2941,-0.2267,-0.3622
163,5.4333,8,0,0.8836,285,216,354,358,319.5,287.0,69,142,105.0,-60.0,120.9339,2.5352,-0.2267,-0.3622
163,5.4333,28,0,0.6329,87,276,106,324,96.5,300.0,19,48,0.0,15.0,15.0,7.5,-0.2267,-0.3622
163,5.4333,33,0,0.7932,63,272,85,328,74.0,300.0,22,56,0.0,0.0,0.0,6.4286,-0.2267,-0.3622
163,5.4333,34,0,0.7176,3,276,22,328,12.5,302.0,19,52,15.0,0.0,15.0,6.9231,-0.2267,-0.3622
163,5.4333,11,0,0.8016,214,256,247,337,230.5,296.5,33,81,30.0,30.0,42.4264,4.4444,-0.2267,-0.3622
164,5.4667,2,0,0.8082,118,259,143,327,130.5,293.0,25,68,0.0,0.0,0.0,5.2941,-0.4277,-0.0739
164,5.4667,8,0,0.8761,289,215,355,358,322.0,286.5,66,143,75.0,-15.0,76.4853,2.5175,-0.4277,-0.0739
164,5.4667,28,0,0.6215,87,275,105,324,96.0,299.5,18,49,-15.0,-15.0,21.2132,7.3469,-0.4277,-0.0739
164,5.4667,33,0,0.7972,63,271,85,328,74.0,299.5,22,57,0.0,-15.0,15.0,6.3158,-0.4277,-0.0739
164,5.4667,34,0,0.7374,4,276,22,327,13.0,301.5,18,51,15.0,-15.0,21.2132,7.0588,-0.4277,-0.0739
164,5.4667,11,0,0.7174,217,254,250,338,233.5,296.0,33,84,90.0,-15.0,91.2414,4.2857,-0.4277,-0.0739
165,5.5,2,0,0.7909,118,259,143,327,130.5,293.0,25,68,0.0,0.0,0.0,5.2941,-0.5695,0.2939
165,5.5,8,0,0.859,294,214,358,359,326.0,286.5,64,145,120.0,0.0,120.0,2.4828,-0.5695,0.2939
165,5.5,28,0,0.5951,87,274,105,324,96.0,299.0,18,50,0.0,-15.0,15.0,7.2,-0.5695,0.2939
165,5.5,33,0,0.7907,62,269,85,327,73.5,298.0,23,58,-15.0,-45.0,47.4342,6.2069,-0.5695,0.2939
165,5.5,34,0,0.7371,4,276,23,327,13.5,301.5,19,51,15.0,0.0,15.0,7.0588,-0.5695,0.2939
165,5.5,11,0,0.7397,220,250,251,338,235.5,294.0,31,88,60.0,-60.0,84.8528,4.0909,-0.5695,0.2939
166,5.5333,2,0,0.7599,118,258,143,327,130.5,292.5,25,69,0.0,-15.0,15.0,5.2174,-0.6596,0.2268
166,5.5333,8,0,0.8582,295,211,364,358,329.5,284.5,69,147,105.0,-60.0,120.9339,2.449,-0.6596,0.2268
166,5.5333,28,0,0.6147,87,273,105,324,96.0,298.5,18,51,0.0,-15.0,15.0,7.0588,-0.6596,0.2268
166,5.5333,33,0,0.7927,61,268,85,327,73.0,297.5,24,59,-15.0,-15.0,21.2132,6.1017,-0.6596,0.2268
166,5.5333,34,0,0.7336,4,276,23,327,13.5,301.5,19,51,0.0,0.0,0.0,7.0588,-0.6596,0.2268
166,5.5333,11,0,0.7662,222,248,252,338,237.0,293.0,30,90,45.0,-30.0,54.0833,4.0,-0.6596,0.2268
167,5.5667,2,0,0.762,118,258,143,327,130.5,292.5,25,69,0.0,0.0,0.0,5.2174,-0.6635,-0.1696
167,5.5667,8,0,0.8657,298,209,369,359,333.5,284.0,71,150,120.0,-15.0,120.9339,2.4,-0.6635,-0.1696
167,5.5667,28,0,0.6058,87,272,105,324,96.0,298.0,18,52,0.0,-15.0,15.0,6.9231,-0.6635,-0.1696
167,5.5667,33,0,0.7865,61,268,85,327,73.0,297.5,24,59,0.0,0.0,0.0,6.1017,-0.6635,-0.1696
167,5.5667,34,0,0.7131,4,277,23,327,13.5,302.0,19,50,0.0,15.0,15.0,7.2,-0.6635,-0.1696
167,5.5667,11,0,0.7718,223,247,253,338,238.0,292.5,30,91,30.0,-15.0,33.541,3.956,-0.6635,-0.1696
168,5.6,2,0,0.7531,119,258,144,327,131.5,292.5,25,69,30.0,0.0,30.0,5.2174,0.0158,-0.0767
168,5.6,8,0,0.852,301,208,372,359,336.5,283.5,71,151,90.0,-15.0,91.2414,2.3841,0.0158,-0.0767
168,5.6,28,0,0.6003,87,273,106,324,96.5,298.5,19,51,15.0,15.0,21.2132,7.0588,0.0158,-0.0767
168,5.6,33,0,0.7857,61,269,85,327,73.0,298.0,24,58,0.0,15.0,15.0,6.2069,0.0158,-0.0767
168,5.6,34,0,0.6515,4,278,23,327,13.5,302.5,19,49,0.0,15.0,15.0,7.3469,0.0158,-0.0767
168,5.6,11,0,0.661,224,248,255,339,239.5,293.5,31,91,45.0,30.0,54.0833,3.956,0.0158,-0.0767
169,5.6333,2,0,0.7673,119,259,144,327,131.5,293.0,25,68,0.0,15.0,15.0,5.2941,-0.5878,-0.3341
169,5.6333,8,0,0.8429,305,207,376,359,340.5,283.0,71,152,120.0,-15.0,120.9339,2.3684,-0.5878,-0.3341
169,5.6333,28,0,0.6902,87,272,106,324,96.5,298.0,19,52,0.0,-15.0,15.0,6.9231,-0.5878,-0.3341
169,5.6333,33,0,0.7971,61,270,85,327,73.0,298.5,24,57,0.0,15.0,15.0,6.3158,-0.5878,-0.3341
169,5.6333,34,0,0.6832,5,278,23,327,14.0,302.5,18,49,15.0,0.0,15.0,7.3469,-0.5878,-0.3341
169,5.6333,11,0,0.7752,226,247,257,341,241.5,294.0,31,94,60.0,15.0,61.8466,3.8298,-0.5878,-0.3341
170,5.6667,2,0,0.7703,119,259,144,327,131.5,293.0,25,68,0.0,0.0,0.0,5.2941,-0.4636,-0.6111
170,5.6667,8,0,0.7811,312,206,381,358,346.5,282.0,69,152,180.0,-30.0,182.4829,2.3684,-0.4636,-0.6111
170,5.6667,28,0,0.6792,87,273,107,324,97.0,298.5,20,51,15.0,15.0,21.2132,7.0588,-0.4636,-0.6111
170,5.6667,33,0,0.7966,60,273,86,327,73.0,300.0,26,54,0.0,45.0,45.0,6.6667,-0.4636,-0.6111
170,5.6667,34,0,0.6819,5,278,24,328,14.5,303.0,19,50,15.0,15.0,21.2132,7.2,-0.4636,-0.6111
170,5.6667,11,0,0.7864,227,246,259,341,243.0,293.5,32,95,45.0,-15.0,47.4342,3.7895,-0.4636,-0.6111
171,5.7,2,0,0.7764,119,259,144,327,131.5,293.0,25,68,0.0,0.0,0.0,5.2941,-0.5269,0.1952
171,5.7,8,0,0.8365,319,205,392,359,355.5,282.0,73,154,270.0,0.0,270.0,2.3377,-0.5269,0.1952
171,5.7,28,0,0.6663,87,274,107,325,97.0,299.5,20,51,0.0,30.0,30.0,7.0588,-0.5269,0.1952
171,5.7,33,0,0.8139,60,274,86,327,73.0,300.5,26,53,0.0,15.0,15.0,6.7925,-0.5269,0.1952
171,5.7,34,0,0.6928,6,278,24,329,15.0,303.5,18,51,15.0,15.0,21.2132,7.0588,-0.5269,0.1952
171,5.7,11,0,0.7276,228,246,261,341,244.5,293.5,33,95,45.0,0.0,45.0,3.7895,-0.5269,0.1952
172,5.7333,2,0,0.7717,120,260,144,327,132.0,293.5,24,67,15.0,15.0,21.2132,5.3731,-0.5375,-0.3166
172,5.7333,8,0,0.8257,325,206,401,358,363.0,282.0,76,152,225.0,0.0,225.0,2.3684,-0.5375,-0.3166
172,5.7333,28,0,0.6914,87,275,107,325,97.0,300.0,20,50,0.0,15.0,15.0,7.2,-0.5375,-0.3166
172,5.7333,33,0,0.8177,60,274,86,328,73.0,301.0,26,54,0.0,15.0,15.0,6.6667,-0.5375,-0.3166
172,5.7333,34,0,0.7047,7,279,25,329,16.0,304.0,18,50,30.0,15.0,33.541,7.2,-0.5375,-0.3166
172,5.7333,11,0,0.7166,229,247,263,341,246.0,294.0,34,94,45.0,15.0,47.4342,3.8298,-0.5375,-0.3166
173,5.7667,2,0,0.7724,120,260,145,328,132.5,294.0,25,68,15.0,15.0,21.2132,5.2941,-0.6686,-0.31
173,5.7667,8,0,0.8449,330,205,405,359,367.5,282.0,75,154,135.0,0.0,135.0,2.3377,-0.6686,-0.31
173,5.7667,28,0,0.6659,88,275,108,326,98.0,300.5,20,51,30.0,15.0,33.541,7.0588,-0.6686,-0.31
173,5.7667,33,0,0.8313,60,275,86,328,73.0,301.5,26,53,0.0,15.0,15.0,6.7925,-0.6686,-0.31
173,5.7667,34,0,0.7131,7,281,25,329,16.0,305.0,18,48,0.0,30.0,30.0,7.5,-0.6686,-0.31
173,5.7667,11,0,0.8433,231,248,265,344,248.0,296.0,34,96,60.0,60.0,84.8528,3.75,-0.6686,-0.31
174,5.8,2,0,0.7702,121,260,145,329,133.0,294.5,24,69,15.0,15.0,21.2132,5.2174,-0.529,-0.3433
174,5.8,8,0,0.8097,339,205,411,358,375.0,281.5,72,153,225.0,-15.0,225.4994,2.3529,-0.529,-0.3433
174,5.8,28,0,0.6747,89,275,109,327,99.0,301.0,20,52,30.0,15.0,33.541,6.9231,-0.529,-0.3433
174,5.8,33,0,0.8086,61,275,86,328,73.5,301.5,25,53,15.0,0.0,15.0,6.7925,-0.529,-0.3433
174,5.8,34,0,0.7479,8,282,26,329,17.0,305.5,18,47,30.0,15.0,33.541,7.6596,-0.529,-0.3433
174,5.8,11,0,0.8253,234,249,267,345,250.5,297.0,33,96,75.0,30.0,80.7775,3.75,-0.529,-0.3433
175,5.8333,2,0,0.7806,121,261,146,329,133.5,295.0,25,68,15.0,15.0,21.2132,5.2941,-0.1361,-0.5376
175,5.8333,8,0,0.8607,345,203,418,357,381.5,280.0,73,154,195.0,-45.0,200.125,2.3377,-0.1361,-0.5376
175,5.8333,28,0,0.7103,89,274,109,327,99.0,300.5,20,53,0.0,-15.0,15.0,6.7925,-0.1361,-0.5376
175,5.8333,33,0,0.8005,61,275,86,328,73.5,301.5,25,53,0.0,0.0,0.0,6.7925,-0.1361,-0.5376
175,5.8333,34,0,0.7135,8,283,26,329,17.0,306.0,18,46,0.0,15.0,15.0,7.8261,-0.1361,-0.5376
175,5.8333,11,0,0.8362,235,250,268,346,251.5,298.0,33,96,30.0,30.0,42.4264,3.75,-0.1361,-0.5376
176,5.8667,2,0,0.7907,122,262,146,330,134.0,296.0,24,68,15.0,30.0,33.541,5.2941,-0.1374,-0.7259
176,5.8667,8,0,0.8603,351,201,424,357,387.5,279.0,73,156,180.0,-30.0,182.4829,2.3077,-0.1374,-0.7259
176,5.8667,28,0,0.7087,90,273,110,327,100.0,300.0,20,54,30.0,-15.0,33.541,6.6667,-0.1374,-0.7259
176,5.8667,33,0,0.7976,62,275,86,328,74.0,301.5,24,53,15.0,0.0,15.0,6.7925,-0.1374,-0.7259
176,5.8667,34,0,0.6718,9,282,26,328,17.5,305.0,17,46,15.0,-30.0,33.541,7.8261,-0.1374,-0.7259
176,5.8667,11,0,0.8083,237,250,270,347,253.5,298.5,33,97,60.0,15.0,61.8466,3.7113,-0.1374,-0.7259
177,5.9,2,0,0.7971,122,261,147,330,134.5,295.5,25,69,15.0,-15.0,21.2132,5.2174,-0.3075,-0.6642
177,5.9,8,0,0.8667,357,195,433,357,395.0,276.0,76,162,225.0,-90.0,242.3324,2.2222,-0.3075,-0.6642
177,5.9,28,0,0.7358,90,272,110,327,100.0,299.5,20,55,0.0,-15.0,15.0,6.5455,-0.3075,-0.6642
177,5.9,33,0,0.8006,62,274,87,328,74.5,301.0,25,54,15.0,-15.0,21.2132,6.6667,-0.3075,-0.6642
177,5.9,34,0,0.6882,9,281,27,328,18.0,304.5,18,47,15.0,-15.0,21.2132,7.6596,-0.3075,-0.6642
177,5.9,11,0,0.8598,239,249,273,347,256.0,298.0,34,98,75.0,-15.0,76.4853,3.6735,-0.3075,-0.6642
178,5.9333,2,0,0.8061,123,259,148,329,135.5,294.0,25,70,30.0,-45.0,54.0833,5.1429,-0.2477,-0.9636
178,5.9333,8,0,0.8811,365,189,445,357,405.0,273.0,80,168,300.0,-90.0,313.2092,2.1429,-0.2477,-0.9636
178,5.9333,28,0,0.7181,91,273,111,327,101.0,300.0,20,54,30.0,15.0,33.541,6.6667,-0.2477,-0.9636
178,5.9333,33,0,0.7772,63,274,87,329,75.0,301.5,24,55,15.0,15.0,21.2132,6.5455,-0.2477,-0.9636
178,5.9333,34,0,0.7446,10,283,27,328,18.5,305.5,17,45,15.0,30.0,33.541,8.0,-0.2477,-0.9636
178,5.9333,11,0,0.8347,241,249,274,347,257.5,298.0,33,98,45.0,0.0,45.0,3.6735,-0.2477,-0.9636
179,5.9667,2,0,0.7996,123,258,148,329,135.5,293.5,25,71,0.0,-15.0,15.0,5.0704,-0.1468,-0.9719
179,5.9667,8,0,0.8932,371,185,458,357,414.5,271.0,87,172,285.0,-60.0,291.2473,2.093,-0.1468,-0.9719
179,5.9667,28,0,0.7102,91,273,111,326,101.0,299.5,20,53,0.0,-15.0,15.0,6.7925,-0.1468,-0.9719
179,5.9667,33,0,0.7865,63,274,87,328,75.0,301.0,24,54,0.0,-15.0,15.0,6.6667,-0.1468,-0.9719
179,5.9667,34,0,0.7259,11,283,28,328,19.5,305.5,17,45,30.0,0.0,30.0,8.0,-0.1468,-0.9719
179,5.9667,11,0,0.8282,242,246,276,347,259.0,296.5,34,101,45.0,-45.0,63.6396,3.5644,-0.1468,-0.9719
180,6.0,2,0,0.8106,123,256,149,328,136.0,292.0,26,72,15.0,-45.0,47.4342,5.0,-0.3235,-0.7997
180,6.0,8,0,0.883,373,181,471,357,422.0,269.0,98,176,225.0,-60.0,232.8626,2.0455,-0.3235,-0.7997
180,6.0,28,0,0.599,91,273,111,326,101.0,299.5,20,53,0.0,0.0,0.0,6.7925,-0.3235,-0.7997
180,6.0,33,0,0.7856,64,274,87,328,75.5,301.0,23,54,15.0,0.0,15.0,6.6667,-0.3235,-0.7997
180,6.0,34,0,0.7435,11,283,28,328,19.5,305.5,17,45,0.0,0.0,0.0,8.0,-0.3235,-0.7997
180,6.0,11,0,0.8027,244,243,277,347,260.5,295.0,33,104,45.0,-45.0,63.6396,3.4615,-0.3235,-0.7997
181,6.0333,2,0,0.8146,124,255,150,328,137.0,291.5,26,73,30.0,-15.0,33.541,4.9315,-0.122,-0.8984
181,6.0333,8,0,0.8998,381,177,490,357,435.5,267.0,109,180,405.0,-60.0,409.4203,2.0,-0.122,-0.8984
181,6.0333,28,0,0.6288,92,272,112,326,102.0,299.0,20,54,30.0,-15.0,33.541,6.6667,-0.122,-0.8984
181,6.0333,33,0,0.7394,64,273,87,328,75.5,300.5,23,55,0.0,-15.0,15.0,6.5455,-0.122,-0.8984
181,6.0333,34,0,0.7504,11,282,29,329,20.0,305.5,18,47,15.0,0.0,15.0,7.6596,-0.122,-0.8984
181,6.0333,11,0,0.801,247,242,281,347,264.0,294.5,34,105,105.0,-15.0,106.066,3.4286,-0.122,-0.8984
182,6.0667,2,0,0.8132,124,255,150,328,137.0,291.5,26,73,0.0,0.0,0.0,4.9315,-0.4937,-0.803
182,6.0667,8,0,0.912,389,176,510,357,449.5,266.5,121,181,420.0,-15.0,420.2678,1.989,-0.4937,-0.803
182,6.0667,28,0,0.6049,91,272,112,326,101.5,299.0,21,54,-15.0,0.0,15.0,6.6667,-0.4937,-0.803
182,6.0667,33,0,0.772,64,273,87,328,75.5,300.5,23,55,0.0,0.0,0.0,6.5455,-0.4937,-0.803
182,6.0667,34,0,0.7322,11,283,28,330,19.5,306.5,17,47,-15.0,30.0,33.541,7.6596,-0.4937,-0.803
182,6.0667,11,0,0.805,250,241,283,347,266.5,294.0,33,106,75.0,-15.0,76.4853,3.3962,-0.4937,-0.803
183,6.1,2,0,0.8168,124,255,151,328,137.5,291.5,27,73,15.0,0.0,15.0,4.9315,-0.4522,-0.7093
183,6.1,8,0,0.9174,398,173,531,357,464.5,265.0,133,184,450.0,-45.0,452.2444,1.9565,-0.4522,-0.7093
183,6.1,28,0,0.624,92,271,112,326,102.0,298.5,20,55,15.0,-15.0,21.2132,6.5455,-0.4522,-0.7093
183,6.1,33,0,0.7742,65,273,87,328,76.0,300.5,22,55,15.0,0.0,15.0,6.5455,-0.4522,-0.7093
183,6.1,34,0,0.7438,11,283,29,330,20.0,306.5,18,47,15.0,0.0,15.0,7.6596,-0.4522,-0.7093
183,6.1,11,0,0.7813,251,241,286,346,268.5,293.5,35,105,60.0,-15.0,61.8466,3.4286,-0.4522,-0.7093
184,6.1333,2,0,0.8186,124,257,151,328,137.5,292.5,27,71,0.0,30.0,30.0,5.0704,-0.5556,-0.8025
184,6.1333,8,0,0.9129,408,172,552,357,480.0,264.5,144,185,465.0,-15.0,465.2419,1.9459,-0.5556,-0.8025
184,6.1333,28,0,0.6082,92,270,113,326,102.5,298.0,21,56,15.0,-15.0,21.2132,6.4286,-0.5556,-0.8025
184,6.1333,33,0,0.7448,65,274,87,328,76.0,301.0,22,54,0.0,15.0,15.0,6.6667,-0.5556,-0.8025
184,6.1333,34,0,0.75,12,283,30,331,21.0,307.0,18,48,30.0,15.0,33.541,7.5,-0.5556,-0.8025
184,6.1333,11,0,0.8316,254,241,289,347,271.5,294.0,35,106,90.0,15.0,91.2414,3.3962,-0.5556,-0.8025
185,6.1667,2,0,0.8266,124,258,152,328,138.0,293.0,28,70,15.0,15.0,21.2132,5.1429,-0.6043,-1.063
185,6.1667,8,0,0.9111,419,171,576,357,497.5,264.0,157,186,525.0,-15.0,525.2142,1.9355,-0.6043,-1.063
185,6.1667,28,0,0.6689,93,271,113,326,103.0,298.5,20,55,15.0,15.0,21.2132,6.5455,-0.6043,-1.063
185,6.1667,33,0,0.7187,66,275,87,329,76.5,302.0,21,54,15.0,30.0,33.541,6.6667,-0.6043,-1.063
185,6.1667,34,0,0.7619,12,283,31,330,21.5,306.5,19,47,15.0,-15.0,21.2132,7.6596,-0.6043,-1.063
185,6.1667,11,0,0.838,256,241,291,349,273.5,295.0,35,108,60.0,30.0,67.082,3.3333,-0.6043,-1.063
186,6.2,2,0,0.8265,123,259,152,328,137.5,293.5,29,69,-15.0,15.0,21.2132,5.2174,-0.189,-0.6578
186,6.2,8,0,0.9135,430,170,600,357,515.0,263.5,170,187,525.0,-15.0,525.2142,1.9251,-0.189,-0.6578
186,6.2,28,0,0.6898,93,271,114,325,103.5,298.0,21,54,15.0,-15.0,21.2132,6.6667,-0.189,-0.6578
186,6.2,33,0,0.7124,66,275,87,329,76.5,302.0,21,54,0.0,0.0,0.0,6.6667,-0.189,-0.6578
186,6.2,34,0,0.7279,13,283,32,330,22.5,306.5,19,47,30.0,0.0,30.0,7.6596,-0.189,-0.6578
186,6.2,11,0,0.8269,257,243,295,351,276.0,297.0,38,108,75.0,60.0,96.0469,3.3333,-0.189,-0.6578
187,6.2333,2,0,0.8205,124,260,152,328,138.0,294.0,28,68,15.0,15.0,21.2132,5.2941,-0.5289,-0.4075
187,6.2333,8,0,0.9177,442,168,624,357,533.0,262.5,182,189,540.0,-30.0,540.8327,1.9048,-0.5289,-0.4075
187,6.2333,28,0,0.6569,94,270,114,326,104.0,298.0,20,56,15.0,0.0,15.0,6.4286,-0.5289,-0.4075
187,6.2333,33,0,0.6945,67,276,87,329,77.0,302.5,20,53,15.0,15.0,21.2132,6.7925,-0.5289,-0.4075
187,6.2333,34,0,0.7318,13,283,33,330,23.0,306.5,20,47,15.0,0.0,15.0,7.6596,-0.5289,-0.4075
187,6.2333,11,0,0.823,258,245,298,351,278.0,298.0,40,106,60.0,30.0,67.082,3.3962,-0.5289,-0.4075
188,6.2667,2,0,0.8138,124,261,153,328,138.5,294.5,29,67,15.0,15.0,21.2132,5.3731,-0.5229,-0.4522
188,6.2667,8,0,0.9223,456,165,639,357,547.5,261.0,183,192,435.0,-45.0,437.3214,1.875,-0.5229,-0.4522
188,6.2667,28,0,0.6791,94,271,115,326,104.5,298.5,21,55,15.0,15.0,21.2132,6.5455,-0.5229,-0.4522
188,6.2667,33,0,0.6992,67,276,86,329,76.5,302.5,19,53,-15.0,0.0,15.0,6.7925,-0.5229,-0.4522
188,6.2667,34,0,0.7214,14,283,33,329,23.5,306.0,19,46,15.0,-15.0,21.2132,7.8261,-0.5229,-0.4522
188,6.2667,11,0,0.8507,260,245,300,352,280.0,298.5,40,107,60.0,15.0,61.8466,3.3645,-0.5229,-0.4522
189,6.3,2,0,0.8166,124,261,153,328,138.5,294.5,29,67,0.0,0.0,0.0,5.3731,-0.4667,-0.2419
189,6.3,8,0,0.9383,472,160,640,357,556.0,258.5,168,197,255.0,-75.0,265.8007,1.8274,-0.4667,-0.2419
189,6.3,28,0,0.667,95,272,115,327,105.0,299.5,20,55,15.0,30.0,33.541,6.5455,-0.4667,-0.2419
189,6.3,33,0,0.6896,67,274,86,329,76.5,301.5,19,55,0.0,-30.0,30.0,6.5455,-0.4667,-0.2419
189,6.3,34,0,0.6972,15,283,33,330,24.0,306.5,18,47,15.0,15.0,21.2132,7.6596,-0.4667,-0.2419
189,6.3,11,0,0.8606,262,246,302,353,282.0,299.5,40,107,60.0,30.0,67.082,3.3645,-0.4667,-0.2419
190,6.3333,2,0,0.805,124,261,153,328,138.5,294.5,29,67,0.0,0.0,0.0,5.3731,-0.3573,-0.2933
190,6.3333,8,0,0.9316,489,155,640,357,564.5,256.0,151,202,255.0,-75.0,265.8007,1.7822,-0.3573,-0.2933
190,6.3333,28,0,0.5775,96,273,115,327,105.5,300.0,19,54,15.0,15.0,21.2132,6.6667,-0.3573,-0.2933
190,6.3333,33,0,0.6963,68,274,87,330,77.5,302.0,19,56,30.0,15.0,33.541,6.4286,-0.3573,-0.2933
190,6.3333,34,0,0.7125,15,282,34,330,24.5,306.0,19,48,15.0,-15.0,21.2132,7.5,-0.3573,-0.2933
190,6.3333,11,0,0.8908,264,245,304,357,284.0,301.0,40,112,60.0,45.0,75.0,3.2143,-0.3573,-0.2933
191,6.3667,2,0,0.8049,125,261,153,328,139.0,294.5,28,67,15.0,0.0,15.0,5.3731,-0.2501,-0.2986
191,6.3667,8,0,0.9286,506,147,640,357,573.0,252.0,134,210,255.0,-120.0,281.8244,1.7143,-0.2501,-0.2986
191,6.3667,28,0,0.5676,96,274,115,328,105.5,301.0,19,54,0.0,30.0,30.0,6.6667,-0.2501,-0.2986
191,6.3667,33,0,0.6853,68,274,88,330,78.0,302.0,20,56,15.0,0.0,15.0,6.4286,-0.2501,-0.2986
191,6.3667,34,0,0.7013,15,282,34,330,24.5,306.0,19,48,0.0,0.0,0.0,7.5,-0.2501,-0.2986
191,6.3667,11,0,0.8805,266,244,305,358,285.5,301.0,39,114,45.0,0.0,45.0,3.1579,-0.2501,-0.2986
192,6.4,2,0,0.813,125,262,153,329,139.0,295.5,28,67,0.0,30.0,30.0,5.3731,-0.5462,-0.1491
192,6.4,8,0,0.9089,526,138,640,357,583.0,247.5,114,219,300.0,-135.0,328.9757,1.6438,-0.5462,-0.1491
192,6.4,28,0,0.5963,96,273,116,328,106.0,300.5,20,55,15.0,-15.0,21.2132,6.5455,-0.5462,-0.1491
192,6.4,33,0,0.6694,67,274,87,330,77.0,302.0,20,56,-30.0,0.0,30.0,6.4286,-0.5462,-0.1491
192,6.4,34,0,0.6939,16,282,34,330,25.0,306.0,18,48,15.0,0.0,15.0,7.5,-0.5462,-0.1491
192,6.4,11,0,0.8751,269,244,307,358,288.0,301.0,38,114,75.0,0.0,75.0,3.1579,-0.5462,-0.1491
193,6.4333,2,0,0.8166,126,262,153,329,139.5,295.5,27,67,15.0,0.0,15.0,5.3731,-0.8551,-0.2166
193,6.4333,8,0,0.8917,548,128,640,357,594.0,242.5,92,229,330.0,-150.0,362.4914,1.5721,-0.8551,-0.2166
193,6.4333,28,0,0.593,97,273,117,328,107.0,300.5,20,55,30.0,0.0,30.0,6.5455,-0.8551,-0.2166
193,6.4333,33,0,0.6711,68,274,88,330,78.0,302.0,20,56,30.0,0.0,30.0,6.4286,-0.8551,-0.2166
193,6.4333,34,0,0.6533,16,281,34,329,25.0,305.0,18,48,0.0,-30.0,30.0,7.5,-0.8551,-0.2166
193,6.4333,11,0,0.8492,271,242,310,358,290.5,300.0,39,116,75.0,-30.0,80.7775,3.1034,-0.8551,-0.2166
194,6.4667,2,0,0.8104,126,262,153,329,139.5,295.5,27,67,0.0,0.0,0.0,5.3731,-0.3551,-0.359
194,6.4667,8,0,0.7851,571,111,640,356,605.5,233.5,69,245,345.0,-270.0,438.0925,1.4694,-0.3551,-0.359
194,6.4667,28,0,0.5902,97,272,117,328,107.0,300.0,20,56,0.0,-15.0,15.0,6.4286,-0.3551,-0.359
194,6.4667,33,0,0.6961,68,273,88,330,78.0,301.5,20,57,0.0,-15.0,15.0,6.3158,-0.3551,-0.359
194,6.4667,34,0,0.6697,16,281,34,329,25.0,305.0,18,48,0.0,0.0,0.0,7.5,-0.3551,-0.359
194,6.4667,11,0,0.821,273,239,313,359,293.0,299.0,40,120,75.0,-30.0,80.7775,3.0,-0.3551,-0.359
195,6.5,2,0,0.8083,127,262,153,329,140.0,295.5,26,67,15.0,0.0,15.0,5.3731,-0.7338,-0.1618
195,6.5,28,0,0.6142,97,272,118,328,107.5,300.0,21,56,15.0,0.0,15.0,6.4286,-0.7338,-0.1618
195,6.5,33,0,0.729,68,273,88,330,78.0,301.5,20,57,0.0,0.0,0.0,6.3158,-0.7338,-0.1618
195,6.5,34,0,0.6689,17,281,35,329,26.0,305.0,18,48,30.0,0.0,30.0,7.5,-0.7338,-0.1618
195,6.5,11,0,0.8464,275,238,315,359,295.0,298.5,40,121,60.0,-15.0,61.8466,2.9752,-0.7338,-0.1618
196,6.5333,2,0,0.8122,127,262,153,329,140.0,295.5,26,67,0.0,0.0,0.0,5.3731,-0.2105,-0.4004
196,6.5333,28,0,0.6456,97,273,118,328,107.5,300.5,21,55,0.0,15.0,15.0,6.5455,-0.2105,-0.4004
196,6.5333,33,0,0.7502,68,273,90,330,79.0,301.5,22,57,30.0,0.0,30.0,6.3158,-0.2105,-0.4004
196,6.5333,34,0,0.6621,17,281,36,329,26.5,305.0,19,48,15.0,0.0,15.0,7.5,-0.2105,-0.4004
196,6.5333,11,0,0.8718,277,236,317,359,297.0,297.5,40,123,60.0,-30.0,67.082,2.9268,-0.2105,-0.4004
197,6.5667,2,0,0.7874,128,263,153,329,140.5,296.0,25,66,15.0,15.0,21.2132,5.4545,-0.5366,-0.4459
197,6.5667,28,0,0.657,98,273,118,328,108.0,300.5,20,55,15.0,0.0,15.0,6.5455,-0.5366,-0.4459
197,6.5667,33,0,0.7636,68,273,91,330,79.5,301.5,23,57,15.0,0.0,15.0,6.3158,-0.5366,-0.4459
197,6.5667,34,0,0.6762,17,281,38,330,27.5,305.5,21,49,30.0,15.0,33.541,7.3469,-0.5366,-0.4459
197,6.5667,11,0,0.8425,278,235,319,359,298.5,297.0,41,124,45.0,-15.0,47.4342,2.9032,-0.5366,-0.4459
198,6.6,2,0,0.7943,128,263,153,328,140.5,295.5,25,65,0.0,-15.0,15.0,5.5385,-0.6762,0.2626
198,6.6,28,0,0.681,98,272,118,328,108.0,300.0,20,56,0.0,-15.0,15.0,6.4286,-0.6762,0.2626
198,6.6,33,0,0.7681,68,273,91,330,79.5,301.5,23,57,0.0,0.0,0.0,6.3158,-0.6762,0.2626
198,6.6,34,0,0.7126,18,281,38,330,28.0,305.5,20,49,15.0,0.0,15.0,7.3469,-0.6762,0.2626
198,6.6,11,0,0.8618,279,234,321,360,300.0,297.0,42,126,45.0,0.0,45.0,2.8571,-0.6762,0.2626
199,6.6333,2,0,0.7788,128,263,153,328,140.5,295.5,25,65,0.0,0.0,0.0,5.5385,-0.5046,-0.647
199,6.6333,28,0,0.6891,98,273,118,328,108.0,300.5,20,55,0.0,15.0,15.0,6.5455,-0.5046,-0.647
199,6.6333,33,0,0.7651,68,273,91,330,79.5,301.5,23,57,0.0,0.0,0.0,6.3158,-0.5046,-0.647
199,6.6333,34,0,0.7065,18,281,38,330,28.0,305.5,20,49,0.0,0.0,0.0,7.3469,-0.5046,-0.647
199,6.6333,11,0,0.8625,280,233,322,360,301.0,296.5,42,127,30.0,-15.0,33.541,2.8346,-0.5046,-0.647
200,6.6667,2,0,0.7678,128,263,152,329,140.0,296.0,24,66,-15.0,15.0,21.2132,5.4545,-0.9509,-0.7426
200,6.6667,28,0,0.6801,98,274,118,329,108.0,301.5,20,55,0.0,30.0,30.0,6.5455,-0.9509,-0.7426
200,6.6667,33,0,0.7564,68,273,91,330,79.5,301.5,23,57,0.0,0.0,0.0,6.3158,-0.9509,-0.7426
200,6.6667,34,0,0.7057,18,281,38,330,28.0,305.5,20,49,0.0,0.0,0.0,7.3469,-0.9509,-0.7426
200,6.6667,11,0,0.8775,280,233,324,359,302.0,296.0,44,126,30.0,-15.0,33.541,2.8571,-0.9509,-0.7426
201,6.7,2,0,0.8131,128,262,152,329,140.0,295.5,24,67,0.0,-15.0,15.0,5.3731,-0.8785,-0.8847
201,6.7,28,0,0.6852,98,274,118,329,108.0,301.5,20,55,0.0,0.0,0.0,6.5455,-0.8785,-0.8847
201,6.7,33,0,0.769,68,273,90,331,79.0,302.0,22,58,-15.0,15.0,21.2132,6.2069,-0.8785,-0.8847
201,6.7,34,0,0.72,19,282,37,331,28.0,306.5,18,49,0.0,30.0,30.0,7.3469,-0.8785,-0.8847
201,6.7,11,0,0.8668,281,233,327,360,304.0,296.5,46,127,60.0,15.0,61.8466,2.8346,-0.8785,-0.8847
202,6.7333,2,0,0.808,127,262,153,329,140.0,295.5,26,67,0.0,0.0,0.0,5.3731,-0.5954,-0.5516
202,6.7333,28,0,0.6707,98,275,118,330,108.0,302.5,20,55,0.0,30.0,30.0,6.5455,-0.5954,-0.5516
202,6.7333,33,0,0.7429,68,273,91,332,79.5,302.5,23,59,15.0,15.0,21.2132,6.1017,-0.5954,-0.5516
202,6.7333,34,0,0.7436,18,282,36,331,27.0,306.5,18,49,-30.0,0.0,30.0,7.3469,-0.5954,-0.5516
202,6.7333,11,0,0.8334,284,234,330,360,307.0,297.0,46,126,90.0,15.0,91.2414,2.8571,-0.5954,-0.5516
203,6.7667,2,0,0.8193,127,262,153,330,140.0,296.0,26,68,0.0,15.0,15.0,5.2941,-0.0543,-0.3719
203,6.7667,28,0,0.6533,99,275,119,330,109.0,302.5,20,55,30.0,0.0,30.0,6.5455,-0.0543,-0.3719
203,6.7667,33,0,0.6917,68,273,91,332,79.5,302.5,23,59,0.0,0.0,0.0,6.1017,-0.0543,-0.3719
203,6.7667,34,0,0.7552,18,283,37,331,27.5,307.0,19,48,15.0,15.0,21.2132,7.5,-0.0543,-0.3719
203,6.7667,11,0,0.8344,285,235,332,359,308.5,297.0,47,124,45.0,0.0,45.0,2.9032,-0.0543,-0.3719
204,6.8,2,0,0.8043,127,263,154,330,140.5,296.5,27,67,15.0,15.0,21.2132,5.3731,0.4036,-0.3948
204,6.8,28,0,0.6309,98,275,119,330,108.5,302.5,21,55,-15.0,0.0,15.0,6.5455,0.4036,-0.3948
204,6.8,33,0,0.7004,68,274,91,332,79.5,303.0,23,58,0.0,15.0,15.0,6.2069,0.4036,-0.3948
204,6.8,34,0,0.7475,18,283,36,331,27.0,307.0,18,48,-15.0,0.0,15.0,7.5,0.4036,-0.3948
204,6.8,11,0,0.8092,287,237,334,360,310.5,298.5,47,123,60.0,45.0,75.0,2.9268,0.4036,-0.3948
205,6.8333,2,0,0.7691,127,265,154,331,140.5,298.0,27,66,0.0,45.0,45.0,5.4545,0.3694,-0.4866
205,6.8333,28,0,0.6083,99,275,120,331,109.5,303.0,21,56,30.0,15.0,33.541,6.4286,0.3694,-0.4866
205,6.8333,33,0,0.6637,68,276,92,332,80.0,304.0,24,56,15.0,30.0,33.541,6.4286,0.3694,-0.4866
205,6.8333,34,0,0.6928,18,284,36,332,27.0,308.0,18,48,0.0,30.0,30.0,7.5,0.3694,-0.4866
205,6.8333,11,0,0.7564,289,243,338,360,313.5,301.5,49,117,90.0,90.0,127.2792,3.0769,0.3694,-0.4866
206,6.8667,2,0,0.7656,127,266,154,331,140.5,298.5,27,65,0.0,15.0,15.0,5.5385,0.2792,-0.3743
206,6.8667,28,0,0.5896,99,274,121,331,110.0,302.5,22,57,15.0,-15.0,21.2132,6.3158,0.2792,-0.3743
206,6.8667,33,0,0.6806,68,276,92,332,80.0,304.0,24,56,0.0,0.0,0.0,6.4286,0.2792,-0.3743
206,6.8667,34,0,0.6454,18,284,37,333,27.5,308.5,19,49,15.0,15.0,21.2132,7.3469,0.2792,-0.3743
206,6.8667,11,0,0.8783,293,240,343,360,318.0,300.0,50,120,135.0,-45.0,142.3025,3.0,0.2792,-0.3743
207,6.9,2,0,0.7729,128,266,154,331,141.0,298.5,26,65,15.0,0.0,15.0,5.5385,0.4372,-0.2384
207,6.9,28,0,0.5884,100,273,121,331,110.5,302.0,21,58,15.0,-15.0,21.2132,6.2069,0.4372,-0.2384
207,6.9,33,0,0.6735,68,277,93,332,80.5,304.5,25,55,15.0,15.0,21.2132,6.5455,0.4372,-0.2384
207,6.9,34,0,0.6417,18,284,37,333,27.5,308.5,19,49,0.0,0.0,0.0,7.3469,0.4372,-0.2384
207,6.9,11,0,0.8643,294,238,345,360,319.5,299.0,51,122,45.0,-30.0,54.0833,2.9508,0.4372,-0.2384
208,6.9333,2,0,0.7897,128,266,154,331,141.0,298.5,26,65,0.0,0.0,0.0,5.5385,0.5259,-0.4142
208,6.9333,28,0,0.6024,100,273,121,331,110.5,302.0,21,58,0.0,0.0,0.0,6.2069,0.5259,-0.4142
208,6.9333,33,0,0.7042,68,277,93,332,80.5,304.5,25,55,0.0,0.0,0.0,6.5455,0.5259,-0.4142
208,6.9333,34,0,0.6458,18,284,37,333,27.5,308.5,19,49,0.0,0.0,0.0,7.3469,0.5259,-0.4142
208,6.9333,11,0,0.8436,297,238,347,360,322.0,299.0,50,122,75.0,0.0,75.0,2.9508,0.5259,-0.4142
208,6.9333,45,0,0.4513,0,258,14,335,7.0,296.5,14,77,0.0,0.0,0.0,4.6753,0.5259,-0.4142
209,6.9667,2,0,0.8013,128,266,155,331,141.5,298.5,27,65,15.0,0.0,15.0,5.5385,0.5544,-0.5032
209,6.9667,28,0,0.6187,101,274,122,331,111.5,302.5,21,57,30.0,15.0,33.541,6.3158,0.5544,-0.5032
209,6.9667,33,0,0.7121,69,277,94,332,81.5,304.5,25,55,30.0,0.0,30.0,6.5455,0.5544,-0.5032
209,6.9667,34,0,0.6919,19,284,38,333,28.5,308.5,19,49,30.0,0.0,30.0,7.3469,0.5544,-0.5032
209,6.9667,11,0,0.858,301,237,350,359,325.5,298.0,49,122,105.0,-30.0,109.2016,2.9508,0.5544,-0.5032
209,6.9667,45,0,0.4451,0,255,16,347,8.0,301.0,16,92,30.0,135.0,138.2932,3.913,0.5544,-0.5032
210,7.0,2,0,0.805,128,266,155,331,141.5,298.5,27,65,0.0,0.0,0.0,5.5385,0.4239,-0.5678
210,7.0,28,0,0.6683,102,275,123,331,112.5,303.0,21,56,30.0,15.0,33.541,6.4286,0.4239,-0.5678
210,7.0,33,0,0.6942,70,276,94,332,82.0,304.0,24,56,15.0,-15.0,21.2132,6.4286,0.4239,-0.5678
210,7.0,34,0,0.6977,20,284,38,333,29.0,308.5,18,49,15.0,0.0,15.0,7.3469,0.4239,-0.5678
210,7.0,11,0,0.86,303,234,353,359,328.0,296.5,50,125,75.0,-45.0,87.4643,2.88,0.4239,-0.5678
210,7.0,45,0,0.4092,0,253,17,353,8.5,303.0,17,100,15.0,60.0,61.8466,3.6,0.4239,-0.5678
211,7.0333,2,0,0.8006,129,266,155,331,142.0,298.5,26,65,15.0,0.0,15.0,5.5385,-0.2238,-0.2578
211,7.0333,28,0,0.6919,103,273,124,331,113.5,302.0,21,58,30.0,-30.0,42.4264,6.2069,-0.2238,-0.2578
211,7.0333,33,0,0.7246,71,275,95,332,83.0,303.5,24,57,30.0,-15.0,33.541,6.3158,-0.2238,-0.2578
211,7.0333,34,0,0.6905,20,284,38,333,29.0,308.5,18,49,0.0,0.0,0.0,7.3469,-0.2238,-0.2578
211,7.0333,11,0,0.8527,306,232,356,359,331.0,295.5,50,127,90.0,-30.0,94.8683,2.8346,-0.2238,-0.2578
211,7.0333,45,0,0.4764,0,251,18,355,9.0,303.0,18,104,15.0,0.0,15.0,3.4615,-0.2238,-0.2578
212,7.0667,2,0,0.8084,129,265,155,331,142.0,298.0,26,66,0.0,-15.0,15.0,5.4545,0.4158,-0.4264
212,7.0667,28,0,0.7311,104,272,125,330,114.5,301.0,21,58,30.0,-30.0,42.4264,6.2069,0.4158,-0.4264
212,7.0667,33,0,0.742,71,275,95,332,83.0,303.5,24,57,0.0,0.0,0.0,6.3158,0.4158,-0.4264
212,7.0667,34,0,0.6916,20,283,39,333,29.5,308.0,19,50,15.0,-15.0,21.2132,7.2,0.4158,-0.4264
212,7.0667,11,0,0.8948,309,227,360,359,334.5,293.0,51,132,105.0,-75.0,129.0349,2.7273,0.4158,-0.4264
212,7.0667,45,0,0.3911,0,253,20,356,10.0,304.5,20,103,30.0,45.0,54.0833,3.4951,0.4158,-0.4264
213,7.1,2,0,0.7923,129,264,155,330,142.0,297.0,26,66,0.0,-30.0,30.0,5.4545,0.4849,-0.634
213,7.1,28,0,0.7074,105,273,125,330,115.0,301.5,20,57,15.0,15.0,21.2132,6.3158,0.4849,-0.634
213,7.1,33,0,0.7223,72,274,95,332,83.5,303.0,23,58,15.0,-15.0,21.2132,6.2069,0.4849,-0.634
213,7.1,34,0,0.7138,20,283,40,333,30.0,308.0,20,50,15.0,0.0,15.0,7.2,0.4849,-0.634
213,7.1,11,0,0.837,314,226,363,358,338.5,292.0,49,132,120.0,-30.0,123.6932,2.7273,0.4849,-0.634
213,7.1,45,0,0.6372,0,249,22,355,11.0,302.0,22,106,30.0,-75.0,80.7775,3.3962,0.4849,-0.634
214,7.1333,2,0,0.7862,129,262,156,330,142.5,296.0,27,68,15.0,-30.0,33.541,5.2941,0.499,-0.3493
214,7.1333,28,0,0.6638,106,274,126,330,116.0,302.0,20,56,30.0,15.0,33.541,6.4286,0.499,-0.3493
214,7.1333,33,0,0.7471,73,274,95,332,84.0,303.0,22,58,15.0,0.0,15.0,6.2069,0.499,-0.3493
214,7.1333,34,0,0.6863,21,283,41,333,31.0,308.0,20,50,30.0,0.0,30.0,7.2,0.499,-0.3493
214,7.1333,11,0,0.876,318,224,368,358,343.0,291.0,50,134,135.0,-30.0,138.2932,2.6866,0.499,-0.3493
214,7.1333,45,0,0.5801,0,250,23,355,11.5,302.5,23,105,15.0,15.0,21.2132,3.4286,0.499,-0.3493
215,7.1667,2,0,0.7752,129,262,156,331,142.5,296.5,27,69,0.0,15.0,15.0,5.2174,0.5449,-0.2479
215,7.1667,28,0,0.6884,106,276,127,330,116.5,303.0,21,54,15.0,30.0,33.541,6.6667,0.5449,-0.2479
215,7.1667,33,0,0.7906,73,274,95,332,84.0,303.0,22,58,0.0,0.0,0.0,6.2069,0.5449,-0.2479
215,7.1667,34,0,0.6721,21,282,42,333,31.5,307.5,21,51,15.0,-15.0,21.2132,7.0588,0.5449,-0.2479
215,7.1667,11,0,0.8716,322,224,372,358,347.0,291.0,50,134,120.0,0.0,120.0,2.6866,0.5449,-0.2479
215,7.1667,45,0,0.5128,0,252,25,356,12.5,304.0,25,104,30.0,45.0,54.0833,3.4615,0.5449,-0.2479
216,7.2,2,0,0.7672,130,262,157,331,143.5,296.5,27,69,30.0,0.0,30.0,5.2174,0.4777,-0.0893
216,7.2,28,0,0.6957,107,276,127,331,117.0,303.5,20,55,15.0,15.0,21.2132,6.5455,0.4777,-0.0893
216,7.2,33,0,0.783,74,275,96,332,85.0,303.5,22,57,30.0,15.0,33.541,6.3158,0.4777,-0.0893
216,7.2,34,0,0.6177,21,281,42,334,31.5,307.5,21,53,0.0,0.0,0.0,6.7925,0.4777,-0.0893
216,7.2,11,0,0.8632,326,225,378,358,352.0,291.5,52,133,150.0,15.0,150.7481,2.7068,0.4777,-0.0893
217,7.2333,2,0,0.7686,130,262,157,332,143.5,297.0,27,70,0.0,15.0,15.0,5.1429,0.356,-0.2038
217,7.2333,28,0,0.6798,108,275,128,331,118.0,303.0,20,56,30.0,-15.0,33.541,6.4286,0.356,-0.2038
217,7.2333,33,0,0.7359,74,275,97,332,85.5,303.5,23,57,15.0,0.0,15.0,6.3158,0.356,-0.2038
217,7.2333,34,0,0.5403,19,281,42,334,30.5,307.5,23,53,-30.0,0.0,30.0,6.7925,0.356,-0.2038
217,7.2333,11,0,0.8708,330,225,382,359,356.0,292.0,52,134,120.0,15.0,120.9339,2.6866,0.356,-0.2038
217,7.2333,45,0,0.3462,0,252,28,354,14.0,303.0,28,102,22.5,-15.0,27.0416,3.5294,0.356,-0.2038
218,7.2667,2,0,0.7647,131,262,157,332,144.0,297.0,26,70,15.0,0.0,15.0,5.1429,0.3673,0.0431
218,7.2667,28,0,0.6856,108,274,128,331,118.0,302.5,20,57,0.0,-15.0,15.0,6.3158,0.3673,0.0431
218,7.2667,33,0,0.727,75,275,97,333,86.0,304.0,22,58,15.0,15.0,21.2132,6.2069,0.3673,0.0431
218,7.2667,34,0,0.5256,17,281,41,334,29.0,307.5,24,53,-45.0,0.0,45.0,6.7925,0.3673,0.0431
218,7.2667,11,0,0.8643,333,226,387,360,360.0,293.0,54,134,120.0,30.0,123.6932,2.6866,0.3673,0.0431
218,7.2667,45,0,0.5929,0,253,28,353,14.0,303.0,28,100,0.0,0.0,0.0,3.6,0.3673,0.0431
219,7.3,2,0,0.7284,131,264,157,332,144.0,298.0,26,68,0.0,30.0,30.0,5.2941,0.4171,0.0123
219,7.3,28,0,0.7017,108,275,129,332,118.5,303.5,21,57,15.0,30.0,33.541,6.3158,0.4171,0.0123
219,7.3,33,0,0.7207,76,276,98,333,87.0,304.5,22,57,30.0,15.0,33.541,6.3158,0.4171,0.0123
219,7.3,34,0,0.5296,16,281,41,334,28.5,307.5,25,53,-15.0,0.0,15.0,6.7925,0.4171,0.0123
219,7.3,11,0,0.8335,333,228,394,360,363.5,294.0,61,132,105.0,30.0,109.2016,2.7273,0.4171,0.0123
219,7.3,45,0,0.7334,0,252,28,352,14.0,302.0,28,100,0.0,-30.0,30.0,3.6,0.4171,0.0123
220,7.3333,2,0,0.765,130,264,158,333,144.0,298.5,28,69,0.0,15.0,15.0,5.2174,0.1685,-0.1548
220,7.3333,28,0,0.7114,108,275,129,332,118.5,303.5,21,57,0.0,0.0,0.0,6.3158,0.1685,-0.1548
220,7.3333,33,0,0.7334,76,276,99,333,87.5,304.5,23,57,15.0,0.0,15.0,6.3158,0.1685,-0.1548
220,7.3333,34,0,0.5109,17,281,41,334,29.0,307.5,24,53,15.0,0.0,15.0,6.7925,0.1685,-0.1548
220,7.3333,11,0,0.8212,337,229,399,359,368.0,294.0,62,130,135.0,0.0,135.0,2.7692,0.1685,-0.1548
220,7.3333,45,0,0.7596,0,252,28,352,14.0,302.0,28,100,0.0,0.0,0.0,3.6,0.1685,-0.1548
220,7.3333,46,0,0.4784,85,277,99,334,92.0,305.5,14,57,0.0,0.0,0.0,6.3158,0.1685,-0.1548
220,7.3333,47,0,0.3949,23,282,42,334,32.5,308.0,19,52,0.0,0.0,0.0,6.9231,0.1685,-0.1548
221,7.3667,2,0,0.7739,131,265,158,333,144.5,299.0,27,68,15.0,15.0,21.2132,5.2941,0.2342,0.0052
221,7.3667,28,0,0.7466,108,277,129,332,118.5,304.5,21,55,0.0,30.0,30.0,6.5455,0.2342,0.0052
221,7.3667,33,0,0.7504,77,277,100,333,88.5,305.0,23,56,30.0,15.0,33.541,6.4286,0.2342,0.0052
221,7.3667,11,0,0.8731,341,230,403,359,372.0,294.5,62,129,120.0,15.0,120.9339,2.7907,0.2342,0.0052
221,7.3667,45,0,0.6699,0,253,29,352,14.5,302.5,29,99,15.0,15.0,21.2132,3.6364,0.2342,0.0052
221,7.3667,46,0,0.5177,86,278,100,334,93.0,306.0,14,56,30.0,15.0,33.541,6.4286,0.2342,0.0052
221,7.3667,47,0,0.4782,23,282,41,334,32.0,308.0,18,52,-15.0,0.0,15.0,6.9231,0.2342,0.0052
222,7.4,2,0,0.778,131,265,159,333,145.0,299.0,28,68,15.0,0.0,15.0,5.2941,0.4923,0.0877
222,7.4,28,0,0.7189,108,277,129,332,118.5,304.5,21,55,0.0,0.0,0.0,6.5455,0.4923,0.0877
222,7.4,33,0,0.7546,77,277,100,333,88.5,305.0,23,56,0.0,0.0,0.0,6.4286,0.4923,0.0877
222,7.4,11,0,0.8715,345,230,411,359,378.0,294.5,66,129,180.0,0.0,180.0,2.7907,0.4923,0.0877
222,7.4,46,0,0.5874,85,278,100,334,92.5,306.0,15,56,-15.0,0.0,15.0,6.4286,0.4923,0.0877
222,7.4,47,0,0.5634,23,282,41,334,32.0,308.0,18,52,0.0,0.0,0.0,6.9231,0.4923,0.0877
223,7.4333,2,0,0.7817,132,265,159,333,145.5,299.0,27,68,15.0,0.0,15.0,5.2941,0.6425,0.139
223,7.4333,28,0,0.7022,109,277,129,332,119.0,304.5,20,55,15.0,0.0,15.0,6.5455,0.6425,0.139
223,7.4333,33,0,0.7611,78,278,101,333,89.5,305.5,23,55,30.0,15.0,33.541,6.5455,0.6425,0.139
223,7.4333,11,0,0.8396,350,228,415,359,382.5,293.5,65,131,135.0,-30.0,138.2932,2.7481,0.6425,0.139
223,7.4333,47,0,0.5754,23,282,41,335,32.0,308.5,18,53,0.0,15.0,15.0,6.7925,0.6425,0.139
224,7.4667,2,0,0.7963,132,264,159,334,145.5,299.0,27,70,0.0,0.0,0.0,5.1429,0.2235,-0.3866
224,7.4667,28,0,0.6691,109,277,130,332,119.5,304.5,21,55,15.0,0.0,15.0,6.5455,0.2235,-0.3866
224,7.4667,33,0,0.7347,78,277,101,333,89.5,305.0,23,56,0.0,-15.0,15.0,6.4286,0.2235,-0.3866
224,7.4667,11,0,0.8319,356,226,419,359,387.5,292.5,63,133,150.0,-30.0,152.9706,2.7068,0.2235,-0.3866
224,7.4667,47,0,0.559,24,281,41,334,32.5,307.5,17,53,15.0,-30.0,33.541,6.7925,0.2235,-0.3866
224,7.4667,45,0,0.4882,0,258,29,353,14.5,305.5,29,95,0.0,30.0,30.0,3.7895,0.2235,-0.3866
225,7.5,2,0,0.8055,131,263,159,334,145.0,298.5,28,71,-15.0,-15.0,21.2132,5.0704,0.2186,-0.2243
225,7.5,28,0,0.672,110,276,130,332,120.0,304.0,20,56,15.0,-15.0,21.2132,6.4286,0.2186,-0.2243
225,7.5,33,0,0.6667,79,277,102,334,90.5,305.5,23,57,30.0,15.0,33.541,6.3158,0.2186,-0.2243
225,7.5,11,0,0.869,361,224,424,359,392.5,291.5,63,135,150.0,-30.0,152.9706,2.6667,0.2186,-0.2243
225,7.5,47,0,0.5643,24,281,41,335,32.5,308.0,17,54,0.0,15.0,15.0,6.6667,0.2186,-0.2243
225,7.5,45,0,0.6912,0,256,30,352,15.0,304.0,30,96,15.0,-45.0,47.4342,3.75,0.2186,-0.2243
226,7.5333,2,0,0.7978,131,263,159,334,145.0,298.5,28,71,0.0,0.0,0.0,5.0704,0.0939,-0.5956
226,7.5333,28,0,0.6926,110,276,131,332,120.5,304.0,21,56,15.0,0.0,15.0,6.4286,0.0939,-0.5956
226,7.5333,33,0,0.6905,80,277,102,334,91.0,305.5,22,57,15.0,0.0,15.0,6.3158,0.0939,-0.5956
226,7.5333,11,0,0.8539,366,222,433,358,399.5,290.0,67,136,210.0,-45.0,214.7673,2.6471,0.0939,-0.5956
226,7.5333,45,0,0.4696,0,254,31,351,15.5,302.5,31,97,15.0,-45.0,47.4342,3.7113,0.0939,-0.5956
227,7.5667,2,0,0.8177,131,263,159,333,145.0,298.0,28,70,0.0,-15.0,15.0,5.1429,0.3249,-0.457
227,7.5667,28,0,0.6921,110,276,131,332,120.5,304.0,21,56,0.0,0.0,0.0,6.4286,0.3249,-0.457
227,7.5667,33,0,0.7439,80,276,103,334,91.5,305.0,23,58,15.0,-15.0,21.2132,6.2069,0.3249,-0.457
227,7.5667,11,0,0.8734,370,218,438,358,404.0,288.0,68,140,135.0,-60.0,147.7329,2.5714,0.3249,-0.457
227,7.5667,45,0,0.3324,0,254,32,350,16.0,302.0,32,96,15.0,-15.0,21.2132,3.75,0.3249,-0.457
227,7.5667,47,0,0.3607,24,279,41,335,32.5,307.0,17,56,0.0,-15.0,15.0,6.4286,0.3249,-0.457
228,7.6,2,0,0.8125,131,262,159,333,145.0,297.5,28,71,0.0,-15.0,15.0,5.0704,0.4227,-0.5241
228,7.6,28,0,0.6902,111,277,132,332,121.5,304.5,21,55,30.0,15.0,33.541,6.5455,0.4227,-0.5241
228,7.6,33,0,0.7419,80,274,103,334,91.5,304.0,23,60,0.0,-30.0,30.0,6.0,0.4227,-0.5241
228,7.6,11,0,0.8776,374,215,442,357,408.0,286.0,68,142,120.0,-60.0,134.1641,2.5352,0.4227,-0.5241
228,7.6,45,0,0.34,0,254,35,344,17.5,299.0,35,90,45.0,-90.0,100.6231,4.0,0.4227,-0.5241
229,7.6333,2,0,0.8017,131,262,159,333,145.0,297.5,28,71,0.0,0.0,0.0,5.0704,0.208,-0.488
229,7.6333,28,0,0.7206,111,277,132,332,121.5,304.5,21,55,0.0,0.0,0.0,6.5455,0.208,-0.488
229,7.6333,33,0,0.7593,81,273,104,334,92.5,303.5,23,61,30.0,-15.0,33.541,5.9016,0.208,-0.488
229,7.6333,11,0,0.8791,378,214,448,357,413.0,285.5,70,143,150.0,-15.0,150.7481,2.5175,0.208,-0.488
229,7.6333,45,0,0.3725,0,253,37,343,18.5,298.0,37,90,30.0,-30.0,42.4264,4.0,0.208,-0.488
230,7.6667,2,0,0.7894,132,262,160,333,146.0,297.5,28,71,30.0,0.0,30.0,5.0704,0.2675,-0.2578
230,7.6667,28,0,0.7469,111,277,132,332,121.5,304.5,21,55,0.0,0.0,0.0,6.5455,0.2675,-0.2578
230,7.6667,33,0,0.7508,81,273,104,334,92.5,303.5,23,61,0.0,0.0,0.0,5.9016,0.2675,-0.2578
230,7.6667,11,0,0.8739,382,209,453,357,417.5,283.0,71,148,135.0,-75.0,154.4345,2.4324,0.2675,-0.2578
230,7.6667,45,0,0.5362,0,251,38,349,19.0,300.0,38,98,15.0,60.0,61.8466,3.6735,0.2675,-0.2578
231,7.7,2,0,0.7935,132,262,160,333,146.0,297.5,28,71,0.0,0.0,0.0,5.0704,0.3153,-0.1008
231,7.7,28,0,0.7636,111,278,132,332,121.5,305.0,21,54,0.0,15.0,15.0,6.6667,0.3153,-0.1008
231,7.7,33,0,0.7492,82,273,104,335,93.0,304.0,22,62,15.0,15.0,21.2132,5.8065,0.3153,-0.1008
231,7.7,11,0,0.8878,387,206,460,357,423.5,281.5,73,151,180.0,-45.0,185.5398,2.3841,0.3153,-0.1008
231,7.7,45,0,0.6206,0,250,38,351,19.0,300.5,38,101,0.0,15.0,15.0,3.5644,0.3153,-0.1008
232,7.7333,2,0,0.7982,133,261,160,333,146.5,297.0,27,72,15.0,-15.0,21.2132,5.0,0.3414,-0.2113
232,7.7333,28,0,0.7821,112,278,133,332,122.5,305.0,21,54,30.0,0.0,30.0,6.6667,0.3414,-0.2113
232,7.7333,33,0,0.7569,82,273,104,335,93.0,304.0,22,62,0.0,0.0,0.0,5.8065,0.3414,-0.2113
232,7.7333,11,0,0.8763,392,206,467,357,429.5,281.5,75,151,180.0,0.0,180.0,2.3841,0.3414,-0.2113
232,7.7333,45,0,0.6075,0,250,38,352,19.0,301.0,38,102,0.0,15.0,15.0,3.5294,0.3414,-0.2113
233,7.7667,2,0,0.7991,134,261,161,333,147.5,297.0,27,72,30.0,0.0,30.0,5.0,0.2458,0.0174
233,7.7667,28,0,0.7441,112,278,133,333,122.5,305.5,21,55,0.0,15.0,15.0,6.5455,0.2458,0.0174
233,7.7667,33,0,0.7838,81,273,104,336,92.5,304.5,23,63,-15.0,15.0,21.2132,5.7143,0.2458,0.0174
233,7.7667,11,0,0.9136,398,205,477,357,437.5,281.0,79,152,240.0,-15.0,240.4683,2.3684,0.2458,0.0174
233,7.7667,45,0,0.63,0,250,39,351,19.5,300.5,39,101,15.0,-15.0,21.2132,3.5644,0.2458,0.0174
234,7.8,2,0,0.7824,135,261,161,333,148.0,297.0,26,72,15.0,0.0,15.0,5.0,0.0384,-0.5522
234,7.8,28,0,0.7561,112,278,134,333,123.0,305.5,22,55,15.0,0.0,15.0,6.5455,0.0384,-0.5522
234,7.8,33,0,0.7831,82,273,105,336,93.5,304.5,23,63,30.0,0.0,30.0,5.7143,0.0384,-0.5522
234,7.8,11,0,0.8877,401,206,483,358,442.0,282.0,82,152,135.0,30.0,138.2932,2.3684,0.0384,-0.5522
234,7.8,45,0,0.7779,0,251,40,352,20.0,301.5,40,101,15.0,30.0,33.541,3.5644,0.0384,-0.5522
235,7.8333,2,0,0.7711,135,261,162,334,148.5,297.5,27,73,15.0,15.0,21.2132,4.9315,0.2118,-0.3605
235,7.8333,28,0,0.7376,112,277,134,333,123.0,305.0,22,56,0.0,-15.0,15.0,6.4286,0.2118,-0.3605
235,7.8333,33,0,0.7724,82,273,105,336,93.5,304.5,23,63,0.0,0.0,0.0,5.7143,0.2118,-0.3605
235,7.8333,11,0,0.9004,408,207,492,358,450.0,282.5,84,151,240.0,15.0,240.4683,2.3841,0.2118,-0.3605
235,7.8333,45,0,0.8348,0,252,41,352,20.5,302.0,41,100,15.0,15.0,21.2132,3.6,0.2118,-0.3605
236,7.8667,2,0,0.7638,136,263,163,334,149.5,298.5,27,71,30.0,30.0,42.4264,5.0704,0.4771,-0.3366
236,7.8667,28,0,0.7225,112,277,134,333,123.0,305.0,22,56,0.0,0.0,0.0,6.4286,0.4771,-0.3366
236,7.8667,33,0,0.7361,82,274,106,336,94.0,305.0,24,62,15.0,15.0,21.2132,5.8065,0.4771,-0.3366
236,7.8667,11,0,0.8717,413,207,499,358,456.0,282.5,86,151,180.0,0.0,180.0,2.3841,0.4771,-0.3366
236,7.8667,45,0,0.7944,0,252,43,353,21.5,302.5,43,101,30.0,15.0,33.541,3.5644,0.4771,-0.3366
237,7.9,2,0,0.7806,136,263,163,334,149.5,298.5,27,71,0.0,0.0,0.0,5.0704,0.5846,-0.1017
237,7.9,28,0,0.7167,113,276,135,334,124.0,305.0,22,58,30.0,0.0,30.0,6.2069,0.5846,-0.1017
237,7.9,33,0,0.7138,82,274,106,337,94.0,305.5,24,63,0.0,15.0,15.0,5.7143,0.5846,-0.1017
237,7.9,11,0,0.8657,419,209,510,358,464.5,283.5,91,149,255.0,30.0,256.7586,2.4161,0.5846,-0.1017
237,7.9,45,0,0.7979,1,252,44,352,22.5,302.0,43,100,30.0,-15.0,33.541,3.6,0.5846,-0.1017
238,7.9333,2,0,0.8094,137,264,164,335,150.5,299.5,27,71,30.0,30.0,42.4264,5.0704,0.3531,-0.1386
238,7.9333,28,0,0.7136,113,277,135,335,124.0,306.0,22,58,0.0,30.0,30.0,6.2069,0.3531,-0.1386
238,7.9333,33,0,0.6814,83,274,107,337,95.0,305.5,24,63,30.0,0.0,30.0,5.7143,0.3531,-0.1386
238,7.9333,11,0,0.8721,428,208,522,358,475.0,283.0,94,150,315.0,-15.0,315.3569,2.4,0.3531,-0.1386
238,7.9333,45,0,0.7573,3,255,45,351,24.0,303.0,42,96,45.0,30.0,54.0833,3.75,0.3531,-0.1386
239,7.9667,2,0,0.7957,138,263,164,335,151.0,299.0,26,72,15.0,-15.0,21.2132,5.0,0.452,-0.3867
239,7.9667,28,0,0.7159,114,277,136,335,125.0,306.0,22,58,30.0,0.0,30.0,6.2069,0.452,-0.3867
239,7.9667,33,0,0.7371,84,274,108,337,96.0,305.5,24,63,30.0,0.0,30.0,5.7143,0.452,-0.3867
239,7.9667,11,0,0.8917,435,207,531,358,483.0,282.5,96,151,240.0,-15.0,240.4683,2.3841,0.452,-0.3867
239,7.9667,45,0,0.807,6,254,46,351,26.0,302.5,40,97,60.0,-15.0,61.8466,3.7113,0.452,-0.3867
240,8.0,2,0,0.7747,139,264,166,334,152.5,299.0,27,70,45.0,0.0,45.0,5.1429,0.7049,-0.1495
240,8.0,28,0,0.723,115,278,137,335,126.0,306.5,22,57,30.0,15.0,33.541,6.3158,0.7049,-0.1495
240,8.0,33,0,0.71,85,274,109,336,97.0,305.0,24,62,30.0,-15.0,33.541,5.8065,0.7049,-0.1495
240,8.0,11,0,0.8609,444,205,541,357,492.5,281.0,97,152,285.0,-45.0,288.5308,2.3684,0.7049,-0.1495
240,8.0,45,0,0.7943,7,255,48,351,27.5,303.0,41,96,45.0,15.0,47.4342,3.75,0.7049,-0.1495
241,8.0333,2,0,0.78,140,263,167,334,153.5,298.5,27,71,30.0,-15.0,33.541,5.0704,0.7448,-0.2099
241,8.0333,28,0,0.7113,116,278,138,335,127.0,306.5,22,57,30.0,0.0,30.0,6.3158,0.7448,-0.2099
241,8.0333,33,0,0.6802,87,273,110,336,98.5,304.5,23,63,45.0,-15.0,47.4342,5.7143,0.7448,-0.2099
241,8.0333,11,0,0.8989,456,203,556,356,506.0,279.5,100,153,405.0,-45.0,407.4923,2.3529,0.7448,-0.2099
241,8.0333,45,0,0.7989,8,254,50,352,29.0,303.0,42,98,45.0,0.0,45.0,3.6735,0.7448,-0.2099
242,8.0667,2,0,0.7704,140,262,168,334,154.0,298.0,28,72,15.0,-15.0,21.2132,5.0,0.859,-1.6784
242,8.0667,28,0,0.7178,116,277,139,335,127.5,306.0,23,58,15.0,-15.0,21.2132,6.2069,0.859,-1.6784
242,8.0667,33,0,0.702,88,274,111,336,99.5,305.0,23,62,30.0,15.0,33.541,5.8065,0.859,-1.6784
242,8.0667,11,0,0.8668,466,197,570,357,518.0,277.0,104,160,360.0,-75.0,367.7295,2.25,0.859,-1.6784
242,8.0667,45,0,0.8136,9,253,53,353,31.0,303.0,44,100,60.0,0.0,60.0,3.6,0.859,-1.6784
243,8.1,2,0,0.7823,141,261,169,334,155.0,297.5,28,73,30.0,-15.0,33.541,4.9315,0.6769,-0.4581
243,8.1,28,0,0.7186,118,277,140,334,129.0,305.5,22,57,45.0,-15.0,47.4342,6.3158,0.6769,-0.4581
243,8.1,33,0,0.7251,89,273,111,336,100.0,304.5,22,63,15.0,-15.0,21.2132,5.7143,0.6769,-0.4581
243,8.1,11,0,0.8711,477,190,583,357,530.0,273.5,106,167,360.0,-105.0,375.0,2.1557,0.6769,-0.4581
243,8.1,45,0,0.8246,10,252,55,354,32.5,303.0,45,102,45.0,0.0,45.0,3.5294,0.6769,-0.4581
244,8.1333,2,0,0.7512,144,262,170,335,157.0,298.5,26,73,60.0,30.0,67.082,4.9315,0.983,-0.0202
244,8.1333,28,0,0.7482,119,278,141,334,130.0,306.0,22,56,30.0,15.0,33.541,6.4286,0.983,-0.0202
244,8.1333,33,0,0.7468,90,273,112,336,101.0,304.5,22,63,30.0,0.0,30.0,5.7143,0.983,-0.0202
244,8.1333,11,0,0.9116,488,184,592,357,540.0,270.5,104,173,300.0,-90.0,313.2092,2.0809,0.983,-0.0202
244,8.1333,45,0,0.8,12,252,57,355,34.5,303.5,45,103,60.0,15.0,61.8466,3.4951,0.983,-0.0202
245,8.1667,2,0,0.7405,145,264,172,335,158.5,299.5,27,71,45.0,30.0,54.0833,5.0704,0.587,-1.0612
245,8.1667,28,0,0.7295,121,277,143,334,132.0,305.5,22,57,60.0,-15.0,61.8466,6.3158,0.587,-1.0612
245,8.1667,33,0,0.7489,90,273,113,336,101.5,304.5,23,63,15.0,0.0,15.0,5.7143,0.587,-1.0612
245,8.1667,11,0,0.8861,501,178,607,357,554.0,267.5,106,179,420.0,-90.0,429.5346,2.0112,0.587,-1.0612
245,8.1667,45,0,0.7669,14,253,59,354,36.5,303.5,45,101,60.0,0.0,60.0,3.5644,0.587,-1.0612
246,8.2,2,0,0.7369,146,263,174,335,160.0,299.0,28,72,45.0,-15.0,47.4342,5.0,0.8976,-0.0343
246,8.2,28,0,0.6865,121,277,143,334,132.0,305.5,22,57,0.0,0.0,0.0,6.3158,0.8976,-0.0343
246,8.2,33,0,0.7746,91,272,114,336,102.5,304.0,23,64,30.0,-15.0,33.541,5.625,0.8976,-0.0343
246,8.2,11,0,0.899,515,173,624,358,569.5,265.5,109,185,465.0,-60.0,468.855,1.9459,0.8976,-0.0343
246,8.2,45,0,0.8218,16,253,62,352,39.0,302.5,46,99,75.0,-30.0,80.7775,3.6364,0.8976,-0.0343
247,8.2333,2,0,0.7524,146,263,174,335,160.0,299.0,28,72,0.0,0.0,0.0,5.0,0.399,-0.0577
247,8.2333,28,0,0.7008,121,277,143,335,132.0,306.0,22,58,0.0,15.0,15.0,6.2069,0.399,-0.0577
247,8.2333,33,0,0.7876,91,273,115,336,103.0,304.5,24,63,15.0,15.0,21.2132,5.7143,0.399,-0.0577
247,8.2333,11,0,0.9092,527,170,638,357,582.5,263.5,111,187,390.0,-60.0,394.5884,1.9251,0.399,-0.0577
247,8.2333,45,0,0.7749,18,253,64,353,41.0,303.0,46,100,60.0,15.0,61.8466,3.6,0.399,-0.0577
248,8.2667,2,0,0.7848,147,263,175,335,161.0,299.0,28,72,30.0,0.0,30.0,5.0,-0.0762,-0.5741
248,8.2667,28,0,0.7,122,277,144,335,133.0,306.0,22,58,30.0,0.0,30.0,6.2069,-0.0762,-0.5741
248,8.2667,33,0,0.7766,92,273,115,337,103.5,305.0,23,64,15.0,15.0,21.2132,5.625,-0.0762,-0.5741
248,8.2667,11,0,0.8937,537,173,640,358,588.5,265.5,103,185,180.0,60.0,189.7367,1.9459,-0.0762,-0.5741
248,8.2667,45,0,0.8033,21,252,65,353,43.0,302.5,44,101,60.0,-15.0,61.8466,3.5644,-0.0762,-0.5741
249,8.3,2,0,0.7877,148,263,176,335,162.0,299.0,28,72,30.0,0.0,30.0,5.0,0.6838,0.2048
249,8.3,28,0,0.6845,123,277,145,335,134.0,306.0,22,58,30.0,0.0,30.0,6.2069,0.6838,0.2048
249,8.3,33,0,0.7342,94,273,117,337,105.5,305.0,23,64,60.0,0.0,60.0,5.625,0.6838,0.2048
249,8.3,11,0,0.8922,551,175,640,357,595.5,266.0,89,182,210.0,15.0,210.535,1.978,0.6838,0.2048
249,8.3,45,0,0.786,24,253,66,352,45.0,302.5,42,99,60.0,0.0,60.0,3.6364,0.6838,0.2048
250,8.3333,2,0,0.7862,149,262,177,335,163.0,298.5,28,73,30.0,-15.0,33.541,4.9315,0.0974,-0.2865
250,8.3333,28,0,0.6711,123,277,147,336,135.0,306.5,24,59,30.0,15.0,33.541,6.1017,0.0974,-0.2865
250,8.3333,33,0,0.7293,95,274,118,337,106.5,305.5,23,63,30.0,15.0,33.541,5.7143,0.0974,-0.2865
250,8.3333,11,0,0.8623,569,176,640,357,604.5,266.5,71,181,270.0,15.0,270.4163,1.989,0.0974,-0.2865
250,8.3333,45,0,0.7869,27,253,68,354,47.5,303.5,41,101,75.0,30.0,80.7775,3.5644,0.0974,-0.2865
251,8.3667,2,0,0.7623,150,262,177,335,163.5,298.5,27,73,15.0,0.0,15.0,4.9315,0.2233,-0.0227
251,8.3667,28,0,0.6806,124,277,147,336,135.5,306.5,23,59,15.0,0.0,15.0,6.1017,0.2233,-0.0227
251,8.3667,33,0,0.7267,96,274,118,337,107.0,305.5,22,63,15.0,0.0,15.0,5.7143,0.2233,-0.0227
251,8.3667,11,0,0.7396,585,187,640,358,612.5,272.5,55,171,240.0,180.0,300.0,2.1053,0.2233,-0.0227
251,8.3667,45,0,0.7884,29,253,70,355,49.5,304.0,41,102,60.0,15.0,61.8466,3.5294,0.2233,-0.0227
252,8.4,2,0,0.7623,151,262,178,336,164.5,299.0,27,74,30.0,15.0,33.541,4.8649,0.2805,-0.0404
252,8.4,28,0,0.7198,125,277,148,337,136.5,307.0,23,60,30.0,15.0,33.541,6.0,0.2805,-0.0404
252,8.4,33,0,0.7442,96,274,119,338,107.5,306.0,23,64,15.0,15.0,21.2132,5.625,0.2805,-0.0404
252,8.4,11,0,0.6378,604,219,640,358,622.0,288.5,36,139,285.0,480.0,558.2338,2.5899,0.2805,-0.0404
252,8.4,45,0,0.7846,31,254,71,355,51.0,304.5,40,101,45.0,15.0,47.4342,3.5644,0.2805,-0.0404
253,8.4333,2,0,0.7918,152,263,179,336,165.5,299.5,27,73,30.0,15.0,33.541,4.9315,0.2117,0.0207
253,8.4333,28,0,0.7394,126,277,148,338,137.0,307.5,22,61,15.0,15.0,21.2132,5.9016,0.2117,0.0207
253,8.4333,33,0,0.7424,97,274,119,338,108.0,306.0,22,64,15.0,0.0,15.0,5.625,0.2117,0.0207
253,8.4333,45,0,0.8024,33,254,72,356,52.5,305.0,39,102,45.0,15.0,47.4342,3.5294,0.2117,0.0207
254,8.4667,2,0,0.8073,153,262,180,336,166.5,299.0,27,74,30.0,-15.0,33.541,4.8649,0.0835,-0.0959
254,8.4667,28,0,0.746,126,277,148,338,137.0,307.5,22,61,0.0,0.0,0.0,5.9016,0.0835,-0.0959
254,8.4667,33,0,0.752,97,274,120,339,108.5,306.5,23,65,15.0,15.0,21.2132,5.5385,0.0835,-0.0959
254,8.4667,45,0,0.808,34,254,73,356,53.5,305.0,39,102,30.0,0.0,30.0,3.5294,0.0835,-0.0959
255,8.5,2,0,0.8118,153,262,180,337,166.5,299.5,27,75,0.0,15.0,15.0,4.8,0.4016,0.0463
255,8.5,28,0,0.6987,127,277,149,338,138.0,307.5,22,61,30.0,0.0,30.0,5.9016,0.4016,0.0463
255,8.5,33,0,0.74,97,274,121,339,109.0,306.5,24,65,15.0,0.0,15.0,5.5385,0.4016,0.0463
255,8.5,45,0,0.8063,34,254,74,356,54.0,305.0,40,102,15.0,0.0,15.0,3.5294,0.4016,0.0463
256,8.5333,2,0,0.8038,154,262,181,337,167.5,299.5,27,75,30.0,0.0,30.0,4.8,0.5038,-0.0375
256,8.5333,28,0,0.7081,128,277,150,338,139.0,307.5,22,61,30.0,0.0,30.0,5.9016,0.5038,-0.0375
256,8.5333,33,0,0.7424,98,274,122,339,110.0,306.5,24,65,30.0,0.0,30.0,5.5385,0.5038,-0.0375
256,8.5333,45,0,0.8083,35,254,74,356,54.5,305.0,39,102,15.0,0.0,15.0,3.5294,0.5038,-0.0375
257,8.5667,2,0,0.8031,155,264,182,337,168.5,300.5,27,73,30.0,30.0,42.4264,4.9315,0.3204,-0.0133
257,8.5667,28,0,0.7052,129,277,151,338,140.0,307.5,22,61,30.0,0.0,30.0,5.9016,0.3204,-0.0133
257,8.5667,33,0,0.7413,99,274,123,339,111.0,306.5,24,65,30.0,0.0,30.0,5.5385,0.3204,-0.0133
257,8.5667,45,0,0.8026,36,253,74,356,55.0,304.5,38,103,15.0,-15.0,21.2132,3.4951,0.3204,-0.0133
258,8.6,2,0,0.7962,156,264,182,337,169.0,300.5,26,73,15.0,0.0,15.0,4.9315,0.4643,-0.1293
258,8.6,28,0,0.6947,129,278,151,338,140.0,308.0,22,60,0.0,15.0,15.0,6.0,0.4643,-0.1293
258,8.6,33,0,0.7236,100,274,123,338,111.5,306.0,23,64,15.0,-15.0,21.2132,5.625,0.4643,-0.1293
258,8.6,45,0,0.841,38,253,75,355,56.5,304.0,37,102,45.0,-15.0,47.4342,3.5294,0.4643,-0.1293
259,8.6333,2,0,0.8054,156,264,183,337,169.5,300.5,27,73,15.0,0.0,15.0,4.9315,0.3996,-0.0031
259,8.6333,28,0,0.6761,130,279,151,338,140.5,308.5,21,59,15.0,15.0,21.2132,6.1017,0.3996,-0.0031
259,8.6333,33,0,0.7305,100,274,124,338,112.0,306.0,24,64,15.0,0.0,15.0,5.625,0.3996,-0.0031
259,8.6333,45,0,0.84,39,253,75,356,57.0,304.5,36,103,15.0,15.0,21.2132,3.4951,0.3996,-0.0031
260,8.6667,2,0,0.8039,156,264,183,337,169.5,300.5,27,73,0.0,0.0,0.0,4.9315,-0.1296,-0.7038
260,8.6667,28,0,0.6897,130,278,151,338,140.5,308.0,21,60,0.0,-15.0,15.0,6.0,-0.1296,-0.7038
260,8.6667,33,0,0.7655,101,273,125,338,113.0,305.5,24,65,30.0,-15.0,33.541,5.5385,-0.1296,-0.7038
260,8.6667,45,0,0.8337,39,253,76,355,57.5,304.0,37,102,15.0,-15.0,21.2132,3.5294,-0.1296,-0.7038
261,8.7,2,0,0.793,157,264,184,337,170.5,300.5,27,73,30.0,0.0,30.0,4.9315,0.1637,-0.2357
261,8.7,28,0,0.6978,130,277,152,338,141.0,307.5,22,61,15.0,-15.0,21.2132,5.9016,0.1637,-0.2357
261,8.7,33,0,0.7513,102,275,125,338,113.5,306.5,23,63,15.0,30.0,33.541,5.7143,0.1637,-0.2357
261,8.7,45,0,0.8414,40,253,76,355,58.0,304.0,36,102,15.0,0.0,15.0,3.5294,0.1637,-0.2357
262,8.7333,2,0,0.8064,158,263,185,337,171.5,300.0,27,74,30.0,-15.0,33.541,4.8649,0.8285,0.0122
262,8.7333,28,0,0.6972,130,277,152,338,141.0,307.5,22,61,0.0,0.0,0.0,5.9016,0.8285,0.0122
262,8.7333,33,0,0.7435,103,274,126,338,114.5,306.0,23,64,30.0,-15.0,33.541,5.625,0.8285,0.0122
262,8.7333,45,0,0.7881,41,253,77,354,59.0,303.5,36,101,30.0,-15.0,33.541,3.5644,0.8285,0.0122
263,8.7667,2,0,0.7829,158,263,185,338,171.5,300.5,27,75,0.0,15.0,15.0,4.8,0.0683,-0.1897
263,8.7667,28,0,0.6816,131,277,153,338,142.0,307.5,22,61,30.0,0.0,30.0,5.9016,0.0683,-0.1897
263,8.7667,33,0,0.7483,103,274,126,339,114.5,306.5,23,65,0.0,15.0,15.0,5.5385,0.0683,-0.1897
263,8.7667,45,0,0.8157,41,253,77,354,59.0,303.5,36,101,0.0,0.0,0.0,3.5644,0.0683,-0.1897
264,8.8,2,0,0.7691,159,263,186,338,172.5,300.5,27,75,30.0,0.0,30.0,4.8,0.1784,0.1601
264,8.8,28,0,0.6799,132,273,154,339,143.0,306.0,22,66,30.0,-45.0,54.0833,5.4545,0.1784,0.1601
264,8.8,33,0,0.7376,104,274,126,339,115.0,306.5,22,65,15.0,0.0,15.0,5.5385,0.1784,0.1601
264,8.8,45,0,0.828,42,254,78,354,60.0,304.0,36,100,30.0,15.0,33.541,3.6,0.1784,0.1601
265,8.8333,2,0,0.7593,160,263,187,338,173.5,300.5,27,75,30.0,0.0,30.0,4.8,0.3752,-0.09
265,8.8333,28,0,0.686,132,275,155,338,143.5,306.5,23,63,15.0,15.0,21.2132,5.7143,0.3752,-0.09
265,8.8333,33,0,0.7095,104,275,127,339,115.5,307.0,23,64,15.0,15.0,21.2132,5.625,0.3752,-0.09
265,8.8333,45,0,0.8047,43,254,79,354,61.0,304.0,36,100,30.0,0.0,30.0,3.6,0.3752,-0.09
266,8.8667,2,0,0.7525,160,264,187,339,173.5,301.5,27,75,0.0,30.0,30.0,4.8,0.2796,-0.1515
266,8.8667,28,0,0.6898,133,276,156,339,144.5,307.5,23,63,30.0,30.0,42.4264,5.7143,0.2796,-0.1515
266,8.8667,33,0,0.7022,104,276,127,340,115.5,308.0,23,64,0.0,30.0,30.0,5.625,0.2796,-0.1515
266,8.8667,45,0,0.782,44,255,80,354,62.0,304.5,36,99,30.0,15.0,33.541,3.6364,0.2796,-0.1515
267,8.9,2,0,0.7592,162,264,188,339,175.0,301.5,26,75,45.0,0.0,45.0,4.8,0.273,0.1376
267,8.9,28,0,0.7079,133,275,157,340,145.0,307.5,24,65,15.0,0.0,15.0,5.5385,0.273,0.1376
267,8.9,33,0,0.7009,105,276,128,340,116.5,308.0,23,64,30.0,0.0,30.0,5.625,0.273,0.1376
267,8.9,45,0,0.7739,45,255,81,354,63.0,304.5,36,99,30.0,0.0,30.0,3.6364,0.273,0.1376
268,8.9333,2,0,0.7516,163,264,189,339,176.0,301.5,26,75,30.0,0.0,30.0,4.8,0.6537,0.1204
268,8.9333,28,0,0.7036,134,275,157,340,145.5,307.5,23,65,15.0,0.0,15.0,5.5385,0.6537,0.1204
268,8.9333,33,0,0.7322,105,276,128,341,116.5,308.5,23,65,0.0,15.0,15.0,5.5385,0.6537,0.1204
268,8.9333,45,0,0.7781,46,255,83,354,64.5,304.5,37,99,45.0,0.0,45.0,3.6364,0.6537,0.1204
269,8.9667,2,0,0.7786,164,264,190,340,177.0,302.0,26,76,30.0,15.0,33.541,4.7368,0.407,0.0143
269,8.9667,28,0,0.7219,135,277,158,340,146.5,308.5,23,63,30.0,30.0,42.4264,5.7143,0.407,0.0143
269,8.9667,33,0,0.7182,105,276,128,342,116.5,309.0,23,66,0.0,15.0,15.0,5.4545,0.407,0.0143
269,8.9667,45,0,0.7668,47,256,85,353,66.0,304.5,38,97,45.0,0.0,45.0,3.7113,0.407,0.0143
270,9.0,2,0,0.7846,164,263,190,339,177.0,301.0,26,76,0.0,-30.0,30.0,4.7368,0.1337,0.0541
270,9.0,28,0,0.721,136,278,158,340,147.0,309.0,22,62,15.0,15.0,21.2132,5.8065,0.1337,0.0541
270,9.0,33,0,0.7575,106,275,129,341,117.5,308.0,23,66,30.0,-30.0,42.4264,5.4545,0.1337,0.0541
270,9.0,45,0,0.807,48,256,86,351,67.0,303.5,38,95,30.0,-30.0,42.4264,3.7895,0.1337,0.0541
270,9.0,50,0,0.3495,0,267,10,345,5.0,306.0,10,78,0.0,0.0,0.0,4.6154,0.1337,0.0541
271,9.0333,2,0,0.7942,165,262,191,339,178.0,300.5,26,77,30.0,-15.0,33.541,4.6753,0.3311,-0.06
271,9.0333,28,0,0.6539,137,278,158,340,147.5,309.0,21,62,15.0,0.0,15.0,5.8065,0.3311,-0.06
271,9.0333,33,0,0.7295,106,274,130,342,118.0,308.0,24,68,15.0,0.0,15.0,5.2941,0.3311,-0.06
271,9.0333,45,0,0.8414,49,254,87,354,68.0,304.0,38,100,30.0,15.0,33.541,3.6,0.3311,-0.06
271,9.0333,50,0,0.4351,0,268,12,347,6.0,307.5,12,79,30.0,45.0,54.0833,4.557,0.3311,-0.06
272,9.0667,2,0,0.7671,165,261,192,339,178.5,300.0,27,78,15.0,-15.0,21.2132,4.6154,0.1454,-0.0657
272,9.0667,28,0,0.6339,138,277,159,340,148.5,308.5,21,63,30.0,-15.0,33.541,5.7143,0.1454,-0.0657
272,9.0667,33,0,0.7576,107,274,131,342,119.0,308.0,24,68,30.0,0.0,30.0,5.2941,0.1454,-0.0657
272,9.0667,45,0,0.8392,50,253,88,356,69.0,304.5,38,103,30.0,15.0,33.541,3.4951,0.1454,-0.0657
272,9.0667,50,0,0.4747,0,268,13,347,6.5,307.5,13,79,15.0,0.0,15.0,4.557,0.1454,-0.0657
273,9.1,2,0,0.7399,166,260,194,340,180.0,300.0,28,80,45.0,0.0,45.0,4.5,0.6473,-0.1375
273,9.1,28,0,0.7202,139,277,160,340,149.5,308.5,21,63,30.0,0.0,30.0,5.7143,0.6473,-0.1375
273,9.1,33,0,0.7587,108,274,131,341,119.5,307.5,23,67,15.0,-15.0,21.2132,5.3731,0.6473,-0.1375
273,9.1,45,0,0.8182,51,253,90,356,70.5,304.5,39,103,45.0,0.0,45.0,3.4951,0.6473,-0.1375
273,9.1,50,0,0.3889,0,268,14,347,7.0,307.5,14,79,15.0,0.0,15.0,4.557,0.6473,-0.1375
274,9.1333,2,0,0.7751,167,261,196,340,181.5,300.5,29,79,45.0,15.0,47.4342,4.557,0.3682,-0.0688
274,9.1333,28,0,0.7448,139,277,161,340,150.0,308.5,22,63,15.0,0.0,15.0,5.7143,0.3682,-0.0688
274,9.1333,33,0,0.7551,108,274,133,342,120.5,308.0,25,68,30.0,15.0,33.541,5.2941,0.3682,-0.0688
274,9.1333,45,0,0.8106,51,253,92,356,71.5,304.5,41,103,30.0,0.0,30.0,3.4951,0.3682,-0.0688
274,9.1333,50,0,0.6451,0,267,15,347,7.5,307.0,15,80,15.0,-15.0,21.2132,4.5,0.3682,-0.0688
275,9.1667,2,0,0.8045,168,260,196,340,182.0,300.0,28,80,15.0,-15.0,21.2132,4.5,0.1124,-0.019
275,9.1667,28,0,0.7526,140,277,161,340,150.5,308.5,21,63,15.0,0.0,15.0,5.7143,0.1124,-0.019
275,9.1667,33,0,0.7772,109,273,133,343,121.0,308.0,24,70,15.0,0.0,15.0,5.1429,0.1124,-0.019
275,9.1667,45,0,0.8286,52,252,93,356,72.5,304.0,41,104,30.0,-15.0,33.541,3.4615,0.1124,-0.019
275,9.1667,50,0,0.6603,0,266,16,347,8.0,306.5,16,81,15.0,-15.0,21.2132,4.4444,0.1124,-0.019
276,9.2,2,0,0.8281,169,260,197,340,183.0,300.0,28,80,30.0,0.0,30.0,4.5,0.3661,-0.0911
276,9.2,28,0,0.7523,140,277,162,340,151.0,308.5,22,63,15.0,0.0,15.0,5.7143,0.3661,-0.0911
276,9.2,33,0,0.7608,110,273,134,342,122.0,307.5,24,69,30.0,-15.0,33.541,5.2174,0.3661,-0.0911
276,9.2,45,0,0.8281,53,253,94,356,73.5,304.5,41,103,30.0,15.0,33.541,3.4951,0.3661,-0.0911
276,9.2,50,0,0.5584,0,266,16,348,8.0,307.0,16,82,0.0,15.0,15.0,4.3902,0.3661,-0.0911
277,9.2333,2,0,0.8138,170,261,198,340,184.0,300.5,28,79,30.0,15.0,33.541,4.557,0.346,-0.1138
277,9.2333,28,0,0.7242,141,277,162,340,151.5,308.5,21,63,15.0,0.0,15.0,5.7143,0.346,-0.1138
277,9.2333,33,0,0.7401,111,274,135,342,123.0,308.0,24,68,30.0,15.0,33.541,5.2941,0.346,-0.1138
277,9.2333,45,0,0.8583,53,253,96,356,74.5,304.5,43,103,30.0,0.0,30.0,3.4951,0.346,-0.1138
278,9.2667,2,0,0.8118,172,261,199,340,185.5,300.5,27,79,45.0,0.0,45.0,4.557,0.5363,0.1282
278,9.2667,28,0,0.7336,142,276,163,340,152.5,308.0,21,64,30.0,-15.0,33.541,5.625,0.5363,0.1282
278,9.2667,33,0,0.7676,112,274,135,342,123.5,308.0,23,68,15.0,0.0,15.0,5.2941,0.5363,0.1282
278,9.2667,45,0,0.8583,54,253,98,356,76.0,304.5,44,103,45.0,0.0,45.0,3.4951,0.5363,0.1282
279,9.3,2,0,0.7965,173,262,199,340,186.0,301.0,26,78,15.0,15.0,21.2132,4.6154,0.345,-0.0203
279,9.3,28,0,0.7579,142,275,164,340,153.0,307.5,22,65,15.0,-15.0,21.2132,5.5385,0.345,-0.0203
279,9.3,33,0,0.7674,112,274,135,342,123.5,308.0,23,68,0.0,0.0,0.0,5.2941,0.345,-0.0203
279,9.3,45,0,0.8791,55,252,101,357,78.0,304.5,46,105,60.0,0.0,60.0,3.4286,0.345,-0.0203
280,9.3333,2,0,0.7885,172,261,199,341,185.5,301.0,27,80,-15.0,0.0,15.0,4.5,0.5764,0.3017
280,9.3333,28,0,0.791,143,275,165,341,154.0,308.0,22,66,30.0,15.0,33.541,5.4545,0.5764,0.3017
280,9.3333,33,0,0.7827,113,274,136,343,124.5,308.5,23,69,30.0,15.0,33.541,5.2174,0.5764,0.3017
280,9.3333,45,0,0.8702,56,252,103,357,79.5,304.5,47,105,45.0,0.0,45.0,3.4286,0.5764,0.3017
280,9.3333,50,0,0.6225,0,268,22,349,11.0,308.5,22,81,22.5,11.25,25.1558,4.4444,0.5764,0.3017
281,9.3667,2,0,0.7924,173,261,200,342,186.5,301.5,27,81,30.0,15.0,33.541,4.4444,0.2405,-0.0474
281,9.3667,28,0,0.8174,143,274,166,342,154.5,308.0,23,68,15.0,0.0,15.0,5.2941,0.2405,-0.0474
281,9.3667,33,0,0.7869,113,274,137,343,125.0,308.5,24,69,15.0,0.0,15.0,5.2174,0.2405,-0.0474
281,9.3667,45,0,0.8619,58,253,104,357,81.0,305.0,46,104,45.0,15.0,47.4342,3.4615,0.2405,-0.0474
281,9.3667,50,0,0.3896,0,268,24,350,12.0,309.0,24,82,30.0,15.0,33.541,4.3902,0.2405,-0.0474
282,9.4,2,0,0.7823,174,260,201,342,187.5,301.0,27,82,30.0,-15.0,33.541,4.3902,0.3547,0.2502
282,9.4,28,0,0.799,144,275,167,342,155.5,308.5,23,67,30.0,15.0,33.541,5.3731,0.3547,0.2502
282,9.4,33,0,0.7922,114,275,138,344,126.0,309.5,24,69,30.0,30.0,42.4264,5.2174,0.3547,0.2502
282,9.4,45,0,0.8599,60,253,106,357,83.0,305.0,46,104,60.0,0.0,60.0,3.4615,0.3547,0.2502
283,9.4333,2,0,0.7803,174,260,201,343,187.5,301.5,27,83,0.0,15.0,15.0,4.3373,0.5149,0.0714
283,9.4333,28,0,0.8003,145,275,167,343,156.0,309.0,22,68,15.0,15.0,21.2132,5.2941,0.5149,0.0714
283,9.4333,33,0,0.7897,114,275,138,344,126.0,309.5,24,69,0.0,0.0,0.0,5.2174,0.5149,0.0714
283,9.4333,45,0,0.8558,62,254,108,358,85.0,306.0,46,104,60.0,30.0,67.082,3.4615,0.5149,0.0714
284,9.4667,2,0,0.7742,175,261,202,343,188.5,302.0,27,82,30.0,15.0,33.541,4.3902,0.5244,0.103
284,9.4667,28,0,0.7665,145,276,168,343,156.5,309.5,23,67,15.0,15.0,21.2132,5.3731,0.5244,0.103
284,9.4667,33,0,0.7764,114,275,139,344,126.5,309.5,25,69,15.0,0.0,15.0,5.2174,0.5244,0.103
284,9.4667,45,0,0.8472,64,254,109,358,86.5,306.0,45,104,45.0,0.0,45.0,3.4615,0.5244,0.103
284,9.4667,52,0,0.3305,52,287,72,344,62.0,315.5,20,57,0.0,0.0,0.0,6.3158,0.5244,0.103
284,9.4667,50,0,0.3692,0,269,27,351,13.5,310.0,27,82,15.0,10.0,18.0278,4.3902,0.5244,0.103
285,9.5,2,0,0.7638,176,261,204,344,190.0,302.5,28,83,45.0,15.0,47.4342,4.3373,-0.0387,0.0519
285,9.5,28,0,0.7651,146,276,169,344,157.5,310.0,23,68,30.0,15.0,33.541,5.2941,-0.0387,0.0519
285,9.5,33,0,0.7906,115,275,139,344,127.0,309.5,24,69,15.0,0.0,15.0,5.2174,-0.0387,0.0519
285,9.5,45,0,0.8632,66,254,110,358,88.0,306.0,44,104,45.0,0.0,45.0,3.4615,-0.0387,0.0519
285,9.5,52,0,0.3912,53,287,73,345,63.0,316.0,20,58,30.0,15.0,33.541,6.2069,-0.0387,0.0519
286,9.5333,2,0,0.773,177,260,205,344,191.0,302.0,28,84,30.0,-15.0,33.541,4.2857,0.4629,0.0304
286,9.5333,28,0,0.7281,146,276,169,343,157.5,309.5,23,67,0.0,-15.0,15.0,5.3731,0.4629,0.0304
286,9.5333,33,0,0.7794,115,275,140,344,127.5,309.5,25,69,15.0,0.0,15.0,5.2174,0.4629,0.0304
286,9.5333,45,0,0.8501,68,254,111,359,89.5,306.5,43,105,45.0,15.0,47.4342,3.4286,0.4629,0.0304
286,9.5333,52,0,0.488,54,287,73,345,63.5,316.0,19,58,15.0,0.0,15.0,6.2069,0.4629,0.0304
286,9.5333,50,0,0.3113,0,269,28,351,14.0,310.0,28,82,7.5,0.0,7.5,4.3902,0.4629,0.0304
287,9.5667,2,0,0.7683,177,260,206,344,191.5,302.0,29,84,15.0,0.0,15.0,4.2857,0.5147,0.1503
287,9.5667,28,0,0.7145,147,278,170,343,158.5,310.5,23,65,30.0,30.0,42.4264,5.5385,0.5147,0.1503
287,9.5667,33,0,0.7626,116,274,141,344,128.5,309.0,25,70,30.0,-15.0,33.541,5.1429,0.5147,0.1503
287,9.5667,45,0,0.837,70,254,111,359,90.5,306.5,41,105,30.0,0.0,30.0,3.4286,0.5147,0.1503
287,9.5667,52,0,0.6106,55,286,74,346,64.5,316.0,19,60,30.0,0.0,30.0,6.0,0.5147,0.1503
288,9.6,2,0,0.7529,178,260,207,344,192.5,302.0,29,84,30.0,0.0,30.0,4.2857,0.5067,0.1731
288,9.6,28,0,0.7317,148,278,170,343,159.0,310.5,22,65,15.0,0.0,15.0,5.5385,0.5067,0.1731
288,9.6,33,0,0.7295,116,274,142,344,129.0,309.0,26,70,15.0,0.0,15.0,5.1429,0.5067,0.1731
288,9.6,45,0,0.8088,71,255,112,359,91.5,307.0,41,104,30.0,15.0,33.541,3.4615,0.5067,0.1731
288,9.6,52,0,0.627,55,286,74,346,64.5,316.0,19,60,0.0,0.0,0.0,6.0,0.5067,0.1731
288,9.6,50,0,0.369,0,270,27,351,13.5,310.5,27,81,-7.5,7.5,10.6066,4.4444,0.5067,0.1731
289,9.6333,2,0,0.7904,178,259,208,343,193.0,301.0,30,84,15.0,-30.0,33.541,4.2857,0.5528,-0.3017
289,9.6333,28,0,0.7516,149,277,171,342,160.0,309.5,22,65,30.0,-30.0,42.4264,5.5385,0.5528,-0.3017
289,9.6333,33,0,0.7428,117,274,142,343,129.5,308.5,25,69,15.0,-15.0,21.2132,5.2174,0.5528,-0.3017
289,9.6333,45,0,0.8271,72,254,113,358,92.5,306.0,41,104,30.0,-30.0,42.4264,3.4615,0.5528,-0.3017
289,9.6333,52,0,0.6736,56,285,74,345,65.0,315.0,18,60,15.0,-30.0,33.541,6.0,0.5528,-0.3017
289,9.6333,50,0,0.5696,0,269,28,350,14.0,309.5,28,81,15.0,-30.0,33.541,4.4444,0.5528,-0.3017
290,9.6667,2,0,0.7868,178,258,209,343,193.5,300.5,31,85,15.0,-15.0,21.2132,4.2353,0.4061,-0.5168
290,9.6667,28,0,0.742,149,277,172,342,160.5,309.5,23,65,15.0,0.0,15.0,5.5385,0.4061,-0.5168
290,9.6667,33,0,0.8,118,273,143,343,130.5,308.0,25,70,30.0,-15.0,33.541,5.1429,0.4061,-0.5168
290,9.6667,45,0,0.8071,73,254,114,358,93.5,306.0,41,104,30.0,0.0,30.0,3.4615,0.4061,-0.5168
290,9.6667,52,0,0.6317,57,285,75,344,66.0,314.5,18,59,30.0,-15.0,33.541,6.1017,0.4061,-0.5168
290,9.6667,50,0,0.5893,0,268,29,350,14.5,309.0,29,82,15.0,-15.0,21.2132,4.3902,0.4061,-0.5168
290,9.6667,53,0,0.3964,0,284,25,349,12.5,316.5,25,65,0.0,0.0,0.0,5.5385,0.4061,-0.5168
291,9.7,2,0,0.7888,179,258,210,342,194.5,300.0,31,84,30.0,-15.0,33.541,4.2857,0.3112,-0.3454
291,9.7,28,0,0.7388,150,276,173,342,161.5,309.0,23,66,30.0,-15.0,33.541,5.4545,0.3112,-0.3454
291,9.7,33,0,0.8205,119,273,144,343,131.5,308.0,25,70,30.0,0.0,30.0,5.1429,0.3112,-0.3454
291,9.7,45,0,0.792,75,254,115,358,95.0,306.0,40,104,45.0,0.0,45.0,3.4615,0.3112,-0.3454
291,9.7,52,0,0.6699,58,284,76,344,67.0,314.0,18,60,30.0,-15.0,33.541,6.0,0.3112,-0.3454
291,9.7,50,0,0.615,0,267,30,350,15.0,308.5,30,83,15.0,-15.0,21.2132,4.3373,0.3112,-0.3454
292,9.7333,2,0,0.712,180,258,211,342,195.5,300.0,31,84,30.0,0.0,30.0,4.2857,0.4689,0.0014
292,9.7333,28,0,0.7599,151,276,173,341,162.0,308.5,22,65,15.0,-15.0,21.2132,5.5385,0.4689,0.0014
292,9.7333,33,0,0.7911,120,273,144,343,132.0,308.0,24,70,15.0,0.0,15.0,5.1429,0.4689,0.0014
292,9.7333,45,0,0.7994,75,254,116,358,95.5,306.0,41,104,15.0,0.0,15.0,3.4615,0.4689,0.0014
292,9.7333,52,0,0.6501,58,285,76,344,67.0,314.5,18,59,0.0,15.0,15.0,6.1017,0.4689,0.0014
292,9.7333,50,0,0.705,0,267,32,350,16.0,308.5,32,83,30.0,0.0,30.0,4.3373,0.4689,0.0014
293,9.7667,2,0,0.7651,180,258,212,342,196.0,300.0,32,84,15.0,0.0,15.0,4.2857,0.448,0.012
293,9.7667,28,0,0.7616,152,276,174,342,163.0,309.0,22,66,30.0,15.0,33.541,5.4545,0.448,0.012
293,9.7667,33,0,0.7729,121,273,145,343,133.0,308.0,24,70,30.0,0.0,30.0,5.1429,0.448,0.012
293,9.7667,45,0,0.8103,76,254,116,358,96.0,306.0,40,104,15.0,0.0,15.0,3.4615,0.448,0.012
293,9.7667,52,0,0.6745,58,285,77,344,67.5,314.5,19,59,15.0,0.0,15.0,6.1017,0.448,0.012
293,9.7667,50,0,0.4452,0,267,32,351,16.0,309.0,32,84,0.0,15.0,15.0,4.2857,0.448,0.012
294,9.8,2,0,0.7464,179,258,213,342,196.0,300.0,34,84,0.0,0.0,0.0,4.2857,0.3324,0.06
294,9.8,28,0,0.7543,152,275,175,342,163.5,308.5,23,67,15.0,-15.0,21.2132,5.3731,0.3324,0.06
294,9.8,33,0,0.7653,121,273,145,343,133.0,308.0,24,70,0.0,0.0,0.0,5.1429,0.3324,0.06
294,9.8,45,0,0.8325,76,253,116,358,96.0,305.5,40,105,0.0,-15.0,15.0,3.4286,0.3324,0.06
294,9.8,52,0,0.6528,59,284,77,344,68.0,314.0,18,60,15.0,-15.0,21.2132,6.0,0.3324,0.06
294,9.8,50,0,0.5951,0,267,32,352,16.0,309.5,32,85,0.0,15.0,15.0,4.2353,0.3324,0.06
295,9.8333,2,0,0.7248,183,259,214,343,198.5,301.0,31,84,75.0,30.0,80.7775,4.2857,0.3656,-0.0819
295,9.8333,28,0,0.7631,153,275,175,342,164.0,308.5,22,67,15.0,0.0,15.0,5.3731,0.3656,-0.0819
295,9.8333,33,0,0.7796,122,274,146,343,134.0,308.5,24,69,30.0,15.0,33.541,5.2174,0.3656,-0.0819
295,9.8333,45,0,0.8272,76,253,116,358,96.0,305.5,40,105,0.0,0.0,0.0,3.4286,0.3656,-0.0819
295,9.8333,52,0,0.592,59,284,77,345,68.0,314.5,18,61,0.0,15.0,15.0,5.9016,0.3656,-0.0819
295,9.8333,50,0,0.3995,0,267,32,352,16.0,309.5,32,85,0.0,0.0,0.0,4.2353,0.3656,-0.0819
296,9.8667,2,0,0.7251,181,258,215,343,198.0,300.5,34,85,-15.0,-15.0,21.2132,4.2353,0.3751,0.0427
296,9.8667,28,0,0.7622,153,275,176,343,164.5,309.0,23,68,15.0,15.0,21.2132,5.2941,0.3751,0.0427
296,9.8667,33,0,0.7842,122,274,147,344,134.5,309.0,25,70,15.0,15.0,21.2132,5.1429,0.3751,0.0427
296,9.8667,45,0,0.8158,75,253,116,358,95.5,305.5,41,105,-15.0,0.0,15.0,3.4286,0.3751,0.0427
296,9.8667,52,0,0.5616,59,284,78,345,68.5,314.5,19,61,15.0,0.0,15.0,5.9016,0.3751,0.0427
296,9.8667,50,0,0.4514,0,267,32,352,16.0,309.5,32,85,0.0,0.0,0.0,4.2353,0.3751,0.0427
297,9.9,2,0,0.7336,181,258,215,344,198.0,301.0,34,86,0.0,15.0,15.0,4.186,0.3694,-0.0341
297,9.9,28,0,0.777,154,276,177,343,165.5,309.5,23,67,30.0,15.0,33.541,5.3731,0.3694,-0.0341
297,9.9,33,0,0.7853,123,273,148,344,135.5,308.5,25,71,30.0,-15.0,33.541,5.0704,0.3694,-0.0341
297,9.9,45,0,0.8049,76,253,117,358,96.5,305.5,41,105,30.0,0.0,30.0,3.4286,0.3694,-0.0341
297,9.9,52,0,0.6017,60,282,79,345,69.5,313.5,19,63,30.0,-30.0,42.4264,5.7143,0.3694,-0.0341
297,9.9,50,0,0.5756,0,266,33,353,16.5,309.5,33,87,15.0,0.0,15.0,4.1379,0.3694,-0.0341
298,9.9333,2,0,0.7822,181,258,216,345,198.5,301.5,35,87,15.0,15.0,21.2132,4.1379,0.3604,0.2097
298,9.9333,28,0,0.7896,154,276,177,344,165.5,310.0,23,68,0.0,15.0,15.0,5.2941,0.3604,0.2097
298,9.9333,33,0,0.7589,123,274,148,345,135.5,309.5,25,71,0.0,30.0,30.0,5.0704,0.3604,0.2097
298,9.9333,45,0,0.8175,75,252,118,358,96.5,305.0,43,106,0.0,-15.0,15.0,3.3962,0.3604,0.2097
298,9.9333,52,0,0.5958,60,281,80,346,70.0,313.5,20,65,15.0,0.0,15.0,5.5385,0.3604,0.2097
298,9.9333,50,0,0.4429,0,266,34,353,17.0,309.5,34,87,15.0,0.0,15.0,4.1379,0.3604,0.2097
299,9.9667,2,0,0.7784,181,258,217,345,199.0,301.5,36,87,15.0,0.0,15.0,4.1379,0.1775,0.1563
299,9.9667,28,0,0.8019,155,276,178,344,166.5,310.0,23,68,30.0,0.0,30.0,5.2941,0.1775,0.1563
299,9.9667,33,0,0.746,123,274,149,345,136.0,309.5,26,71,15.0,0.0,15.0,5.0704,0.1775,0.1563
299,9.9667,45,0,0.8143,76,252,119,358,97.5,305.0,43,106,30.0,0.0,30.0,3.3962,0.1775,0.1563
299,9.9667,52,0,0.5711,60,279,80,346,70.0,312.5,20,67,0.0,-30.0,30.0,5.3731,0.1775,0.1563
299,9.9667,50,0,0.4621,0,265,35,354,17.5,309.5,35,89,15.0,0.0,15.0,4.0449,0.1775,0.1563
299,9.9667,55,0,0.5212,0,260,11,354,5.5,307.0,11,94,0.0,0.0,0.0,3.8298,0.1775,0.1563
300,10.0,2,0,0.7821,183,258,217,346,200.0,302.0,34,88,30.0,15.0,33.541,4.0909,0.1466,-0.0258
300,10.0,28,0,0.8057,155,276,179,345,167.0,310.5,24,69,15.0,15.0,21.2132,5.2174,0.1466,-0.0258
300,10.0,33,0,0.7659,123,274,150,346,136.5,310.0,27,72,15.0,15.0,21.2132,5.0,0.1466,-0.0258
300,10.0,45,0,0.8156,77,252,119,358,98.0,305.0,42,106,15.0,0.0,15.0,3.3962,0.1466,-0.0258
300,10.0,52,0,0.6294,61,279,81,347,71.0,313.0,20,68,30.0,15.0,33.541,5.2941,0.1466,-0.0258
300,10.0,50,0,0.3518,0,267,36,355,18.0,311.0,36,88,15.0,45.0,47.4342,4.0909,0.1466,-0.0258
300,10.0,55,0,0.4972,0,260,10,355,5.0,307.5,10,95,-15.0,15.0,21.2132,3.7895,0.1466,-0.0258
301,10.0333,2,0,0.7868,184,258,218,346,201.0,302.0,34,88,30.0,0.0,30.0,4.0909,0.2845,0.0331
301,10.0333,28,0,0.8027,156,276,180,345,168.0,310.5,24,69,30.0,0.0,30.0,5.2174,0.2845,0.0331
301,10.0333,33,0,0.7836,123,275,151,346,137.0,310.5,28,71,15.0,15.0,21.2132,5.0704,0.2845,0.0331
301,10.0333,45,0,0.8221,79,252,120,357,99.5,304.5,41,105,45.0,-15.0,47.4342,3.4286,0.2845,0.0331
301,10.0333,52,0,0.6991,61,280,82,347,71.5,313.5,21,67,15.0,15.0,21.2132,5.3731,0.2845,0.0331
301,10.0333,50,0,0.4332,0,267,38,356,19.0,311.5,38,89,30.0,15.0,33.541,4.0449,0.2845,0.0331
301,10.0333,55,0,0.4815,0,263,12,354,6.0,308.5,12,91,30.0,30.0,42.4264,3.956,0.2845,0.0331
302,10.0667,2,0,0.7785,186,259,218,346,202.0,302.5,32,87,30.0,15.0,33.541,4.1379,0.2397,-0.12
302,10.0667,28,0,0.8217,157,276,181,345,169.0,310.5,24,69,30.0,0.0,30.0,5.2174,0.2397,-0.12
302,10.0667,33,0,0.8075,123,274,151,346,137.0,310.0,28,72,0.0,-15.0,15.0,5.0,0.2397,-0.12
302,10.0667,45,0,0.8131,80,252,120,357,100.0,304.5,40,105,15.0,0.0,15.0,3.4286,0.2397,-0.12
302,10.0667,52,0,0.6988,62,281,82,347,72.0,314.0,20,66,15.0,15.0,21.2132,5.4545,0.2397,-0.12
302,10.0667,50,0,0.5471,0,264,39,356,19.5,310.0,39,92,15.0,-45.0,47.4342,3.913,0.2397,-0.12
302,10.0667,55,0,0.5349,0,264,14,354,7.0,309.0,14,90,30.0,15.0,33.541,4.0,0.2397,-0.12
303,10.1,2,0,0.76,187,261,219,346,203.0,303.5,32,85,30.0,30.0,42.4264,4.2353,0.326,0.0445
303,10.1,28,0,0.8362,157,276,182,345,169.5,310.5,25,69,15.0,0.0,15.0,5.2174,0.326,0.0445
303,10.1,33,0,0.8261,124,274,152,346,138.0,310.0,28,72,30.0,0.0,30.0,5.0,0.326,0.0445
303,10.1,45,0,0.8104,80,252,120,357,100.0,304.5,40,105,0.0,0.0,0.0,3.4286,0.326,0.0445
303,10.1,52,0,0.7086,63,281,82,348,72.5,314.5,19,67,15.0,15.0,21.2132,5.3731,0.326,0.0445
303,10.1,50,0,0.659,0,264,40,355,20.0,309.5,40,91,15.0,-15.0,21.2132,3.956,0.326,0.0445
303,10.1,55,0,0.4908,0,265,15,353,7.5,309.0,15,88,15.0,0.0,15.0,4.0909,0.326,0.0445
304,10.1333,2,0,0.7703,188,261,221,346,204.5,303.5,33,85,45.0,0.0,45.0,4.2353,0.3953,0.0225
304,10.1333,28,0,0.8469,158,275,182,345,170.0,310.0,24,70,15.0,-15.0,21.2132,5.1429,0.3953,0.0225
304,10.1333,33,0,0.8397,123,274,153,346,138.0,310.0,30,72,0.0,0.0,0.0,5.0,0.3953,0.0225
304,10.1333,45,0,0.8055,81,251,121,356,101.0,303.5,40,105,30.0,-30.0,42.4264,3.4286,0.3953,0.0225
304,10.1333,52,0,0.7006,64,282,82,348,73.0,315.0,18,66,15.0,15.0,21.2132,5.4545,0.3953,0.0225
304,10.1333,50,0,0.6575,0,263,41,356,20.5,309.5,41,93,15.0,0.0,15.0,3.871,0.3953,0.0225
304,10.1333,55,0,0.4043,0,266,16,354,8.0,310.0,16,88,15.0,30.0,33.541,4.0909,0.3953,0.0225
305,10.1667,2,0,0.7449,188,260,222,346,205.0,303.0,34,86,15.0,-15.0,21.2132,4.186,0.5522,-0.1858
305,10.1667,28,0,0.8414,159,275,183,345,171.0,310.0,24,70,30.0,0.0,30.0,5.1429,0.5522,-0.1858
305,10.1667,33,0,0.8411,125,274,154,346,139.5,310.0,29,72,45.0,0.0,45.0,5.0,0.5522,-0.1858
305,10.1667,45,0,0.8018,82,251,122,357,102.0,304.0,40,106,30.0,15.0,33.541,3.3962,0.5522,-0.1858
305,10.1667,52,0,0.7057,64,282,82,348,73.0,315.0,18,66,0.0,0.0,0.0,5.4545,0.5522,-0.1858
305,10.1667,50,0,0.6367,0,263,42,356,21.0,309.5,42,93,15.0,0.0,15.0,3.871,0.5522,-0.1858
306,10.2,2,0,0.7805,189,257,223,346,206.0,301.5,34,89,30.0,-45.0,54.0833,4.0449,0.4001,-0.0504
306,10.2,28,0,0.8197,159,276,184,345,171.5,310.5,25,69,15.0,15.0,21.2132,5.2174,0.4001,-0.0504
306,10.2,33,0,0.8425,126,273,154,346,140.0,309.5,28,73,15.0,-15.0,21.2132,4.9315,0.4001,-0.0504
306,10.2,45,0,0.8062,82,252,122,357,102.0,304.5,40,105,0.0,15.0,15.0,3.4286,0.4001,-0.0504
306,10.2,52,0,0.6822,65,283,83,347,74.0,315.0,18,64,30.0,0.0,30.0,5.625,0.4001,-0.0504
306,10.2,50,0,0.7063,0,262,42,356,21.0,309.0,42,94,0.0,-15.0,15.0,3.8298,0.4001,-0.0504
307,10.2333,2,0,0.8103,190,253,224,346,207.0,299.5,34,93,30.0,-60.0,67.082,3.871,0.4611,-0.0158
307,10.2333,28,0,0.7985,160,278,184,345,172.0,311.5,24,67,15.0,30.0,33.541,5.3731,0.4611,-0.0158
307,10.2333,33,0,0.8112,127,273,155,346,141.0,309.5,28,73,30.0,0.0,30.0,4.9315,0.4611,-0.0158
307,10.2333,45,0,0.8406,83,252,123,356,103.0,304.0,40,104,30.0,-15.0,33.541,3.4615,0.4611,-0.0158
307,10.2333,52,0,0.6576,64,285,83,347,73.5,316.0,19,62,-15.0,30.0,33.541,5.8065,0.4611,-0.0158
307,10.2333,50,0,0.7658,0,262,42,356,21.0,309.0,42,94,0.0,0.0,0.0,3.8298,0.4611,-0.0158
308,10.2667,2,0,0.8283,191,249,226,346,208.5,297.5,35,97,45.0,-60.0,75.0,3.7113,0.6692,-0.2352
308,10.2667,28,0,0.7483,160,278,185,345,172.5,311.5,25,67,15.0,0.0,15.0,5.3731,0.6692,-0.2352
308,10.2667,33,0,0.7839,128,272,156,346,142.0,309.0,28,74,30.0,-15.0,33.541,4.8649,0.6692,-0.2352
308,10.2667,45,0,0.8383,83,252,124,356,103.5,304.0,41,104,15.0,0.0,15.0,3.4615,0.6692,-0.2352
308,10.2667,52,0,0.6408,65,286,83,347,74.0,316.5,18,61,15.0,15.0,21.2132,5.9016,0.6692,-0.2352
308,10.2667,50,0,0.677,1,261,43,355,22.0,308.0,42,94,30.0,-30.0,42.4264,3.8298,0.6692,-0.2352
308,10.2667,55,0,0.4236,0,271,16,353,8.0,312.0,16,82,0.0,15.0,15.0,4.3902,0.6692,-0.2352
309,10.3,2,0,0.792,193,251,227,346,210.0,298.5,34,95,45.0,30.0,54.0833,3.7895,0.7192,-0.0403
309,10.3,28,0,0.7752,161,279,185,345,173.0,312.0,24,66,15.0,15.0,21.2132,5.4545,0.7192,-0.0403
309,10.3,33,0,0.7753,129,273,156,346,142.5,309.5,27,73,15.0,15.0,21.2132,4.9315,0.7192,-0.0403
309,10.3,45,0,0.8404,84,252,125,355,104.5,303.5,41,103,30.0,-15.0,33.541,3.4951,0.7192,-0.0403
309,10.3,52,0,0.6156,65,287,84,347,74.5,317.0,19,60,15.0,15.0,21.2132,6.0,0.7192,-0.0403
309,10.3,50,0,0.618,1,262,44,355,22.5,308.5,43,93,15.0,15.0,21.2132,3.871,0.7192,-0.0403
309,10.3,55,0,0.4682,0,270,17,353,8.5,311.5,17,83,15.0,-15.0,21.2132,4.3373,0.7192,-0.0403
310,10.3333,2,0,0.7792,194,255,227,346,210.5,300.5,33,91,15.0,60.0,61.8466,3.956,0.9565,0.5454
310,10.3333,28,0,0.7584,163,278,186,345,174.5,311.5,23,67,45.0,-15.0,47.4342,5.3731,0.9565,0.5454
310,10.3333,33,0,0.7618,130,273,158,346,144.0,309.5,28,73,45.0,0.0,45.0,4.9315,0.9565,0.5454
310,10.3333,45,0,0.8233,87,253,126,355,106.5,304.0,39,102,60.0,15.0,61.8466,3.5294,0.9565,0.5454
310,10.3333,52,0,0.6105,66,287,84,347,75.0,317.0,18,60,15.0,0.0,15.0,6.0,0.9565,0.5454
310,10.3333,55,0,0.6072,0,271,18,352,9.0,311.5,18,81,15.0,0.0,15.0,4.4444,0.9565,0.5454
311,10.3667,2,0,0.8059,194,256,228,346,211.0,301.0,34,90,15.0,15.0,21.2132,4.0,0.6527,0.2745
311,10.3667,28,0,0.7734,164,278,187,345,175.5,311.5,23,67,30.0,0.0,30.0,5.3731,0.6527,0.2745
311,10.3667,33,0,0.7687,131,273,160,346,145.5,309.5,29,73,45.0,0.0,45.0,4.9315,0.6527,0.2745
311,10.3667,45,0,0.8173,88,254,127,355,107.5,304.5,39,101,30.0,15.0,33.541,3.5644,0.6527,0.2745
311,10.3667,52,0,0.6423,67,284,85,347,76.0,315.5,18,63,30.0,-45.0,54.0833,5.7143,0.6527,0.2745
311,10.3667,55,0,0.5435,0,271,19,352,9.5,311.5,19,81,15.0,0.0,15.0,4.4444,0.6527,0.2745
312,10.4,2,0,0.8089,195,257,230,347,212.5,302.0,35,90,45.0,30.0,54.0833,4.0,0.5645,0.2643
312,10.4,28,0,0.7566,165,277,188,345,176.5,311.0,23,68,30.0,-15.0,33.541,5.2941,0.5645,0.2643
312,10.4,33,0,0.7685,132,273,161,346,146.5,309.5,29,73,30.0,0.0,30.0,4.9315,0.5645,0.2643
312,10.4,45,0,0.7446,90,255,127,356,108.5,305.5,37,101,30.0,30.0,42.4264,3.5644,0.5645,0.2643
312,10.4,52,0,0.6331,68,283,88,348,78.0,315.5,20,65,60.0,0.0,60.0,5.5385,0.5645,0.2643
312,10.4,55,0,0.5228,0,272,19,352,9.5,312.0,19,80,0.0,15.0,15.0,4.5,0.5645,0.2643
312,10.4,50,0,0.4597,4,263,49,355,26.5,309.0,45,92,40.0,5.0,40.3113,3.913,0.5645,0.2643
313,10.4333,2,0,0.7379,196,258,231,347,213.5,302.5,35,89,30.0,15.0,33.541,4.0449,0.4725,0.079
313,10.4333,28,0,0.7415,165,277,189,346,177.0,311.5,24,69,15.0,15.0,21.2132,5.2174,0.4725,0.079
313,10.4333,33,0,0.7695,133,274,161,346,147.0,310.0,28,72,15.0,15.0,21.2132,5.0,0.4725,0.079
313,10.4333,45,0,0.7803,93,256,128,357,110.5,306.5,35,101,60.0,30.0,67.082,3.5644,0.4725,0.079
313,10.4333,52,0,0.5972,68,283,89,348,78.5,315.5,21,65,15.0,0.0,15.0,5.5385,0.4725,0.079
313,10.4333,55,0,0.4122,0,272,20,353,10.0,312.5,20,81,15.0,15.0,21.2132,4.4444,0.4725,0.079
313,10.4333,50,0,0.5732,22,267,51,353,36.5,310.0,29,86,300.0,30.0,301.4963,4.186,0.4725,0.079
314,10.4667,2,0,0.7558,196,258,231,348,213.5,303.0,35,90,0.0,15.0,15.0,4.0,0.1075,0.1959
314,10.4667,28,0,0.7511,166,277,190,346,178.0,311.5,24,69,30.0,0.0,30.0,5.2174,0.1075,0.1959
314,10.4667,33,0,0.7766,134,274,161,347,147.5,310.5,27,73,15.0,15.0,21.2132,4.9315,0.1075,0.1959
314,10.4667,45,0,0.7782,94,256,130,359,112.0,307.5,36,103,45.0,30.0,54.0833,3.4951,0.1075,0.1959
314,10.4667,52,0,0.6261,68,283,90,349,79.0,316.0,22,66,15.0,15.0,21.2132,5.4545,0.1075,0.1959
314,10.4667,55,0,0.4841,0,273,20,354,10.0,313.5,20,81,0.0,30.0,30.0,4.4444,0.1075,0.1959
314,10.4667,50,0,0.5714,20,265,52,354,36.0,309.5,32,89,-15.0,-15.0,21.2132,4.0449,0.1075,0.1959
315,10.5,2,0,0.8036,196,258,232,348,214.0,303.0,36,90,15.0,0.0,15.0,4.0,0.1628,-0.0389
315,10.5,28,0,0.7762,167,278,190,346,178.5,312.0,23,68,15.0,15.0,21.2132,5.2941,0.1628,-0.0389
315,10.5,33,0,0.766,134,273,162,347,148.0,310.0,28,74,15.0,-15.0,21.2132,4.8649,0.1628,-0.0389
315,10.5,45,0,0.7571,95,256,133,359,114.0,307.5,38,103,60.0,0.0,60.0,3.4951,0.1628,-0.0389
315,10.5,52,0,0.6275,69,283,90,349,79.5,316.0,21,66,15.0,0.0,15.0,5.4545,0.1628,-0.0389
315,10.5,50,0,0.4796,20,265,52,354,36.0,309.5,32,89,0.0,0.0,0.0,4.0449,0.1628,-0.0389
316,10.5333,2,0,0.8369,197,257,232,349,214.5,303.0,35,92,15.0,0.0,15.0,3.913,0.3476,-0.1046
316,10.5333,28,0,0.7586,167,278,191,347,179.0,312.5,24,69,15.0,15.0,21.2132,5.2174,0.3476,-0.1046
316,10.5333,33,0,0.7809,135,274,162,348,148.5,311.0,27,74,15.0,30.0,33.541,4.8649,0.3476,-0.1046
316,10.5333,45,0,0.7582,96,256,133,360,114.5,308.0,37,104,15.0,15.0,21.2132,3.4615,0.3476,-0.1046
316,10.5333,52,0,0.6393,69,284,90,349,79.5,316.5,21,65,0.0,15.0,15.0,5.5385,0.3476,-0.1046
316,10.5333,50,0,0.5035,21,264,53,355,37.0,309.5,32,91,30.0,0.0,30.0,3.956,0.3476,-0.1046
317,10.5667,2,0,0.8121,197,257,233,349,215.0,303.0,36,92,15.0,0.0,15.0,3.913,0.1386,-0.5081
317,10.5667,28,0,0.7747,168,278,191,347,179.5,312.5,23,69,15.0,0.0,15.0,5.2174,0.1386,-0.5081
317,10.5667,33,0,0.788,135,273,162,348,148.5,310.5,27,75,0.0,-15.0,15.0,4.8,0.1386,-0.5081
317,10.5667,45,0,0.7412,96,256,134,359,115.0,307.5,38,103,15.0,-15.0,21.2132,3.4951,0.1386,-0.5081
317,10.5667,52,0,0.6879,70,284,90,349,80.0,316.5,20,65,15.0,0.0,15.0,5.5385,0.1386,-0.5081
317,10.5667,50,0,0.5837,27,268,54,353,40.5,310.5,27,85,105.0,30.0,109.2016,4.2353,0.1386,-0.5081
318,10.6,2,0,0.8114,198,257,233,348,215.5,302.5,35,91,15.0,-15.0,21.2132,3.956,0.4323,-0.5733
318,10.6,28,0,0.774,169,278,192,347,180.5,312.5,23,69,30.0,0.0,30.0,5.2174,0.4323,-0.5733
318,10.6,33,0,0.7831,135,273,162,348,148.5,310.5,27,75,0.0,0.0,0.0,4.8,0.4323,-0.5733
318,10.6,45,0,0.817,96,254,135,359,115.5,306.5,39,105,15.0,-30.0,33.541,3.4286,0.4323,-0.5733
318,10.6,52,0,0.6724,70,282,91,349,80.5,315.5,21,67,15.0,-30.0,33.541,5.3731,0.4323,-0.5733
318,10.6,50,0,0.5267,31,269,56,353,43.5,311.0,25,84,90.0,15.0,91.2414,4.2857,0.4323,-0.5733
319,10.6333,2,0,0.7664,200,257,234,348,217.0,302.5,34,91,45.0,0.0,45.0,3.956,0.3671,-0.3327
319,10.6333,28,0,0.7673,169,278,193,346,181.0,312.0,24,68,15.0,-15.0,21.2132,5.2941,0.3671,-0.3327
319,10.6333,33,0,0.7947,136,273,163,348,149.5,310.5,27,75,30.0,0.0,30.0,4.8,0.3671,-0.3327
319,10.6333,45,0,0.8155,95,253,136,359,115.5,306.0,41,106,0.0,-15.0,15.0,3.3962,0.3671,-0.3327
319,10.6333,52,0,0.6792,71,282,92,349,81.5,315.5,21,67,30.0,0.0,30.0,5.3731,0.3671,-0.3327
319,10.6333,50,0,0.5087,32,267,57,353,44.5,310.0,25,86,30.0,-30.0,42.4264,4.186,0.3671,-0.3327
320,10.6667,2,0,0.7621,202,258,235,348,218.5,303.0,33,90,45.0,15.0,47.4342,4.0,0.3928,-0.234
320,10.6667,28,0,0.7478,170,277,194,346,182.0,311.5,24,69,30.0,-15.0,33.541,5.2174,0.3928,-0.234
320,10.6667,33,0,0.8168,137,272,164,347,150.5,309.5,27,75,30.0,-30.0,42.4264,4.8,0.3928,-0.234
320,10.6667,45,0,0.8396,95,252,137,359,116.0,305.5,42,107,15.0,-15.0,21.2132,3.3645,0.3928,-0.234
320,10.6667,52,0,0.6915,71,282,92,349,81.5,315.5,21,67,0.0,0.0,0.0,5.3731,0.3928,-0.234
320,10.6667,50,0,0.5619,35,264,60,352,47.5,308.0,25,88,90.0,-60.0,108.1665,4.0909,0.3928,-0.234
320,10.6667,53,0,0.3884,3,271,41,358,22.0,314.5,38,87,9.5,-2.0,9.7082,4.1379,0.3928,-0.234
321,10.7,2,0,0.7885,203,257,236,347,219.5,302.0,33,90,30.0,-30.0,42.4264,4.0,3.3172,1.5568
321,10.7,28,0,0.7548,171,277,194,346,182.5,311.5,23,69,15.0,0.0,15.0,5.2174,3.3172,1.5568
321,10.7,33,0,0.8185,138,272,165,347,151.5,309.5,27,75,30.0,0.0,30.0,4.8,3.3172,1.5568
321,10.7,45,0,0.8407,95,252,138,359,116.5,305.5,43,107,15.0,0.0,15.0,3.3645,3.3172,1.5568
321,10.7,52,0,0.692,71,282,92,349,81.5,315.5,21,67,0.0,0.0,0.0,5.3731,3.3172,1.5568
321,10.7,50,0,0.562,36,265,62,351,49.0,308.0,26,86,45.0,0.0,45.0,4.186,3.3172,1.5568
321,10.7,53,0,0.4159,4,271,41,358,22.5,314.5,37,87,15.0,0.0,15.0,4.1379,3.3172,1.5568
322,10.7333,2,0,0.8234,203,257,237,347,220.0,302.0,34,90,15.0,0.0,15.0,4.0,3.7732,1.6308
322,10.7333,28,0,0.8056,171,276,195,346,183.0,311.0,24,70,15.0,-15.0,21.2132,5.1429,3.7732,1.6308
322,10.7333,33,0,0.7959,138,271,166,345,152.0,308.0,28,74,15.0,-45.0,47.4342,4.8649,3.7732,1.6308
322,10.7333,45,0,0.8384,95,250,140,359,117.5,304.5,45,109,30.0,-30.0,42.4264,3.3028,3.7732,1.6308
322,10.7333,52,0,0.684,72,282,92,348,82.0,315.0,20,66,15.0,-15.0,21.2132,5.4545,3.7732,1.6308
322,10.7333,50,0,0.494,36,260,64,350,50.0,305.0,28,90,30.0,-90.0,94.8683,4.0,3.7732,1.6308
322,10.7333,53,0,0.3446,4,269,42,357,23.0,313.0,38,88,15.0,-45.0,47.4342,4.0909,3.7732,1.6308
323,10.7667,2,0,0.8317,203,256,238,347,220.5,301.5,35,91,15.0,-15.0,21.2132,3.956,0.9665,-0.3447
323,10.7667,28,0,0.8104,171,275,196,346,183.5,310.5,25,71,15.0,-15.0,21.2132,5.0704,0.9665,-0.3447
323,10.7667,33,0,0.7789,139,270,167,346,153.0,308.0,28,76,30.0,0.0,30.0,4.7368,0.9665,-0.3447
323,10.7667,45,0,0.8743,95,249,141,359,118.0,304.0,46,110,15.0,-15.0,21.2132,3.2727,0.9665,-0.3447
323,10.7667,52,0,0.6534,72,281,93,348,82.5,314.5,21,67,15.0,-15.0,21.2132,5.3731,0.9665,-0.3447
323,10.7667,50,0,0.4915,37,260,66,350,51.5,305.0,29,90,45.0,0.0,45.0,4.0,0.9665,-0.3447
323,10.7667,53,0,0.4034,5,268,43,357,24.0,312.5,38,89,30.0,-15.0,33.541,4.0449,0.9665,-0.3447
324,10.8,2,0,0.8318,204,255,238,347,221.0,301.0,34,92,15.0,-15.0,21.2132,3.913,2.9118,1.3464
324,10.8,28,0,0.8017,172,275,196,346,184.0,310.5,24,71,15.0,0.0,15.0,5.0704,2.9118,1.3464
324,10.8,33,0,0.8007,139,269,168,347,153.5,308.0,29,78,15.0,0.0,15.0,4.6154,2.9118,1.3464
324,10.8,45,0,0.8755,96,249,142,359,119.0,304.0,46,110,30.0,0.0,30.0,3.2727,2.9118,1.3464
324,10.8,52,0,0.6048,73,280,94,348,83.5,314.0,21,68,30.0,-15.0,33.541,5.2941,2.9118,1.3464
324,10.8,50,0,0.5003,38,263,67,350,52.5,306.5,29,87,30.0,45.0,54.0833,4.1379,2.9118,1.3464
324,10.8,53,0,0.5025,4,266,44,357,24.0,311.5,40,91,0.0,-30.0,30.0,3.956,2.9118,1.3464
325,10.8333,2,0,0.8435,204,254,239,348,221.5,301.0,35,94,15.0,0.0,15.0,3.8298,0.3676,0.353
325,10.8333,28,0,0.8185,173,274,197,346,185.0,310.0,24,72,30.0,-15.0,33.541,5.0,0.3676,0.353
325,10.8333,33,0,0.8177,140,269,168,347,154.0,308.0,28,78,15.0,0.0,15.0,4.6154,0.3676,0.353
325,10.8333,45,0,0.881,97,249,142,359,119.5,304.0,45,110,15.0,0.0,15.0,3.2727,0.3676,0.353
325,10.8333,52,0,0.6298,73,280,95,347,84.0,313.5,22,67,15.0,-15.0,21.2132,5.3731,0.3676,0.353
325,10.8333,50,0,0.3984,38,264,69,351,53.5,307.5,31,87,30.0,30.0,42.4264,4.1379,0.3676,0.353
325,10.8333,53,0,0.4415,4,266,44,357,24.0,311.5,40,91,0.0,0.0,0.0,3.956,0.3676,0.353
326,10.8667,2,0,0.8399,205,253,240,348,222.5,300.5,35,95,30.0,-15.0,33.541,3.7895,1.5092,0.3662
326,10.8667,28,0,0.8273,174,274,197,346,185.5,310.0,23,72,15.0,0.0,15.0,5.0,1.5092,0.3662
326,10.8667,33,0,0.8245,140,269,168,347,154.0,308.0,28,78,0.0,0.0,0.0,4.6154,1.5092,0.3662
326,10.8667,45,0,0.8665,98,249,142,357,120.0,303.0,44,108,15.0,-30.0,33.541,3.3333,1.5092,0.3662
326,10.8667,52,0,0.5049,73,280,95,346,84.0,313.0,22,66,0.0,-15.0,15.0,5.4545,1.5092,0.3662
326,10.8667,50,0,0.4947,49,263,76,351,62.5,307.0,27,88,270.0,-15.0,270.4163,4.0909,1.5092,0.3662
326,10.8667,53,0,0.47,4,266,45,358,24.5,312.0,41,92,15.0,15.0,21.2132,3.913,1.5092,0.3662
327,10.9,2,0,0.8025,206,253,240,348,223.0,300.5,34,95,15.0,0.0,15.0,3.7895,1.3026,0.194
327,10.9,28,0,0.8305,174,274,198,346,186.0,310.0,24,72,15.0,0.0,15.0,5.0,1.3026,0.194
327,10.9,33,0,0.8381,141,269,168,347,154.5,308.0,27,78,15.0,0.0,15.0,4.6154,1.3026,0.194
327,10.9,45,0,0.8729,99,250,142,358,120.5,304.0,43,108,15.0,30.0,33.541,3.3333,1.3026,0.194
327,10.9,52,0,0.5227,73,279,94,347,83.5,313.0,21,68,-15.0,0.0,15.0,5.2941,1.3026,0.194
327,10.9,50,0,0.5484,50,262,80,351,65.0,306.5,30,89,75.0,-15.0,76.4853,4.0449,1.3026,0.194
327,10.9,53,0,0.5041,3,266,45,358,24.0,312.0,42,92,-15.0,0.0,15.0,3.913,1.3026,0.194
328,10.9333,2,0,0.7808,206,251,241,348,223.5,299.5,35,97,15.0,-30.0,33.541,3.7113,2.9546,1.056
328,10.9333,28,0,0.8434,174,274,199,347,186.5,310.5,25,73,15.0,15.0,21.2132,4.9315,2.9546,1.056
328,10.9333,33,0,0.8339,141,269,168,348,154.5,308.5,27,79,0.0,15.0,15.0,4.557,2.9546,1.056
328,10.9333,45,0,0.8575,100,250,142,359,121.0,304.5,42,109,15.0,15.0,21.2132,3.3028,2.9546,1.056
328,10.9333,52,0,0.5346,73,279,95,348,84.0,313.5,22,69,15.0,15.0,21.2132,5.2174,2.9546,1.056
328,10.9333,50,0,0.5993,49,262,83,351,66.0,306.5,34,89,30.0,0.0,30.0,4.0449,2.9546,1.056
328,10.9333,53,0,0.6297,3,265,45,358,24.0,311.5,42,93,0.0,-15.0,15.0,3.871,2.9546,1.056
328,10.9333,59,0,0.3759,32,264,58,352,45.0,308.0,26,88,0.0,0.0,0.0,4.0909,2.9546,1.056
328,10.9333,55,0,0.3127,0,269,21,354,10.5,311.5,21,85,1.0714,-4.2857,4.4176,4.2353,2.9546,1.056
329,10.9667,2,0,0.7822,208,250,242,349,225.0,299.5,34,99,45.0,0.0,45.0,3.6364,2.6496,0.7896
329,10.9667,28,0,0.8341,174,275,199,347,186.5,311.0,25,72,0.0,15.0,15.0,5.0,2.6496,0.7896
329,10.9667,33,0,0.8283,141,270,168,348,154.5,309.0,27,78,0.0,15.0,15.0,4.6154,2.6496,0.7896
329,10.9667,45,0,0.8605,101,250,142,359,121.5,304.5,41,109,15.0,0.0,15.0,3.3028,2.6496,0.7896
329,10.9667,52,0,0.4153,73,282,94,349,83.5,315.5,21,67,-15.0,60.0,61.8466,5.3731,2.6496,0.7896
329,10.9667,50,0,0.6082,50,261,84,352,67.0,306.5,34,91,30.0,0.0,30.0,3.956,2.6496,0.7896
329,10.9667,53,0,0.5133,3,266,44,359,23.5,312.5,41,93,-15.0,30.0,33.541,3.871,2.6496,0.7896
329,10.9667,59,0,0.4914,33,266,58,353,45.5,309.5,25,87,15.0,45.0,47.4342,4.1379,2.6496,0.7896
330,11.0,2,0,0.7685,209,253,243,350,226.0,301.5,34,97,30.0,60.0,67.082,3.7113,0.5108,-0.1248
330,11.0,28,0,0.8267,174,275,199,348,186.5,311.5,25,73,0.0,15.0,15.0,4.9315,0.5108,-0.1248
330,11.0,33,0,0.8381,141,271,169,349,155.0,310.0,28,78,15.0,30.0,33.541,4.6154,0.5108,-0.1248
330,11.0,45,0,0.8667,102,251,142,359,122.0,305.0,40,108,15.0,15.0,21.2132,3.3333,0.5108,-0.1248
330,11.0,50,0,0.5012,52,261,84,352,68.0,306.5,32,91,30.0,0.0,30.0,3.956,0.5108,-0.1248
330,11.0,53,0,0.5989,3,266,44,359,23.5,312.5,41,93,0.0,0.0,0.0,3.871,0.5108,-0.1248
330,11.0,59,0,0.4908,35,266,60,352,47.5,309.0,25,86,60.0,-15.0,61.8466,4.186,0.5108,-0.1248
331,11.0333,2,0,0.7605,209,255,244,350,226.5,302.5,35,95,15.0,30.0,33.541,3.7895,0.775,-0.018
331,11.0333,28,0,0.8133,175,275,200,348,187.5,311.5,25,73,30.0,0.0,30.0,4.9315,0.775,-0.018
331,11.0333,33,0,0.8346,142,271,170,349,156.0,310.0,28,78,30.0,0.0,30.0,4.6154,0.775,-0.018
331,11.0333,45,0,0.8933,103,251,142,359,122.5,305.0,39,108,15.0,0.0,15.0,3.3333,0.775,-0.018
331,11.0333,50,0,0.5169,54,261,84,352,69.0,306.5,30,91,30.0,0.0,30.0,3.956,0.775,-0.018
331,11.0333,53,0,0.5604,4,266,44,359,24.0,312.5,40,93,15.0,0.0,15.0,3.871,0.775,-0.018
331,11.0333,59,0,0.5249,36,266,61,353,48.5,309.5,25,87,30.0,15.0,33.541,4.1379,0.775,-0.018
331,11.0333,52,0,0.3195,73,274,94,350,83.5,312.0,21,76,0.0,-52.5,52.5,4.7368,0.775,-0.018
332,11.0667,2,0,0.7058,210,255,245,351,227.5,303.0,35,96,30.0,15.0,33.541,3.75,0.9728,0.1529
332,11.0667,28,0,0.7995,175,275,201,349,188.0,312.0,26,74,15.0,15.0,21.2132,4.8649,0.9728,0.1529
332,11.0667,33,0,0.8225,142,272,170,349,156.0,310.5,28,77,0.0,15.0,15.0,4.6753,0.9728,0.1529
332,11.0667,45,0,0.9008,103,251,142,360,122.5,305.5,39,109,0.0,15.0,15.0,3.3028,0.9728,0.1529
332,11.0667,50,0,0.5704,56,262,85,352,70.5,307.0,29,90,45.0,15.0,47.4342,4.0,0.9728,0.1529
332,11.0667,53,0,0.5123,3,266,43,359,23.0,312.5,40,93,-30.0,0.0,30.0,3.871,0.9728,0.1529
332,11.0667,59,0,0.5511,36,266,62,353,49.0,309.5,26,87,15.0,0.0,15.0,4.1379,0.9728,0.1529
332,11.0667,52,0,0.4272,75,272,96,351,85.5,311.5,21,79,60.0,-15.0,61.8466,4.557,0.9728,0.1529
333,11.1,2,0,0.6943,211,255,246,351,228.5,303.0,35,96,30.0,0.0,30.0,3.75,0.8296,-0.1649
333,11.1,28,0,0.7825,176,275,201,349,188.5,312.0,25,74,15.0,0.0,15.0,4.8649,0.8296,-0.1649
333,11.1,33,0,0.833,143,272,170,349,156.5,310.5,27,77,15.0,0.0,15.0,4.6753,0.8296,-0.1649
333,11.1,45,0,0.8995,103,251,142,360,122.5,305.5,39,109,0.0,0.0,0.0,3.3028,0.8296,-0.1649
333,11.1,50,0,0.6106,61,262,90,353,75.5,307.5,29,91,150.0,15.0,150.7481,3.956,0.8296,-0.1649
333,11.1,53,0,0.5958,3,265,43,359,23.0,312.0,40,94,0.0,-15.0,15.0,3.8298,0.8296,-0.1649
333,11.1,59,0,0.5567,37,267,64,352,50.5,309.5,27,85,45.0,0.0,45.0,4.2353,0.8296,-0.1649
333,11.1,52,0,0.3911,76,270,96,351,86.0,310.5,20,81,15.0,-30.0,33.541,4.4444,0.8296,-0.1649
333,11.1,55,0,0.4717,0,269,21,353,10.5,311.0,21,84,0.0,-3.0,3.0,4.2857,0.8296,-0.1649
334,11.1333,2,0,0.7319,212,255,247,351,229.5,303.0,35,96,30.0,0.0,30.0,3.75,-0.1022,-0.6744
334,11.1333,28,0,0.7818,176,274,202,349,189.0,311.5,26,75,15.0,-15.0,21.2132,4.8,-0.1022,-0.6744
334,11.1333,33,0,0.8246,143,271,171,349,157.0,310.0,28,78,15.0,-15.0,21.2132,4.6154,-0.1022,-0.6744
334,11.1333,45,0,0.914,103,251,142,359,122.5,305.0,39,108,0.0,-15.0,15.0,3.3333,-0.1022,-0.6744
334,11.1333,50,0,0.6742,63,262,94,353,78.5,307.5,31,91,90.0,0.0,90.0,3.956,-0.1022,-0.6744
334,11.1333,53,0,0.6343,3,265,43,359,23.0,312.0,40,94,0.0,0.0,0.0,3.8298,-0.1022,-0.6744
334,11.1333,59,0,0.5426,38,267,66,351,52.0,309.0,28,84,45.0,-15.0,47.4342,4.2857,-0.1022,-0.6744
334,11.1333,55,0,0.619,0,269,22,356,11.0,312.5,22,87,15.0,45.0,47.4342,4.1379,-0.1022,-0.6744
335,11.1667,2,0,0.7648,211,255,247,351,229.0,303.0,36,96,-15.0,0.0,15.0,3.75,0.5056,-0.4924
335,11.1667,28,0,0.7632,177,274,202,349,189.5,311.5,25,75,15.0,0.0,15.0,4.8,0.5056,-0.4924
335,11.1667,33,0,0.8181,143,270,171,349,157.0,309.5,28,79,0.0,-15.0,15.0,4.557,0.5056,-0.4924
335,11.1667,45,0,0.9105,103,251,142,359,122.5,305.0,39,108,0.0,0.0,0.0,3.3333,0.5056,-0.4924
335,11.1667,50,0,0.6202,64,262,97,353,80.5,307.5,33,91,60.0,0.0,60.0,3.956,0.5056,-0.4924
335,11.1667,53,0,0.6541,3,265,44,359,23.5,312.0,41,94,15.0,0.0,15.0,3.8298,0.5056,-0.4924
335,11.1667,59,0,0.5776,39,267,69,350,54.0,308.5,30,83,60.0,-15.0,61.8466,4.3373,0.5056,-0.4924
335,11.1667,55,0,0.5902,0,268,23,356,11.5,312.0,23,88,15.0,-15.0,21.2132,4.0909,0.5056,-0.4924
336,11.2,2,0,0.7982,211,251,248,351,229.5,301.0,37,100,15.0,-60.0,61.8466,3.6,1.7026,0.0047
336,11.2,28,0,0.7655,177,273,203,348,190.0,310.5,26,75,15.0,-30.0,33.541,4.8,1.7026,0.0047
336,11.2,33,0,0.8045,144,270,172,348,158.0,309.0,28,78,30.0,-15.0,33.541,4.6154,1.7026,0.0047
336,11.2,45,0,0.9063,103,250,142,359,122.5,304.5,39,109,0.0,-15.0,15.0,3.3028,1.7026,0.0047
336,11.2,50,0,0.7693,65,261,97,353,81.0,307.0,32,92,15.0,-15.0,21.2132,3.913,1.7026,0.0047
336,11.2,53,0,0.6163,4,264,44,359,24.0,311.5,40,95,15.0,-15.0,21.2132,3.7895,1.7026,0.0047
336,11.2,59,0,0.611,39,266,70,347,54.5,306.5,31,81,15.0,-60.0,61.8466,4.4444,1.7026,0.0047
336,11.2,55,0,0.607,0,268,23,356,11.5,312.0,23,88,0.0,0.0,0.0,4.0909,1.7026,0.0047
337,11.2333,2,0,0.812,212,249,248,351,230.0,300.0,36,102,15.0,-30.0,33.541,3.5294,1.0378,-0.5365
337,11.2333,28,0,0.7524,177,273,203,348,190.0,310.5,26,75,0.0,0.0,0.0,4.8,1.0378,-0.5365
337,11.2333,33,0,0.758,145,269,173,348,159.0,308.5,28,79,30.0,-15.0,33.541,4.557,1.0378,-0.5365
337,11.2333,45,0,0.8722,103,249,141,359,122.0,304.0,38,110,-15.0,-15.0,21.2132,3.2727,1.0378,-0.5365
337,11.2333,50,0,0.7797,66,260,97,352,81.5,306.0,31,92,15.0,-30.0,33.541,3.913,1.0378,-0.5365
337,11.2333,53,0,0.6047,3,263,44,359,23.5,311.0,41,96,-15.0,-15.0,21.2132,3.75,1.0378,-0.5365
337,11.2333,59,0,0.5718,39,266,70,346,54.5,306.0,31,80,0.0,-15.0,15.0,4.5,1.0378,-0.5365
337,11.2333,55,0,0.6707,0,268,22,357,11.0,312.5,22,89,-15.0,15.0,21.2132,4.0449,1.0378,-0.5365
338,11.2667,2,0,0.8242,212,248,249,350,230.5,299.0,37,102,15.0,-30.0,33.541,3.5294,0.0338,-0.9347
338,11.2667,28,0,0.7579,178,272,204,347,191.0,309.5,26,75,30.0,-30.0,42.4264,4.8,0.0338,-0.9347
338,11.2667,33,0,0.7356,146,268,175,348,160.5,308.0,29,80,45.0,-15.0,47.4342,4.5,0.0338,-0.9347
338,11.2667,45,0,0.8264,103,248,141,359,122.0,303.5,38,111,0.0,-15.0,15.0,3.2432,0.0338,-0.9347
338,11.2667,50,0,0.8244,68,259,98,352,83.0,305.5,30,93,45.0,-15.0,47.4342,3.871,0.0338,-0.9347
338,11.2667,53,0,0.6257,3,262,45,359,24.0,310.5,42,97,15.0,-15.0,21.2132,3.7113,0.0338,-0.9347
338,11.2667,59,0,0.6174,39,265,69,345,54.0,305.0,30,80,-15.0,-30.0,33.541,4.5,0.0338,-0.9347
338,11.2667,55,0,0.6615,0,267,22,358,11.0,312.5,22,91,0.0,0.0,0.0,3.956,0.0338,-0.9347
339,11.3,2,0,0.8196,213,247,249,350,231.0,298.5,36,103,15.0,-15.0,21.2132,3.4951,-0.2218,-0.91
339,11.3,28,0,0.7509,179,273,204,347,191.5,310.0,25,74,15.0,15.0,21.2132,4.8649,-0.2218,-0.91
339,11.3,33,0,0.7492,146,268,175,348,160.5,308.0,29,80,0.0,0.0,0.0,4.5,-0.2218,-0.91
339,11.3,45,0,0.8435,103,247,140,359,121.5,303.0,37,112,-15.0,-15.0,21.2132,3.2143,-0.2218,-0.91
339,11.3,50,0,0.8233,69,258,98,352,83.5,305.0,29,94,15.0,-15.0,21.2132,3.8298,-0.2218,-0.91
339,11.3,53,0,0.6203,3,262,45,359,24.0,310.5,42,97,0.0,0.0,0.0,3.7113,-0.2218,-0.91
339,11.3,59,0,0.5871,38,264,69,346,53.5,305.0,31,82,-15.0,0.0,15.0,4.3902,-0.2218,-0.91
339,11.3,55,0,0.6543,0,267,22,358,11.0,312.5,22,91,0.0,0.0,0.0,3.956,-0.2218,-0.91
340,11.3333,2,0,0.8143,214,246,250,349,232.0,297.5,36,103,30.0,-30.0,42.4264,3.4951,0.8675,-0.5612
340,11.3333,28,0,0.7742,179,272,205,347,192.0,309.5,26,75,15.0,-15.0,21.2132,4.8,0.8675,-0.5612
340,11.3333,33,0,0.7595,147,268,176,348,161.5,308.0,29,80,30.0,0.0,30.0,4.5,0.8675,-0.5612
340,11.3333,45,0,0.8411,103,247,140,360,121.5,303.5,37,113,0.0,15.0,15.0,3.1858,0.8675,-0.5612
340,11.3333,50,0,0.8036,69,258,99,352,84.0,305.0,30,94,15.0,0.0,15.0,3.8298,0.8675,-0.5612
340,11.3333,53,0,0.6089,3,262,46,359,24.5,310.5,43,97,15.0,0.0,15.0,3.7113,0.8675,-0.5612
340,11.3333,59,0,0.6192,38,264,70,347,54.0,305.5,32,83,15.0,15.0,21.2132,4.3373,0.8675,-0.5612
340,11.3333,55,0,0.6527,0,267,22,359,11.0,313.0,22,92,0.0,15.0,15.0,3.913,0.8675,-0.5612
341,11.3667,2,0,0.7896,214,246,251,349,232.5,297.5,37,103,15.0,0.0,15.0,3.4951,0.2771,-0.345
341,11.3667,28,0,0.7853,179,272,206,347,192.5,309.5,27,75,15.0,0.0,15.0,4.8,0.2771,-0.345
341,11.3667,33,0,0.7639,147,269,177,348,162.0,308.5,30,79,15.0,15.0,21.2132,4.557,0.2771,-0.345
341,11.3667,45,0,0.8458,103,247,140,359,121.5,303.0,37,112,0.0,-15.0,15.0,3.2143,0.2771,-0.345
341,11.3667,50,0,0.8273,71,257,102,353,86.5,305.0,31,96,75.0,0.0,75.0,3.75,0.2771,-0.345
341,11.3667,53,0,0.6194,3,263,46,359,24.5,311.0,43,96,0.0,15.0,15.0,3.75,0.2771,-0.345
341,11.3667,59,0,0.6721,39,264,70,346,54.5,305.0,31,82,15.0,-15.0,21.2132,4.3902,0.2771,-0.345
341,11.3667,55,0,0.634,0,267,22,359,11.0,313.0,22,92,0.0,0.0,0.0,3.913,0.2771,-0.345
342,11.4,2,0,0.8,214,246,253,350,233.5,298.0,39,104,30.0,15.0,33.541,3.4615,0.8608,-0.2618
342,11.4,28,0,0.7919,179,271,206,347,192.5,309.0,27,76,0.0,-15.0,15.0,4.7368,0.8608,-0.2618
342,11.4,33,0,0.8029,148,269,177,348,162.5,308.5,29,79,15.0,0.0,15.0,4.557,0.8608,-0.2618
342,11.4,45,0,0.8477,102,247,141,359,121.5,303.0,39,112,0.0,0.0,0.0,3.2143,0.8608,-0.2618
342,11.4,50,0,0.8186,71,257,103,353,87.0,305.0,32,96,15.0,0.0,15.0,3.75,0.8608,-0.2618
342,11.4,53,0,0.4673,3,263,45,359,24.0,311.0,42,96,-15.0,0.0,15.0,3.75,0.8608,-0.2618
342,11.4,59,0,0.6436,39,264,69,346,54.0,305.0,30,82,-15.0,0.0,15.0,4.3902,0.8608,-0.2618
342,11.4,55,0,0.6432,0,267,22,358,11.0,312.5,22,91,0.0,-15.0,15.0,3.956,0.8608,-0.2618
343,11.4333,2,0,0.8426,214,246,255,350,234.5,298.0,41,104,30.0,0.0,30.0,3.4615,0.2861,-0.4375
343,11.4333,28,0,0.796,179,271,207,348,193.0,309.5,28,77,15.0,15.0,21.2132,4.6753,0.2861,-0.4375
343,11.4333,33,0,0.8006,148,269,177,348,162.5,308.5,29,79,0.0,0.0,0.0,4.557,0.2861,-0.4375
343,11.4333,45,0,0.8396,101,247,141,359,121.0,303.0,40,112,-15.0,0.0,15.0,3.2143,0.2861,-0.4375
343,11.4333,50,0,0.8043,71,258,103,353,87.0,305.5,32,95,0.0,15.0,15.0,3.7895,0.2861,-0.4375
343,11.4333,53,0,0.4716,2,263,45,360,23.5,311.5,43,97,-15.0,15.0,21.2132,3.7113,0.2861,-0.4375
343,11.4333,59,0,0.6287,40,265,69,347,54.5,306.0,29,82,15.0,30.0,33.541,4.3902,0.2861,-0.4375
343,11.4333,55,0,0.6293,0,267,22,358,11.0,312.5,22,91,0.0,0.0,0.0,3.956,0.2861,-0.4375
344,11.4667,2,0,0.8701,215,246,256,351,235.5,298.5,41,105,30.0,15.0,33.541,3.4286,2.3393,0.0245
344,11.4667,28,0,0.7875,179,271,208,348,193.5,309.5,29,77,15.0,0.0,15.0,4.6753,2.3393,0.0245
344,11.4667,33,0,0.7909,148,269,178,349,163.0,309.0,30,80,15.0,15.0,21.2132,4.5,2.3393,0.0245
344,11.4667,45,0,0.8346,102,247,141,360,121.5,303.5,39,113,15.0,15.0,21.2132,3.1858,2.3393,0.0245
344,11.4667,50,0,0.8088,71,258,105,354,88.0,306.0,34,96,30.0,15.0,33.541,3.75,2.3393,0.0245
344,11.4667,53,0,0.5148,2,263,45,360,23.5,311.5,43,97,0.0,0.0,0.0,3.7113,2.3393,0.0245
344,11.4667,59,0,0.6638,40,264,68,347,54.0,305.5,28,83,-15.0,-15.0,21.2132,4.3373,2.3393,0.0245
344,11.4667,55,0,0.6507,0,267,22,359,11.0,313.0,22,92,0.0,15.0,15.0,3.913,2.3393,0.0245
345,11.5,2,0,0.8572,215,246,256,351,235.5,298.5,41,105,0.0,0.0,0.0,3.4286,1.7826,-0.1118
345,11.5,28,0,0.7909,180,272,208,349,194.0,310.5,28,77,15.0,30.0,33.541,4.6753,1.7826,-0.1118
345,11.5,33,0,0.7744,148,268,178,349,163.0,308.5,30,81,0.0,-15.0,15.0,4.4444,1.7826,-0.1118
345,11.5,45,0,0.8238,102,247,141,360,121.5,303.5,39,113,0.0,0.0,0.0,3.1858,1.7826,-0.1118
345,11.5,50,0,0.7892,71,258,106,354,88.5,306.0,35,96,15.0,0.0,15.0,3.75,1.7826,-0.1118
345,11.5,53,0,0.4115,7,262,45,355,26.0,308.5,38,93,75.0,-90.0,117.1537,3.871,1.7826,-0.1118
345,11.5,59,0,0.69,40,264,69,348,54.5,306.0,29,84,15.0,15.0,21.2132,4.2857,1.7826,-0.1118
345,11.5,55,0,0.6425,0,267,21,359,10.5,313.0,21,92,-15.0,0.0,15.0,3.913,1.7826,-0.1118
346,11.5333,2,0,0.8495,215,246,256,352,235.5,299.0,41,106,0.0,15.0,15.0,3.3962,0.5263,-0.8084
346,11.5333,28,0,0.7945,181,272,208,350,194.5,311.0,27,78,15.0,15.0,21.2132,4.6154,0.5263,-0.8084
346,11.5333,33,0,0.7937,148,269,179,350,163.5,309.5,31,81,15.0,30.0,33.541,4.4444,0.5263,-0.8084
346,11.5333,45,0,0.8151,102,248,141,358,121.5,303.0,39,110,0.0,-15.0,15.0,3.2727,0.5263,-0.8084
346,11.5333,50,0,0.8062,71,258,107,354,89.0,306.0,36,96,15.0,0.0,15.0,3.75,0.5263,-0.8084
346,11.5333,53,0,0.4308,5,263,44,357,24.5,310.0,39,94,-45.0,45.0,63.6396,3.8298,0.5263,-0.8084
346,11.5333,59,0,0.6848,38,264,69,348,53.5,306.0,31,84,-30.0,0.0,30.0,4.2857,0.5263,-0.8084
346,11.5333,55,0,0.6299,0,267,21,358,10.5,312.5,21,91,0.0,-15.0,15.0,3.956,0.5263,-0.8084
347,11.5667,2,0,0.8497,216,247,256,353,236.0,300.0,40,106,15.0,30.0,33.541,3.3962,1.761,0.2076
347,11.5667,28,0,0.7932,181,271,208,349,194.5,310.0,27,78,0.0,-30.0,30.0,4.6154,1.761,0.2076
347,11.5667,33,0,0.7827,149,268,179,350,164.0,309.0,30,82,15.0,-15.0,21.2132,4.3902,1.761,0.2076
347,11.5667,45,0,0.8285,102,249,141,359,121.5,304.0,39,110,0.0,30.0,30.0,3.2727,1.761,0.2076
347,11.5667,50,0,0.8034,70,258,107,355,88.5,306.5,37,97,-15.0,15.0,21.2132,3.7113,1.761,0.2076
347,11.5667,53,0,0.5427,4,263,44,358,24.0,310.5,40,95,-15.0,15.0,21.2132,3.7895,1.761,0.2076
347,11.5667,59,0,0.7038,38,264,69,349,53.5,306.5,31,85,0.0,15.0,15.0,4.2353,1.761,0.2076
347,11.5667,55,0,0.655,0,267,21,358,10.5,312.5,21,91,0.0,0.0,0.0,3.956,1.761,0.2076
348,11.6,2,0,0.8206,217,247,256,354,236.5,300.5,39,107,15.0,15.0,21.2132,3.3645,1.396,-0.3413
348,11.6,28,0,0.8007,181,271,209,350,195.0,310.5,28,79,15.0,15.0,21.2132,4.557,1.396,-0.3413
348,11.6,33,0,0.7974,149,268,180,350,164.5,309.0,31,82,15.0,0.0,15.0,4.3902,1.396,-0.3413
348,11.6,45,0,0.8235,102,249,140,359,121.0,304.0,38,110,-15.0,0.0,15.0,3.2727,1.396,-0.3413
348,11.6,50,0,0.8067,70,257,107,355,88.5,306.0,37,98,0.0,-15.0,15.0,3.6735,1.396,-0.3413
348,11.6,53,0,0.4977,9,263,44,356,26.5,309.5,35,93,75.0,-30.0,80.7775,3.871,1.396,-0.3413
348,11.6,59,0,0.6983,37,264,68,348,52.5,306.0,31,84,-30.0,-15.0,33.541,4.2857,1.396,-0.3413
348,11.6,55,0,0.6499,0,267,21,358,10.5,312.5,21,91,0.0,0.0,0.0,3.956,1.396,-0.3413
349,11.6333,2,0,0.8399,217,247,258,354,237.5,300.5,41,107,30.0,0.0,30.0,3.3645,0.1242,-0.898
349,11.6333,28,0,0.8096,182,271,209,350,195.5,310.5,27,79,15.0,0.0,15.0,4.557,0.1242,-0.898
349,11.6333,33,0,0.8222,149,267,180,350,164.5,308.5,31,83,0.0,-15.0,15.0,4.3373,0.1242,-0.898
349,11.6333,45,0,0.8238,102,248,140,359,121.0,303.5,38,111,0.0,-15.0,15.0,3.2432,0.1242,-0.898
349,11.6333,50,0,0.8118,71,258,107,355,89.0,306.5,36,97,15.0,15.0,21.2132,3.7113,0.1242,-0.898
349,11.6333,53,0,0.4107,11,263,45,352,28.0,307.5,34,89,45.0,-60.0,75.0,4.0449,0.1242,-0.898
349,11.6333,59,0,0.7167,38,264,68,348,53.0,306.0,30,84,15.0,0.0,15.0,4.2857,0.1242,-0.898
349,11.6333,55,0,0.6537,0,267,21,358,10.5,312.5,21,91,0.0,0.0,0.0,3.956,0.1242,-0.898
350,11.6667,2,0,0.8299,217,246,258,353,237.5,299.5,41,107,0.0,-30.0,30.0,3.3645,0.6573,-0.6671
350,11.6667,28,0,0.8102,182,271,209,350,195.5,310.5,27,79,0.0,0.0,0.0,4.557,0.6573,-0.6671
350,11.6667,33,0,0.8335,149,267,180,350,164.5,308.5,31,83,0.0,0.0,0.0,4.3373,0.6573,-0.6671
350,11.6667,45,0,0.821,103,248,141,359,122.0,303.5,38,111,30.0,0.0,30.0,3.2432,0.6573,-0.6671
350,11.6667,50,0,0.7879,71,258,106,355,88.5,306.5,35,97,-15.0,0.0,15.0,3.7113,0.6573,-0.6671
350,11.6667,53,0,0.4519,11,263,45,354,28.0,308.5,34,91,0.0,30.0,30.0,3.956,0.6573,-0.6671
350,11.6667,59,0,0.7193,38,263,68,348,53.0,305.5,30,85,0.0,-15.0,15.0,4.2353,0.6573,-0.6671
350,11.6667,55,0,0.6625,0,266,21,357,10.5,311.5,21,91,0.0,-30.0,30.0,3.956,0.6573,-0.6671
351,11.7,2,0,0.8328,218,246,258,353,238.0,299.5,40,107,15.0,0.0,15.0,3.3645,1.2028,-0.8022
351,11.7,28,0,0.8451,183,271,210,351,196.5,311.0,27,80,30.0,15.0,33.541,4.5,1.2028,-0.8022
351,11.7,33,0,0.8327,150,267,181,350,165.5,308.5,31,83,30.0,0.0,30.0,4.3373,1.2028,-0.8022
351,11.7,45,0,0.8259,103,247,141,359,122.0,303.0,38,112,0.0,-15.0,15.0,3.2143,1.2028,-0.8022
351,11.7,50,0,0.7876,71,258,106,355,88.5,306.5,35,97,0.0,0.0,0.0,3.7113,1.2028,-0.8022
351,11.7,53,0,0.424,10,263,44,355,27.0,309.0,34,92,-30.0,15.0,33.541,3.913,1.2028,-0.8022
351,11.7,59,0,0.7118,38,263,68,348,53.0,305.5,30,85,0.0,0.0,0.0,4.2353,1.2028,-0.8022
351,11.7,55,0,0.6436,0,266,21,357,10.5,311.5,21,91,0.0,0.0,0.0,3.956,1.2028,-0.8022
352,11.7333,2,0,0.8117,218,247,258,353,238.0,300.0,40,106,0.0,15.0,15.0,3.3962,0.6103,-1.4481
352,11.7333,28,0,0.8299,183,271,210,351,196.5,311.0,27,80,0.0,0.0,0.0,4.5,0.6103,-1.4481
352,11.7333,33,0,0.8422,150,267,181,350,165.5,308.5,31,83,0.0,0.0,0.0,4.3373,0.6103,-1.4481
352,11.7333,45,0,0.81,104,246,141,359,122.5,302.5,37,113,15.0,-15.0,21.2132,3.1858,0.6103,-1.4481
352,11.7333,50,0,0.7559,71,258,107,355,89.0,306.5,36,97,15.0,0.0,15.0,3.7113,0.6103,-1.4481
352,11.7333,53,0,0.4279,10,262,44,355,27.0,308.5,34,93,0.0,-15.0,15.0,3.871,0.6103,-1.4481
352,11.7333,59,0,0.7061,38,263,68,348,53.0,305.5,30,85,0.0,0.0,0.0,4.2353,0.6103,-1.4481
352,11.7333,55,0,0.6655,0,266,21,357,10.5,311.5,21,91,0.0,0.0,0.0,3.956,0.6103,-1.4481
353,11.7667,2,0,0.8344,218,244,258,354,238.0,299.0,40,110,0.0,-30.0,30.0,3.2727,1.3601,-0.983
353,11.7667,28,0,0.8075,182,270,211,350,196.5,310.0,29,80,0.0,-30.0,30.0,4.5,1.3601,-0.983
353,11.7667,33,0,0.8362,150,267,181,350,165.5,308.5,31,83,0.0,0.0,0.0,4.3373,1.3601,-0.983
353,11.7667,45,0,0.8041,104,245,142,359,123.0,302.0,38,114,15.0,-15.0,21.2132,3.1579,1.3601,-0.983
353,11.7667,50,0,0.695,72,257,107,354,89.5,305.5,35,97,15.0,-30.0,33.541,3.7113,1.3601,-0.983
353,11.7667,53,0,0.4605,8,261,44,356,26.0,308.5,36,95,-30.0,0.0,30.0,3.7895,1.3601,-0.983
353,11.7667,59,0,0.741,38,262,68,348,53.0,305.0,30,86,0.0,-15.0,15.0,4.186,1.3601,-0.983
353,11.7667,55,0,0.3233,0,265,21,356,10.5,310.5,21,91,0.0,-30.0,30.0,3.956,1.3601,-0.983
354,11.8,2,0,0.8053,219,243,259,353,239.0,298.0,40,110,30.0,-30.0,42.4264,3.2727,0.8795,-0.9047
354,11.8,28,0,0.8208,183,270,211,349,197.0,309.5,28,79,15.0,-15.0,21.2132,4.557,0.8795,-0.9047
354,11.8,33,0,0.8312,151,267,181,350,166.0,308.5,30,83,15.0,0.0,15.0,4.3373,0.8795,-0.9047
354,11.8,45,0,0.8507,104,245,143,359,123.5,302.0,39,114,15.0,0.0,15.0,3.1579,0.8795,-0.9047
354,11.8,50,0,0.7059,73,256,108,353,90.5,304.5,35,97,30.0,-30.0,42.4264,3.7113,0.8795,-0.9047
354,11.8,53,0,0.6231,3,261,44,358,23.5,309.5,41,97,-75.0,30.0,80.7775,3.7113,0.8795,-0.9047
354,11.8,59,0,0.7383,38,262,68,347,53.0,304.5,30,85,0.0,-15.0,15.0,4.2353,0.8795,-0.9047
354,11.8,52,0,0.4781,73,270,97,352,85.0,311.0,24,82,-1.4286,0.7143,1.5972,4.3902,0.8795,-0.9047
355,11.8333,2,0,0.8118,218,242,259,353,238.5,297.5,41,111,-15.0,-15.0,21.2132,3.2432,0.5751,-1.079
355,11.8333,28,0,0.8264,183,270,211,349,197.0,309.5,28,79,0.0,0.0,0.0,4.557,0.5751,-1.079
355,11.8333,33,0,0.8267,151,267,181,350,166.0,308.5,30,83,0.0,0.0,0.0,4.3373,0.5751,-1.079
355,11.8333,45,0,0.8406,104,245,144,359,124.0,302.0,40,114,15.0,0.0,15.0,3.1579,0.5751,-1.079
355,11.8333,50,0,0.7244,74,255,108,353,91.0,304.0,34,98,15.0,-15.0,21.2132,3.6735,0.5751,-1.079
355,11.8333,53,0,0.545,1,261,44,359,22.5,310.0,43,98,-30.0,15.0,33.541,3.6735,0.5751,-1.079
355,11.8333,59,0,0.7378,37,262,68,347,52.5,304.5,31,85,-15.0,0.0,15.0,4.2353,0.5751,-1.079
355,11.8333,52,0,0.4251,73,272,97,351,85.0,311.5,24,79,0.0,15.0,15.0,4.557,0.5751,-1.079
356,11.8667,2,0,0.8224,219,242,261,353,240.0,297.5,42,111,45.0,0.0,45.0,3.2432,0.5133,-0.8423
356,11.8667,28,0,0.8155,184,269,211,349,197.5,309.0,27,80,15.0,-15.0,21.2132,4.5,0.5133,-0.8423
356,11.8667,33,0,0.8269,151,267,182,350,166.5,308.5,31,83,15.0,0.0,15.0,4.3373,0.5133,-0.8423
356,11.8667,45,0,0.8465,104,244,144,359,124.0,301.5,40,115,0.0,-15.0,15.0,3.1304,0.5133,-0.8423
356,11.8667,50,0,0.689,75,254,108,353,91.5,303.5,33,99,15.0,-15.0,21.2132,3.6364,0.5133,-0.8423
356,11.8667,53,0,0.6253,0,260,43,359,21.5,309.5,43,99,-30.0,-15.0,33.541,3.6364,0.5133,-0.8423
356,11.8667,59,0,0.7379,37,262,68,347,52.5,304.5,31,85,0.0,0.0,0.0,4.2353,0.5133,-0.8423
356,11.8667,52,0,0.457,74,273,96,352,85.0,312.5,22,79,0.0,30.0,30.0,4.557,0.5133,-0.8423
357,11.9,2,0,0.8179,220,241,263,353,241.5,297.0,43,112,45.0,-15.0,47.4342,3.2143,0.5435,-1.1293
357,11.9,28,0,0.8131,184,269,212,349,198.0,309.0,28,80,15.0,0.0,15.0,4.5,0.5435,-1.1293
357,11.9,33,0,0.8006,151,267,182,350,166.5,308.5,31,83,0.0,0.0,0.0,4.3373,0.5435,-1.1293
357,11.9,45,0,0.8464,104,244,145,360,124.5,302.0,41,116,15.0,15.0,21.2132,3.1034,0.5435,-1.1293
357,11.9,50,0,0.7079,77,255,109,352,93.0,303.5,32,97,45.0,0.0,45.0,3.7113,0.5435,-1.1293
357,11.9,53,0,0.6137,0,260,43,359,21.5,309.5,43,99,0.0,0.0,0.0,3.6364,0.5435,-1.1293
357,11.9,59,0,0.7607,37,262,68,347,52.5,304.5,31,85,0.0,0.0,0.0,4.2353,0.5435,-1.1293
357,11.9,52,0,0.4764,75,277,94,351,84.5,314.0,19,74,-15.0,45.0,47.4342,4.8649,0.5435,-1.1293
357,11.9,55,0,0.377,0,264,18,354,9.0,309.0,18,90,-11.25,-11.25,15.9099,4.0,0.5435,-1.1293
358,11.9333,2,0,0.8243,223,241,264,353,243.5,297.0,41,112,60.0,0.0,60.0,3.2143,0.8436,-0.6319
358,11.9333,28,0,0.8273,184,269,213,349,198.5,309.0,29,80,15.0,0.0,15.0,4.5,0.8436,-0.6319
358,11.9333,33,0,0.8085,152,267,182,350,167.0,308.5,30,83,15.0,0.0,15.0,4.3373,0.8436,-0.6319
358,11.9333,45,0,0.8193,104,244,145,359,124.5,301.5,41,115,0.0,-15.0,15.0,3.1304,0.8436,-0.6319
358,11.9333,50,0,0.7099,79,255,109,352,94.0,303.5,30,97,30.0,0.0,30.0,3.7113,0.8436,-0.6319
358,11.9333,53,0,0.5451,0,259,43,359,21.5,309.0,43,100,0.0,-15.0,15.0,3.6,0.8436,-0.6319
358,11.9333,59,0,0.7302,37,261,68,348,52.5,304.5,31,87,0.0,0.0,0.0,4.1379,0.8436,-0.6319
358,11.9333,52,0,0.5396,75,276,95,351,85.0,313.5,20,75,15.0,-15.0,21.2132,4.8,0.8436,-0.6319
358,11.9333,55,0,0.4874,0,265,16,352,8.0,308.5,16,87,-30.0,-15.0,33.541,4.1379,0.8436,-0.6319
359,11.9667,2,0,0.8119,225,241,265,353,245.0,297.0,40,112,45.0,0.0,45.0,3.2143,-0.2177,-0.7359
359,11.9667,28,0,0.8389,185,269,213,349,199.0,309.0,28,80,15.0,0.0,15.0,4.5,-0.2177,-0.7359
359,11.9667,33,0,0.8099,152,267,183,351,167.5,309.0,31,84,15.0,15.0,21.2132,4.2857,-0.2177,-0.7359
359,11.9667,45,0,0.836,104,245,146,359,125.0,302.0,42,114,15.0,15.0,21.2132,3.1579,-0.2177,-0.7359
359,11.9667,50,0,0.7563,80,255,109,352,94.5,303.5,29,97,15.0,0.0,15.0,3.7113,-0.2177,-0.7359
359,11.9667,53,0,0.5683,3,260,43,359,23.0,309.5,40,99,45.0,15.0,47.4342,3.6364,-0.2177,-0.7359
359,11.9667,59,0,0.7361,37,261,68,348,52.5,304.5,31,87,0.0,0.0,0.0,4.1379,-0.2177,-0.7359
359,11.9667,52,0,0.5867,75,278,95,352,85.0,315.0,20,74,0.0,45.0,45.0,4.8649,-0.2177,-0.7359
359,11.9667,55,0,0.5191,0,265,16,351,8.0,308.0,16,86,0.0,-15.0,15.0,4.186,-0.2177,-0.7359
360,12.0,2,0,0.8148,226,241,266,353,246.0,297.0,40,112,30.0,0.0,30.0,3.2143,0.5188,-0.7187
360,12.0,28,0,0.8395,185,268,214,349,199.5,308.5,29,81,15.0,-15.0,21.2132,4.4444,0.5188,-0.7187
360,12.0,33,0,0.8034,152,267,184,351,168.0,309.0,32,84,15.0,0.0,15.0,4.2857,0.5188,-0.7187
360,12.0,45,0,0.8159,104,245,147,359,125.5,302.0,43,114,15.0,0.0,15.0,3.1579,0.5188,-0.7187
360,12.0,50,0,0.7509,82,255,110,352,96.0,303.5,28,97,45.0,0.0,45.0,3.7113,0.5188,-0.7187
360,12.0,53,0,0.5932,1,260,44,359,22.5,309.5,43,99,-15.0,0.0,15.0,3.6364,0.5188,-0.7187
360,12.0,59,0,0.7547,37,261,69,349,53.0,305.0,32,88,15.0,15.0,21.2132,4.0909,0.5188,-0.7187
360,12.0,52,0,0.606,76,279,95,352,85.5,315.5,19,73,15.0,15.0,21.2132,4.9315,0.5188,-0.7187
360,12.0,55,0,0.5045,0,265,16,352,8.0,308.5,16,87,0.0,15.0,15.0,4.1379,0.5188,-0.7187
360,12.0,61,0,0.3818,77,269,101,352,89.0,310.5,24,83,0.0,0.0,0.0,4.3373,0.5188,-0.7187
361,12.0333,2,0,0.8176,228,242,266,356,247.0,299.0,38,114,30.0,60.0,67.082,3.1579,0.7004,-0.6843
361,12.0333,28,0,0.8441,185,269,214,350,199.5,309.5,29,81,0.0,30.0,30.0,4.4444,0.7004,-0.6843
361,12.0333,33,0,0.8084,152,267,184,352,168.0,309.5,32,85,0.0,15.0,15.0,4.2353,0.7004,-0.6843
361,12.0333,45,0,0.7922,105,245,147,359,126.0,302.0,42,114,15.0,0.0,15.0,3.1579,0.7004,-0.6843
361,12.0333,50,0,0.7427,84,255,110,353,97.0,304.0,26,98,30.0,15.0,33.541,3.6735,0.7004,-0.6843
361,12.0333,53,0,0.5909,0,260,44,360,22.0,310.0,44,100,-15.0,15.0,21.2132,3.6,0.7004,-0.6843
361,12.0333,59,0,0.7618,37,261,69,349,53.0,305.0,32,88,0.0,0.0,0.0,4.0909,0.7004,-0.6843
361,12.0333,52,0,0.6348,76,278,95,353,85.5,315.5,19,75,0.0,0.0,0.0,4.8,0.7004,-0.6843
361,12.0333,55,0,0.391,0,265,17,357,8.5,311.0,17,92,15.0,75.0,76.4853,3.913,0.7004,-0.6843
362,12.0667,2,0,0.819,231,242,267,358,249.0,300.0,36,116,60.0,30.0,67.082,3.1034,0.2321,-1.2087
362,12.0667,28,0,0.8337,186,269,215,350,200.5,309.5,29,81,30.0,0.0,30.0,4.4444,0.2321,-1.2087
362,12.0667,33,0,0.8173,151,267,186,353,168.5,310.0,35,86,15.0,15.0,21.2132,4.186,0.2321,-1.2087
362,12.0667,45,0,0.8016,106,245,148,360,127.0,302.5,42,115,30.0,15.0,33.541,3.1304,0.2321,-1.2087
362,12.0667,50,0,0.7532,85,255,111,354,98.0,304.5,26,99,30.0,15.0,33.541,3.6364,0.2321,-1.2087
362,12.0667,53,0,0.5062,2,260,45,359,23.5,309.5,43,99,45.0,-15.0,47.4342,3.6364,0.2321,-1.2087
362,12.0667,59,0,0.7569,37,261,70,349,53.5,305.0,33,88,15.0,0.0,15.0,4.0909,0.2321,-1.2087
362,12.0667,52,0,0.6198,76,277,95,354,85.5,315.5,19,77,0.0,0.0,0.0,4.6753,0.2321,-1.2087
362,12.0667,55,0,0.3316,0,265,17,358,8.5,311.5,17,93,0.0,15.0,15.0,3.871,0.2321,-1.2087
363,12.1,2,0,0.8097,233,243,268,357,250.5,300.0,35,114,45.0,0.0,45.0,3.1579,0.6443,-1.0326
363,12.1,28,0,0.8238,187,269,216,351,201.5,310.0,29,82,30.0,15.0,33.541,4.3902,0.6443,-1.0326
363,12.1,33,0,0.8413,150,267,187,354,168.5,310.5,37,87,0.0,15.0,15.0,4.1379,0.6443,-1.0326
363,12.1,45,0,0.8066,107,245,148,360,127.5,302.5,41,115,15.0,0.0,15.0,3.1304,0.6443,-1.0326
363,12.1,50,0,0.7363,85,256,112,355,98.5,305.5,27,99,15.0,30.0,33.541,3.6364,0.6443,-1.0326
363,12.1,53,0,0.5594,0,260,45,359,22.5,309.5,45,99,-30.0,0.0,30.0,3.6364,0.6443,-1.0326
363,12.1,59,0,0.7566,37,261,70,349,53.5,305.0,33,88,0.0,0.0,0.0,4.0909,0.6443,-1.0326
363,12.1,52,0,0.6111,77,278,96,354,86.5,316.0,19,76,30.0,15.0,33.541,4.7368,0.6443,-1.0326
363,12.1,55,0,0.3328,0,265,18,359,9.0,312.0,18,94,15.0,15.0,21.2132,3.8298,0.6443,-1.0326
363,12.1,61,0,0.3001,78,271,101,354,89.5,312.5,23,83,5.0,20.0,20.6155,4.3373,0.6443,-1.0326
364,12.1333,2,0,0.8095,235,243,270,357,252.5,300.0,35,114,60.0,0.0,60.0,3.1579,0.7275,-1.0669
364,12.1333,28,0,0.7975,188,269,217,351,202.5,310.0,29,82,30.0,0.0,30.0,4.3902,0.7275,-1.0669
364,12.1333,33,0,0.8438,150,267,187,353,168.5,310.0,37,86,0.0,-15.0,15.0,4.186,0.7275,-1.0669
364,12.1333,45,0,0.7938,107,245,148,360,127.5,302.5,41,115,0.0,0.0,0.0,3.1304,0.7275,-1.0669
364,12.1333,50,0,0.6973,85,256,112,355,98.5,305.5,27,99,0.0,0.0,0.0,3.6364,0.7275,-1.0669
364,12.1333,53,0,0.6522,0,260,45,360,22.5,310.0,45,100,0.0,15.0,15.0,3.6,0.7275,-1.0669
364,12.1333,59,0,0.7521,37,261,70,350,53.5,305.5,33,89,0.0,15.0,15.0,4.0449,0.7275,-1.0669
364,12.1333,52,0,0.5774,76,277,96,354,86.0,315.5,20,77,-15.0,-15.0,21.2132,4.6753,0.7275,-1.0669
364,12.1333,61,0,0.321,78,269,101,354,89.5,311.5,23,85,0.0,-30.0,30.0,4.2353,0.7275,-1.0669
365,12.1667,2,0,0.831,236,244,272,357,254.0,300.5,36,113,45.0,15.0,47.4342,3.1858,0.4514,-1.0265
365,12.1667,28,0,0.813,189,270,218,352,203.5,311.0,29,82,30.0,30.0,42.4264,4.3902,0.4514,-1.0265
365,12.1667,33,0,0.8525,150,266,188,353,169.0,309.5,38,87,15.0,-15.0,21.2132,4.1379,0.4514,-1.0265
365,12.1667,45,0,0.7848,107,245,150,360,128.5,302.5,43,115,30.0,0.0,30.0,3.1304,0.4514,-1.0265
365,12.1667,50,0,0.5991,87,255,113,355,100.0,305.0,26,100,45.0,-15.0,47.4342,3.6,0.4514,-1.0265
365,12.1667,53,0,0.6289,0,260,45,360,22.5,310.0,45,100,0.0,0.0,0.0,3.6,0.4514,-1.0265
365,12.1667,59,0,0.7561,37,262,71,350,54.0,306.0,34,88,15.0,15.0,21.2132,4.0909,0.4514,-1.0265
365,12.1667,52,0,0.6585,77,276,97,354,87.0,315.0,20,78,30.0,-15.0,33.541,4.6154,0.4514,-1.0265
366,12.2,2,0,0.8231,238,245,272,357,255.0,301.0,34,112,30.0,15.0,33.541,3.2143,1.4755,-1.3856
366,12.2,28,0,0.7877,189,270,218,351,203.5,310.5,29,81,0.0,-15.0,15.0,4.4444,1.4755,-1.3856
366,12.2,33,0,0.8613,151,266,188,353,169.5,309.5,37,87,15.0,0.0,15.0,4.1379,1.4755,-1.3856
366,12.2,45,0,0.7987,108,244,151,359,129.5,301.5,43,115,30.0,-30.0,42.4264,3.1304,1.4755,-1.3856
366,12.2,50,0,0.5725,89,254,114,355,101.5,304.5,25,101,45.0,-15.0,47.4342,3.5644,1.4755,-1.3856
366,12.2,53,0,0.6812,0,259,46,359,23.0,309.0,46,100,15.0,-30.0,33.541,3.6,1.4755,-1.3856
366,12.2,59,0,0.7697,38,261,71,350,54.5,305.5,33,89,15.0,-15.0,21.2132,4.0449,1.4755,-1.3856
366,12.2,52,0,0.6521,77,276,97,354,87.0,315.0,20,78,0.0,0.0,0.0,4.6154,1.4755,-1.3856
367,12.2333,2,0,0.8393,239,245,273,357,256.0,301.0,34,112,30.0,0.0,30.0,3.2143,0.8571,-0.6153
367,12.2333,28,0,0.7685,190,269,219,351,204.5,310.0,29,82,30.0,-15.0,33.541,4.3902,0.8571,-0.6153
367,12.2333,33,0,0.8333,151,265,188,352,169.5,308.5,37,87,0.0,-30.0,30.0,4.1379,0.8571,-0.6153
367,12.2333,45,0,0.8153,108,244,151,359,129.5,301.5,43,115,0.0,0.0,0.0,3.1304,0.8571,-0.6153
367,12.2333,50,0,0.6089,89,254,115,355,102.0,304.5,26,101,15.0,0.0,15.0,3.5644,0.8571,-0.6153
367,12.2333,53,0,0.5492,0,259,46,359,23.0,309.0,46,100,0.0,0.0,0.0,3.6,0.8571,-0.6153
367,12.2333,59,0,0.7696,38,261,71,349,54.5,305.0,33,88,0.0,-15.0,15.0,4.0909,0.8571,-0.6153
367,12.2333,52,0,0.6548,78,276,97,354,87.5,315.0,19,78,15.0,0.0,15.0,4.6154,0.8571,-0.6153
368,12.2667,2,0,0.8458,240,245,274,357,257.0,301.0,34,112,30.0,0.0,30.0,3.2143,0.8595,-1.022
368,12.2667,28,0,0.7417,192,270,219,352,205.5,311.0,27,82,30.0,30.0,42.4264,4.3902,0.8595,-1.022
368,12.2667,33,0,0.8394,151,265,189,352,170.0,308.5,38,87,15.0,0.0,15.0,4.1379,0.8595,-1.022
368,12.2667,45,0,0.8311,109,243,152,359,130.5,301.0,43,116,30.0,-15.0,33.541,3.1034,0.8595,-1.022
368,12.2667,50,0,0.6197,89,253,116,355,102.5,304.0,27,102,15.0,-15.0,21.2132,3.5294,0.8595,-1.022
368,12.2667,53,0,0.6832,0,258,45,359,22.5,308.5,45,101,-15.0,-15.0,21.2132,3.5644,0.8595,-1.022
368,12.2667,59,0,0.7734,38,261,72,349,55.0,305.0,34,88,15.0,0.0,15.0,4.0909,0.8595,-1.022
368,12.2667,52,0,0.6669,78,276,98,354,88.0,315.0,20,78,15.0,0.0,15.0,4.6154,0.8595,-1.022
369,12.3,2,0,0.8252,241,246,274,357,257.5,301.5,33,111,15.0,15.0,21.2132,3.2432,1.0006,-1.3053
369,12.3,28,0,0.7372,193,269,220,352,206.5,310.5,27,83,30.0,-15.0,33.541,4.3373,1.0006,-1.3053
369,12.3,33,0,0.8396,152,265,191,352,171.5,308.5,39,87,45.0,0.0,45.0,4.1379,1.0006,-1.3053
369,12.3,45,0,0.8254,110,242,152,359,131.0,300.5,42,117,15.0,-15.0,21.2132,3.0769,1.0006,-1.3053
369,12.3,50,0,0.6205,88,253,116,356,102.0,304.5,28,103,-15.0,15.0,21.2132,3.4951,1.0006,-1.3053
369,12.3,53,0,0.6369,0,257,46,359,23.0,308.0,46,102,15.0,-15.0,21.2132,3.5294,1.0006,-1.3053
369,12.3,59,0,0.7786,39,260,72,349,55.5,304.5,33,89,15.0,-15.0,21.2132,4.0449,1.0006,-1.3053
369,12.3,52,0,0.6307,79,276,99,354,89.0,315.0,20,78,30.0,0.0,30.0,4.6154,1.0006,-1.3053
370,12.3333,2,0,0.8324,240,243,274,357,257.0,300.0,34,114,-15.0,-45.0,47.4342,3.1579,1.1042,-1.0761
370,12.3333,28,0,0.777,194,268,221,351,207.5,309.5,27,83,30.0,-30.0,42.4264,4.3373,1.1042,-1.0761
370,12.3333,33,0,0.8299,152,264,191,352,171.5,308.0,39,88,0.0,-15.0,15.0,4.0909,1.1042,-1.0761
370,12.3333,45,0,0.8195,110,241,153,359,131.5,300.0,43,118,15.0,-15.0,21.2132,3.0508,1.1042,-1.0761
370,12.3333,50,0,0.6198,88,253,116,356,102.0,304.5,28,103,0.0,0.0,0.0,3.4951,1.1042,-1.0761
370,12.3333,53,0,0.5497,0,257,46,359,23.0,308.0,46,102,0.0,0.0,0.0,3.5294,1.1042,-1.0761
370,12.3333,59,0,0.7893,39,260,72,349,55.5,304.5,33,89,0.0,0.0,0.0,4.0449,1.1042,-1.0761
370,12.3333,52,0,0.5701,79,275,99,354,89.0,314.5,20,79,0.0,-15.0,15.0,4.557,1.1042,-1.0761
370,12.3333,61,0,0.3621,82,279,103,352,92.5,315.5,21,73,15.0,20.0,25.0,4.9315,1.1042,-1.0761
371,12.3667,2,0,0.8367,240,241,275,357,257.5,299.0,35,116,15.0,-30.0,33.541,3.1034,0.9525,-0.9606
371,12.3667,28,0,0.7588,195,268,222,351,208.5,309.5,27,83,30.0,0.0,30.0,4.3373,0.9525,-0.9606
371,12.3667,33,0,0.8443,153,264,192,352,172.5,308.0,39,88,30.0,0.0,30.0,4.0909,0.9525,-0.9606
371,12.3667,45,0,0.8306,110,240,154,359,132.0,299.5,44,119,15.0,-15.0,21.2132,3.0252,0.9525,-0.9606
371,12.3667,50,0,0.6405,88,252,117,356,102.5,304.0,29,104,15.0,-15.0,21.2132,3.4615,0.9525,-0.9606
371,12.3667,53,0,0.5916,0,257,45,359,22.5,308.0,45,102,-15.0,0.0,15.0,3.5294,0.9525,-0.9606
371,12.3667,59,0,0.7886,39,260,73,349,56.0,304.5,34,89,15.0,0.0,15.0,4.0449,0.9525,-0.9606
371,12.3667,52,0,0.5669,80,275,100,353,90.0,314.0,20,78,30.0,-15.0,33.541,4.6154,0.9525,-0.9606
371,12.3667,61,0,0.3494,83,279,104,352,93.5,315.5,21,73,30.0,0.0,30.0,4.9315,0.9525,-0.9606
372,12.4,2,0,0.7984,241,240,276,357,258.5,298.5,35,117,30.0,-15.0,33.541,3.0769,1.0193,-0.7904
372,12.4,28,0,0.7847,196,268,223,351,209.5,309.5,27,83,30.0,0.0,30.0,4.3373,1.0193,-0.7904
372,12.4,33,0,0.8488,153,264,193,352,173.0,308.0,40,88,15.0,0.0,15.0,4.0909,1.0193,-0.7904
372,12.4,45,0,0.8233,110,240,155,359,132.5,299.5,45,119,15.0,0.0,15.0,3.0252,1.0193,-0.7904
372,12.4,50,0,0.6333,88,252,117,356,102.5,304.0,29,104,0.0,0.0,0.0,3.4615,1.0193,-0.7904
372,12.4,53,0,0.5933,0,256,45,359,22.5,307.5,45,103,0.0,-15.0,15.0,3.4951,1.0193,-0.7904
372,12.4,59,0,0.7907,40,259,73,349,56.5,304.0,33,90,15.0,-15.0,21.2132,4.0,1.0193,-0.7904
372,12.4,52,0,0.5553,80,277,101,353,90.5,315.0,21,76,15.0,30.0,33.541,4.7368,1.0193,-0.7904
373,12.4333,2,0,0.8085,244,239,279,356,261.5,297.5,35,117,90.0,-30.0,94.8683,3.0769,1.2858,-1.1252
373,12.4333,28,0,0.7691,197,267,224,351,210.5,309.0,27,84,30.0,-15.0,33.541,4.2857,1.2858,-1.1252
373,12.4333,33,0,0.8573,153,264,193,352,173.0,308.0,40,88,0.0,0.0,0.0,4.0909,1.2858,-1.1252
373,12.4333,45,0,0.8242,112,239,155,360,133.5,299.5,43,121,30.0,0.0,30.0,2.9752,1.2858,-1.1252
373,12.4333,50,0,0.6429,89,251,117,355,103.0,303.0,28,104,15.0,-30.0,33.541,3.4615,1.2858,-1.1252
373,12.4333,53,0,0.5277,0,257,47,359,23.5,308.0,47,102,30.0,15.0,33.541,3.5294,1.2858,-1.1252
373,12.4333,59,0,0.8014,40,259,74,349,57.0,304.0,34,90,15.0,0.0,15.0,4.0,1.2858,-1.1252
373,12.4333,52,0,0.5115,80,276,101,353,90.5,314.5,21,77,0.0,-15.0,15.0,4.6753,1.2858,-1.1252
374,12.4667,2,0,0.8412,245,239,281,357,263.0,298.0,36,118,45.0,15.0,47.4342,3.0508,1.1564,-0.528
374,12.4667,28,0,0.7737,197,268,225,351,211.0,309.5,28,83,15.0,15.0,21.2132,4.3373,1.1564,-0.528
374,12.4667,33,0,0.8497,154,264,194,352,174.0,308.0,40,88,30.0,0.0,30.0,4.0909,1.1564,-0.528
374,12.4667,45,0,0.8257,113,239,156,360,134.5,299.5,43,121,30.0,0.0,30.0,2.9752,1.1564,-0.528
374,12.4667,50,0,0.6675,90,251,118,355,104.0,303.0,28,104,30.0,0.0,30.0,3.4615,1.1564,-0.528
374,12.4667,53,0,0.4043,0,257,47,359,23.5,308.0,47,102,0.0,0.0,0.0,3.5294,1.1564,-0.528
374,12.4667,59,0,0.8065,40,259,74,350,57.0,304.5,34,91,0.0,15.0,15.0,3.956,1.1564,-0.528
374,12.4667,52,0,0.4298,82,273,103,354,92.5,313.5,21,81,60.0,-30.0,67.082,4.4444,1.1564,-0.528
375,12.5,2,0,0.8417,247,240,283,358,265.0,299.0,36,118,60.0,30.0,67.082,3.0508,1.1324,-0.3166
375,12.5,28,0,0.7713,198,269,225,352,211.5,310.5,27,83,15.0,30.0,33.541,4.3373,1.1324,-0.3166
375,12.5,33,0,0.8362,155,264,195,353,175.0,308.5,40,89,30.0,15.0,33.541,4.0449,1.1324,-0.3166
375,12.5,45,0,0.8138,113,239,156,360,134.5,299.5,43,121,0.0,0.0,0.0,2.9752,1.1324,-0.3166
375,12.5,50,0,0.7052,90,251,118,356,104.0,303.5,28,105,0.0,15.0,15.0,3.4286,1.1324,-0.3166
375,12.5,53,0,0.3447,0,257,48,360,24.0,308.5,48,103,15.0,15.0,21.2132,3.4951,1.1324,-0.3166
375,12.5,59,0,0.809,40,259,75,350,57.5,304.5,35,91,15.0,0.0,15.0,3.956,1.1324,-0.3166
375,12.5,52,0,0.3996,82,276,102,354,92.0,315.0,20,78,-15.0,45.0,47.4342,4.6154,1.1324,-0.3166
376,12.5333,2,0,0.8351,248,240,284,359,266.0,299.5,36,119,30.0,15.0,33.541,3.0252,1.3618,-0.4287
376,12.5333,28,0,0.7691,199,269,226,352,212.5,310.5,27,83,30.0,0.0,30.0,4.3373,1.3618,-0.4287
376,12.5333,33,0,0.8377,155,264,196,353,175.5,308.5,41,89,15.0,0.0,15.0,4.0449,1.3618,-0.4287
376,12.5333,45,0,0.7977,114,239,157,360,135.5,299.5,43,121,30.0,0.0,30.0,2.9752,1.3618,-0.4287
376,12.5333,50,0,0.6431,90,251,118,357,104.0,304.0,28,106,0.0,15.0,15.0,3.3962,1.3618,-0.4287
376,12.5333,53,0,0.5579,0,257,45,360,22.5,308.5,45,103,-45.0,0.0,45.0,3.4951,1.3618,-0.4287
376,12.5333,59,0,0.8244,41,259,75,351,58.0,305.0,34,92,15.0,15.0,21.2132,3.913,1.3618,-0.4287
376,12.5333,52,0,0.4525,82,278,102,354,92.0,316.0,20,76,0.0,30.0,30.0,4.7368,1.3618,-0.4287
377,12.5667,2,0,0.8518,248,240,285,359,266.5,299.5,37,119,15.0,0.0,15.0,3.0252,1.4888,-0.6643
377,12.5667,28,0,0.7738,201,269,227,354,214.0,311.5,26,85,45.0,30.0,54.0833,4.2353,1.4888,-0.6643
377,12.5667,33,0,0.8482,156,264,196,354,176.0,309.0,40,90,15.0,15.0,21.2132,4.0,1.4888,-0.6643
377,12.5667,45,0,0.7901,114,239,158,360,136.0,299.5,44,121,15.0,0.0,15.0,2.9752,1.4888,-0.6643
377,12.5667,50,0,0.6552,90,251,119,358,104.5,304.5,29,107,15.0,15.0,21.2132,3.3645,1.4888,-0.6643
377,12.5667,53,0,0.561,0,257,44,360,22.0,308.5,44,103,-15.0,0.0,15.0,3.4951,1.4888,-0.6643
377,12.5667,59,0,0.8226,41,260,75,351,58.0,305.5,34,91,0.0,15.0,15.0,3.956,1.4888,-0.6643
377,12.5667,52,0,0.3742,82,276,102,355,92.0,315.5,20,79,0.0,-15.0,15.0,4.557,1.4888,-0.6643
378,12.6,2,0,0.8221,249,241,285,360,267.0,300.5,36,119,15.0,30.0,33.541,3.0252,0.7618,-0.3779
378,12.6,28,0,0.7783,201,270,228,355,214.5,312.5,27,85,15.0,30.0,33.541,4.2353,0.7618,-0.3779
378,12.6,33,0,0.8589,157,265,196,355,176.5,310.0,39,90,15.0,30.0,33.541,4.0,0.7618,-0.3779
378,12.6,45,0,0.773,113,240,158,360,135.5,300.0,45,120,-15.0,15.0,21.2132,3.0,0.7618,-0.3779
378,12.6,50,0,0.6366,91,252,119,358,105.0,305.0,28,106,15.0,15.0,21.2132,3.3962,0.7618,-0.3779
378,12.6,53,0,0.4717,0,257,42,359,21.0,308.0,42,102,-30.0,-15.0,33.541,3.5294,0.7618,-0.3779
378,12.6,59,0,0.8181,41,260,75,352,58.0,306.0,34,92,0.0,15.0,15.0,3.913,0.7618,-0.3779
378,12.6,52,0,0.3742,82,278,102,356,92.0,317.0,20,78,0.0,45.0,45.0,4.6154,0.7618,-0.3779
379,12.6333,2,0,0.8304,249,242,285,360,267.0,301.0,36,118,0.0,15.0,15.0,3.0508,-0.3756,-0.507
379,12.6333,28,0,0.7866,201,270,228,355,214.5,312.5,27,85,0.0,0.0,0.0,4.2353,-0.3756,-0.507
379,12.6333,33,0,0.8516,157,265,196,356,176.5,310.5,39,91,0.0,15.0,15.0,3.956,-0.3756,-0.507
379,12.6333,45,0,0.7715,113,240,158,360,135.5,300.0,45,120,0.0,0.0,0.0,3.0,-0.3756,-0.507
379,12.6333,50,0,0.6321,91,252,119,358,105.0,305.0,28,106,0.0,0.0,0.0,3.3962,-0.3756,-0.507
379,12.6333,53,0,0.6447,0,257,41,360,20.5,308.5,41,103,-15.0,15.0,21.2132,3.4951,-0.3756,-0.507
379,12.6333,59,0,0.8143,41,260,75,352,58.0,306.0,34,92,0.0,0.0,0.0,3.913,-0.3756,-0.507
379,12.6333,52,0,0.3737,82,276,102,356,92.0,316.0,20,80,0.0,-30.0,30.0,4.5,-0.3756,-0.507
380,12.6667,2,0,0.8272,250,242,285,360,267.5,301.0,35,118,15.0,0.0,15.0,3.0508,0.3153,-0.6578
380,12.6667,28,0,0.793,201,270,228,356,214.5,313.0,27,86,0.0,15.0,15.0,4.186,0.3153,-0.6578
380,12.6667,33,0,0.8528,157,265,196,356,176.5,310.5,39,91,0.0,0.0,0.0,3.956,0.3153,-0.6578
380,12.6667,45,0,0.7637,113,240,158,360,135.5,300.0,45,120,0.0,0.0,0.0,3.0,0.3153,-0.6578
380,12.6667,50,0,0.6427,91,252,119,359,105.0,305.5,28,107,0.0,15.0,15.0,3.3645,0.3153,-0.6578
380,12.6667,53,0,0.6359,0,257,41,359,20.5,308.0,41,102,0.0,-15.0,15.0,3.5294,0.3153,-0.6578
380,12.6667,59,0,0.8151,40,260,74,352,57.0,306.0,34,92,-30.0,0.0,30.0,3.913,0.3153,-0.6578
380,12.6667,52,0,0.3856,81,275,102,355,91.5,315.0,21,80,-15.0,-30.0,33.541,4.5,0.3153,-0.6578
381,12.7,2,0,0.8158,250,242,285,360,267.5,301.0,35,118,0.0,0.0,0.0,3.0508,0.3089,-0.4076
381,12.7,28,0,0.7956,201,269,229,356,215.0,312.5,28,87,15.0,-15.0,21.2132,4.1379,0.3089,-0.4076
381,12.7,33,0,0.8576,157,265,196,357,176.5,311.0,39,92,0.0,15.0,15.0,3.913,0.3089,-0.4076
381,12.7,45,0,0.7545,111,240,158,360,134.5,300.0,47,120,-30.0,0.0,30.0,3.0,0.3089,-0.4076
381,12.7,50,0,0.6044,91,252,119,358,105.0,305.0,28,106,0.0,-15.0,15.0,3.3962,0.3089,-0.4076
381,12.7,53,0,0.6375,0,257,41,359,20.5,308.0,41,102,0.0,0.0,0.0,3.5294,0.3089,-0.4076
381,12.7,59,0,0.8233,40,260,74,353,57.0,306.5,34,93,0.0,15.0,15.0,3.871,0.3089,-0.4076
381,12.7,52,0,0.4195,82,276,102,356,92.0,316.0,20,80,15.0,30.0,33.541,4.5,0.3089,-0.4076
382,12.7333,2,0,0.8081,251,242,286,360,268.5,301.0,35,118,30.0,0.0,30.0,3.0508,-0.0163,-0.4751
382,12.7333,28,0,0.8006,200,269,229,357,214.5,313.0,29,88,-15.0,15.0,21.2132,4.0909,-0.0163,-0.4751
382,12.7333,33,0,0.8592,157,265,197,358,177.0,311.5,40,93,15.0,15.0,21.2132,3.871,-0.0163,-0.4751
382,12.7333,45,0,0.7571,111,241,158,360,134.5,300.5,47,119,0.0,15.0,15.0,3.0252,-0.0163,-0.4751
382,12.7333,50,0,0.631,91,252,119,359,105.0,305.5,28,107,0.0,15.0,15.0,3.3645,-0.0163,-0.4751
382,12.7333,53,0,0.6948,0,257,41,359,20.5,308.0,41,102,0.0,0.0,0.0,3.5294,-0.0163,-0.4751
382,12.7333,59,0,0.8386,40,260,74,353,57.0,306.5,34,93,0.0,0.0,0.0,3.871,-0.0163,-0.4751
382,12.7333,52,0,0.4224,83,275,101,357,92.0,316.0,18,82,0.0,0.0,0.0,4.3902,-0.0163,-0.4751
383,12.7667,2,0,0.8048,251,242,286,360,268.5,301.0,35,118,0.0,0.0,0.0,3.0508,0.4506,-0.3665
383,12.7667,28,0,0.8064,201,269,230,357,215.5,313.0,29,88,30.0,0.0,30.0,4.0909,0.4506,-0.3665
383,12.7667,33,0,0.861,157,266,197,358,177.0,312.0,40,92,0.0,15.0,15.0,3.913,0.4506,-0.3665
383,12.7667,45,0,0.7581,111,240,158,359,134.5,299.5,47,119,0.0,-30.0,30.0,3.0252,0.4506,-0.3665
383,12.7667,50,0,0.6314,91,252,119,359,105.0,305.5,28,107,0.0,0.0,0.0,3.3645,0.4506,-0.3665
383,12.7667,53,0,0.6224,0,257,41,359,20.5,308.0,41,102,0.0,0.0,0.0,3.5294,0.4506,-0.3665
383,12.7667,59,0,0.8386,40,260,74,353,57.0,306.5,34,93,0.0,0.0,0.0,3.871,0.4506,-0.3665
383,12.7667,52,0,0.4028,83,275,101,357,92.0,316.0,18,82,0.0,0.0,0.0,4.3902,0.4506,-0.3665
384,12.8,2,0,0.8194,252,241,287,360,269.5,300.5,35,119,30.0,-15.0,33.541,3.0252,0.5386,-0.5021
384,12.8,28,0,0.8107,201,269,230,357,215.5,313.0,29,88,0.0,0.0,0.0,4.0909,0.5386,-0.5021
384,12.8,33,0,0.8594,158,266,197,358,177.5,312.0,39,92,15.0,0.0,15.0,3.913,0.5386,-0.5021
384,12.8,45,0,0.7758,111,240,158,359,134.5,299.5,47,119,0.0,0.0,0.0,3.0252,0.5386,-0.5021
384,12.8,50,0,0.6522,90,252,119,358,104.5,305.0,29,106,-15.0,-15.0,21.2132,3.3962,0.5386,-0.5021
384,12.8,53,0,0.5599,0,257,40,358,20.0,307.5,40,101,-15.0,-15.0,21.2132,3.5644,0.5386,-0.5021
384,12.8,59,0,0.8308,39,260,74,353,56.5,306.5,35,93,-15.0,0.0,15.0,3.871,0.5386,-0.5021
384,12.8,52,0,0.4082,84,272,102,357,93.0,314.5,18,85,30.0,-45.0,54.0833,4.2353,0.5386,-0.5021
385,12.8333,2,0,0.8252,252,240,287,359,269.5,299.5,35,119,0.0,-30.0,30.0,3.0252,0.3939,-0.5988
385,12.8333,28,0,0.8088,202,270,231,357,216.5,313.5,29,87,30.0,15.0,33.541,4.1379,0.3939,-0.5988
385,12.8333,33,0,0.8559,158,266,198,358,178.0,312.0,40,92,15.0,0.0,15.0,3.913,0.3939,-0.5988
385,12.8333,45,0,0.7677,112,239,158,359,135.0,299.0,46,120,15.0,-15.0,21.2132,3.0,0.3939,-0.5988
385,12.8333,50,0,0.6614,90,252,119,358,104.5,305.0,29,106,0.0,0.0,0.0,3.3962,0.3939,-0.5988
385,12.8333,53,0,0.5173,0,257,37,359,18.5,308.0,37,102,-45.0,15.0,47.4342,3.5294,0.3939,-0.5988
385,12.8333,59,0,0.8241,39,260,73,353,56.0,306.5,34,93,-15.0,0.0,15.0,3.871,0.3939,-0.5988
385,12.8333,52,0,0.3741,84,268,102,357,93.0,312.5,18,89,0.0,-60.0,60.0,4.0449,0.3939,-0.5988
386,12.8667,2,0,0.8414,253,239,287,359,270.0,299.0,34,120,15.0,-15.0,21.2132,3.0,0.449,-0.3162
386,12.8667,28,0,0.8019,202,270,231,357,216.5,313.5,29,87,0.0,0.0,0.0,4.1379,0.449,-0.3162
386,12.8667,33,0,0.8509,158,266,199,358,178.5,312.0,41,92,15.0,0.0,15.0,3.913,0.449,-0.3162
386,12.8667,45,0,0.7778,112,239,159,359,135.5,299.0,47,120,15.0,0.0,15.0,3.0,0.449,-0.3162
386,12.8667,50,0,0.6668,90,252,119,358,104.5,305.0,29,106,0.0,0.0,0.0,3.3962,0.449,-0.3162
386,12.8667,53,0,0.7498,0,257,36,359,18.0,308.0,36,102,-15.0,0.0,15.0,3.5294,0.449,-0.3162
386,12.8667,59,0,0.8255,39,260,73,353,56.0,306.5,34,93,0.0,0.0,0.0,3.871,0.449,-0.3162
386,12.8667,52,0,0.3731,84,267,103,357,93.5,312.0,19,90,15.0,-15.0,21.2132,4.0,0.449,-0.3162
387,12.9,2,0,0.8396,253,238,288,359,270.5,298.5,35,121,15.0,-15.0,21.2132,2.9752,0.022,-0.6408
387,12.9,28,0,0.8123,202,269,231,357,216.5,313.0,29,88,0.0,-15.0,15.0,4.0909,0.022,-0.6408
387,12.9,33,0,0.8497,158,265,199,358,178.5,311.5,41,93,0.0,-15.0,15.0,3.871,0.022,-0.6408
387,12.9,45,0,0.7786,112,239,159,359,135.5,299.0,47,120,0.0,0.0,0.0,3.0,0.022,-0.6408
387,12.9,50,0,0.6738,89,251,119,358,104.0,304.5,30,107,-15.0,-15.0,21.2132,3.3645,0.022,-0.6408
387,12.9,53,0,0.7884,0,257,35,359,17.5,308.0,35,102,-15.0,0.0,15.0,3.5294,0.022,-0.6408
387,12.9,59,0,0.8294,38,260,73,354,55.5,307.0,35,94,-15.0,15.0,21.2132,3.8298,0.022,-0.6408
387,12.9,52,0,0.3686,84,262,103,358,93.5,310.0,19,96,0.0,-60.0,60.0,3.75,0.022,-0.6408
388,12.9333,2,0,0.8379,254,238,288,359,271.0,298.5,34,121,15.0,0.0,15.0,2.9752,0.8129,-0.8369
388,12.9333,28,0,0.8128,202,269,232,357,217.0,313.0,30,88,15.0,0.0,15.0,4.0909,0.8129,-0.8369
388,12.9333,33,0,0.8616,158,265,200,358,179.0,311.5,42,93,15.0,0.0,15.0,3.871,0.8129,-0.8369
388,12.9333,45,0,0.7744,112,238,159,359,135.5,298.5,47,121,0.0,-15.0,15.0,2.9752,0.8129,-0.8369
388,12.9333,50,0,0.6606,89,251,119,358,104.0,304.5,30,107,0.0,0.0,0.0,3.3645,0.8129,-0.8369
388,12.9333,53,0,0.8046,0,257,35,359,17.5,308.0,35,102,0.0,0.0,0.0,3.5294,0.8129,-0.8369
388,12.9333,59,0,0.8114,38,260,73,354,55.5,307.0,35,94,0.0,0.0,0.0,3.8298,0.8129,-0.8369
388,12.9333,52,0,0.3323,84,257,104,358,94.0,307.5,20,101,15.0,-75.0,76.4853,3.5644,0.8129,-0.8369
389,12.9667,2,0,0.8206,254,239,289,359,271.5,299.0,35,120,15.0,15.0,21.2132,3.0,0.5082,-0.9085
389,12.9667,28,0,0.8239,202,268,232,358,217.0,313.0,30,90,0.0,0.0,0.0,4.0,0.5082,-0.9085
389,12.9667,33,0,0.8475,158,265,200,358,179.0,311.5,42,93,0.0,0.0,0.0,3.871,0.5082,-0.9085
389,12.9667,45,0,0.7708,111,237,159,359,135.0,298.0,48,122,-15.0,-15.0,21.2132,2.9508,0.5082,-0.9085
389,12.9667,50,0,0.6604,89,251,119,359,104.0,305.0,30,108,0.0,15.0,15.0,3.3333,0.5082,-0.9085
389,12.9667,53,0,0.821,0,256,36,359,18.0,307.5,36,103,15.0,-15.0,21.2132,3.4951,0.5082,-0.9085
389,12.9667,59,0,0.8094,38,260,73,354,55.5,307.0,35,94,0.0,0.0,0.0,3.8298,0.5082,-0.9085
389,12.9667,52,0,0.3345,83,257,104,358,93.5,307.5,21,101,-15.0,0.0,15.0,3.5644,0.5082,-0.9085
389,12.9667,62,0,0.3605,81,272,101,356,91.0,314.0,20,84,0.0,0.0,0.0,4.2857,0.5082,-0.9085
390,13.0,2,0,0.838,255,239,290,360,272.5,299.5,35,121,30.0,15.0,33.541,2.9752,0.432,-0.757
390,13.0,28,0,0.8464,203,269,233,359,218.0,314.0,30,90,30.0,30.0,42.4264,4.0,0.432,-0.757
390,13.0,33,0,0.8455,158,265,201,358,179.5,311.5,43,93,15.0,0.0,15.0,3.871,0.432,-0.757
390,13.0,45,0,0.7723,111,237,159,360,135.0,298.5,48,123,0.0,15.0,15.0,2.9268,0.432,-0.757
390,13.0,50,0,0.6794,89,251,119,359,104.0,305.0,30,108,0.0,0.0,0.0,3.3333,0.432,-0.757
390,13.0,53,0,0.8105,0,256,35,358,17.5,307.0,35,102,-15.0,-15.0,21.2132,3.5294,0.432,-0.757
390,13.0,59,0,0.8084,37,260,73,355,55.0,307.5,36,95,-15.0,15.0,21.2132,3.7895,0.432,-0.757
390,13.0,52,0,0.3186,83,257,104,358,93.5,307.5,21,101,0.0,0.0,0.0,3.5644,0.432,-0.757
390,13.0,62,0,0.3399,80,272,101,357,90.5,314.5,21,85,-15.0,15.0,21.2132,4.2353,0.432,-0.757
391,13.0333,2,0,0.8369,255,240,291,360,273.0,300.0,36,120,15.0,15.0,21.2132,3.0,0.2614,-0.5996
391,13.0333,28,0,0.8466,203,269,233,359,218.0,314.0,30,90,0.0,0.0,0.0,4.0,0.2614,-0.5996
391,13.0333,33,0,0.8468,158,265,201,358,179.5,311.5,43,93,0.0,0.0,0.0,3.871,0.2614,-0.5996
391,13.0333,45,0,0.7838,111,237,159,360,135.0,298.5,48,123,0.0,0.0,0.0,2.9268,0.2614,-0.5996
391,13.0333,50,0,0.6822,89,251,119,359,104.0,305.0,30,108,0.0,0.0,0.0,3.3333,0.2614,-0.5996
391,13.0333,53,0,0.8019,0,256,34,358,17.0,307.0,34,102,-15.0,0.0,15.0,3.5294,0.2614,-0.5996
391,13.0333,59,0,0.8179,37,260,73,355,55.0,307.5,36,95,0.0,0.0,0.0,3.7895,0.2614,-0.5996
391,13.0333,62,0,0.3619,80,272,101,357,90.5,314.5,21,85,0.0,0.0,0.0,4.2353,0.2614,-0.5996
392,13.0667,2,0,0.8464,256,241,292,360,274.0,300.5,36,119,30.0,15.0,33.541,3.0252,0.2025,-0.3648
392,13.0667,28,0,0.8432,203,268,233,359,218.0,313.5,30,91,0.0,-15.0,15.0,3.956,0.2025,-0.3648
392,13.0667,33,0,0.8376,159,265,201,358,180.0,311.5,42,93,15.0,0.0,15.0,3.871,0.2025,-0.3648
392,13.0667,45,0,0.7932,110,238,160,360,135.0,299.0,50,122,0.0,15.0,15.0,2.9508,0.2025,-0.3648
392,13.0667,50,0,0.669,89,251,119,359,104.0,305.0,30,108,0.0,0.0,0.0,3.3333,0.2025,-0.3648
392,13.0667,53,0,0.7,0,256,33,358,16.5,307.0,33,102,-15.0,0.0,15.0,3.5294,0.2025,-0.3648
392,13.0667,59,0,0.8171,37,260,72,356,54.5,308.0,35,96,-15.0,15.0,21.2132,3.75,0.2025,-0.3648
392,13.0667,62,0,0.467,80,273,100,357,90.0,315.0,20,84,-15.0,15.0,21.2132,4.2857,0.2025,-0.3648
392,13.0667,52,0,0.3129,83,263,106,358,94.5,310.5,23,95,15.0,45.0,47.4342,3.7895,0.2025,-0.3648
393,13.1,2,0,0.8455,257,240,293,360,275.0,300.0,36,120,30.0,-15.0,33.541,3.0,0.4397,-0.6196
393,13.1,28,0,0.8399,204,269,234,359,219.0,314.0,30,90,30.0,15.0,33.541,4.0,0.4397,-0.6196
393,13.1,33,0,0.8318,159,265,200,359,179.5,312.0,41,94,-15.0,15.0,21.2132,3.8298,0.4397,-0.6196
393,13.1,45,0,0.7976,109,238,160,360,134.5,299.0,51,122,-15.0,0.0,15.0,2.9508,0.4397,-0.6196
393,13.1,50,0,0.6636,88,251,119,360,103.5,305.5,31,109,-15.0,15.0,21.2132,3.3028,0.4397,-0.6196
393,13.1,53,0,0.65,0,256,34,359,17.0,307.5,34,103,15.0,15.0,21.2132,3.4951,0.4397,-0.6196
393,13.1,59,0,0.8256,36,260,72,356,54.0,308.0,36,96,-15.0,0.0,15.0,3.75,0.4397,-0.6196
393,13.1,62,0,0.4376,80,275,100,358,90.0,316.5,20,83,0.0,45.0,45.0,4.3373,0.4397,-0.6196
393,13.1,52,0,0.3127,83,263,106,358,94.5,310.5,23,95,0.0,0.0,0.0,3.7895,0.4397,-0.6196
394,13.1333,2,0,0.8435,257,240,294,359,275.5,299.5,37,119,15.0,-15.0,21.2132,3.0252,0.3203,-0.5245
394,13.1333,28,0,0.8313,204,269,234,360,219.0,314.5,30,91,0.0,15.0,15.0,3.956,0.3203,-0.5245
394,13.1333,33,0,0.8284,159,266,200,359,179.5,312.5,41,93,0.0,15.0,15.0,3.871,0.3203,-0.5245
394,13.1333,45,0,0.8011,108,238,160,360,134.0,299.0,52,122,-15.0,0.0,15.0,2.9508,0.3203,-0.5245
394,13.1333,50,0,0.6787,89,251,119,360,104.0,305.5,30,109,15.0,0.0,15.0,3.3028,0.3203,-0.5245
394,13.1333,53,0,0.5741,0,256,34,359,17.0,307.5,34,103,0.0,0.0,0.0,3.4951,0.3203,-0.5245
394,13.1333,59,0,0.8215,36,260,72,357,54.0,308.5,36,97,0.0,15.0,15.0,3.7113,0.3203,-0.5245
394,13.1333,62,0,0.4355,80,275,100,359,90.0,317.0,20,84,0.0,15.0,15.0,4.2857,0.3203,-0.5245
395,13.1667,2,0,0.8372,258,240,295,359,276.5,299.5,37,119,30.0,0.0,30.0,3.0252,0.4525,-0.7142
395,13.1667,28,0,0.8263,205,270,234,360,219.5,315.0,29,90,15.0,15.0,21.2132,4.0,0.4525,-0.7142
395,13.1667,33,0,0.8348,159,266,200,360,179.5,313.0,41,94,0.0,15.0,15.0,3.8298,0.4525,-0.7142
395,13.1667,45,0,0.8024,108,237,160,360,134.0,298.5,52,123,0.0,-15.0,15.0,2.9268,0.4525,-0.7142
395,13.1667,50,0,0.6863,89,251,119,360,104.0,305.5,30,109,0.0,0.0,0.0,3.3028,0.4525,-0.7142
395,13.1667,53,0,0.4915,0,256,33,359,16.5,307.5,33,103,-15.0,0.0,15.0,3.4951,0.4525,-0.7142
395,13.1667,59,0,0.8274,35,259,72,357,53.5,308.0,37,98,-15.0,-15.0,21.2132,3.6735,0.4525,-0.7142
395,13.1667,62,0,0.4465,80,276,100,360,90.0,318.0,20,84,0.0,30.0,30.0,4.2857,0.4525,-0.7142
396,13.2,2,0,0.8298,259,239,296,359,277.5,299.0,37,120,30.0,-15.0,33.541,3.0,0.4281,-0.6275
396,13.2,28,0,0.8052,205,270,235,360,220.0,315.0,30,90,15.0,0.0,15.0,4.0,0.4281,-0.6275
396,13.2,33,0,0.8405,159,266,199,360,179.0,313.0,40,94,-15.0,0.0,15.0,3.8298,0.4281,-0.6275
396,13.2,45,0,0.7936,108,237,161,360,134.5,298.5,53,123,15.0,0.0,15.0,2.9268,0.4281,-0.6275
396,13.2,50,0,0.6851,89,250,119,360,104.0,305.0,30,110,0.0,-15.0,15.0,3.2727,0.4281,-0.6275
396,13.2,53,0,0.5519,0,256,33,359,16.5,307.5,33,103,0.0,0.0,0.0,3.4951,0.4281,-0.6275
396,13.2,59,0,0.826,35,259,72,358,53.5,308.5,37,99,0.0,15.0,15.0,3.6364,0.4281,-0.6275
396,13.2,62,0,0.4138,79,275,100,360,89.5,317.5,21,85,-15.0,-15.0,21.2132,4.2353,0.4281,-0.6275
396,13.2,52,0,0.3356,82,260,107,359,94.5,309.5,25,99,0.0,-10.0,10.0,3.6364,0.4281,-0.6275
397,13.2333,2,0,0.8319,260,238,297,359,278.5,298.5,37,121,30.0,-15.0,33.541,2.9752,0.6663,-0.4909
397,13.2333,28,0,0.7957,206,271,235,360,220.5,315.5,29,89,15.0,15.0,21.2132,4.0449,0.6663,-0.4909
397,13.2333,33,0,0.8346,160,266,200,360,180.0,313.0,40,94,30.0,0.0,30.0,3.8298,0.6663,-0.4909
397,13.2333,45,0,0.796,108,237,161,360,134.5,298.5,53,123,0.0,0.0,0.0,2.9268,0.6663,-0.4909
397,13.2333,50,0,0.6769,89,251,119,360,104.0,305.5,30,109,0.0,15.0,15.0,3.3028,0.6663,-0.4909
397,13.2333,53,0,0.6495,0,256,33,359,16.5,307.5,33,103,0.0,0.0,0.0,3.4951,0.6663,-0.4909
397,13.2333,59,0,0.8228,34,259,72,358,53.0,308.5,38,99,-15.0,0.0,15.0,3.6364,0.6663,-0.4909
397,13.2333,62,0,0.4251,80,269,101,360,90.5,314.5,21,91,30.0,-90.0,94.8683,3.956,0.6663,-0.4909
398,13.2667,2,0,0.8357,260,238,297,359,278.5,298.5,37,121,0.0,0.0,0.0,2.9752,0.247,-0.6764
398,13.2667,28,0,0.7907,206,272,235,360,220.5,316.0,29,88,0.0,15.0,15.0,4.0909,0.247,-0.6764
398,13.2667,33,0,0.8316,160,266,200,360,180.0,313.0,40,94,0.0,0.0,0.0,3.8298,0.247,-0.6764
398,13.2667,45,0,0.7928,108,237,161,360,134.5,298.5,53,123,0.0,0.0,0.0,2.9268,0.247,-0.6764
398,13.2667,50,0,0.6667,89,251,119,360,104.0,305.5,30,109,0.0,0.0,0.0,3.3028,0.247,-0.6764
398,13.2667,53,0,0.6989,0,256,33,359,16.5,307.5,33,103,0.0,0.0,0.0,3.4951,0.247,-0.6764
398,13.2667,59,0,0.8222,34,260,72,359,53.0,309.5,38,99,0.0,30.0,30.0,3.6364,0.247,-0.6764
398,13.2667,62,0,0.4542,80,272,100,360,90.0,316.0,20,88,-15.0,45.0,47.4342,4.0909,0.247,-0.6764
399,13.3,2,0,0.8354,261,237,298,359,279.5,298.0,37,122,30.0,-15.0,33.541,2.9508,0.2647,-0.7443
399,13.3,28,0,0.7951,206,271,235,360,220.5,315.5,29,89,0.0,-15.0,15.0,4.0449,0.2647,-0.7443
399,13.3,33,0,0.8391,160,266,201,360,180.5,313.0,41,94,15.0,0.0,15.0,3.8298,0.2647,-0.7443
399,13.3,45,0,0.7938,109,237,162,359,135.5,298.0,53,122,30.0,-15.0,33.541,2.9508,0.2647,-0.7443
399,13.3,50,0,0.664,89,250,119,359,104.0,304.5,30,109,0.0,-30.0,30.0,3.3028,0.2647,-0.7443
399,13.3,53,0,0.6404,0,256,33,359,16.5,307.5,33,103,0.0,0.0,0.0,3.4951,0.2647,-0.7443
399,13.3,59,0,0.8296,34,259,72,359,53.0,309.0,38,100,0.0,-15.0,15.0,3.6,0.2647,-0.7443
399,13.3,62,0,0.4072,79,273,100,360,89.5,316.5,21,87,-15.0,15.0,21.2132,4.1379,0.2647,-0.7443
399,13.3,52,0,0.3301,81,262,107,359,94.0,310.5,26,97,-5.0,10.0,11.1803,3.7113,0.2647,-0.7443
400,13.3333,2,0,0.8081,261,237,298,359,279.5,298.0,37,122,0.0,0.0,0.0,2.9508,0.6498,-0.9756
400,13.3333,28,0,0.7946,206,271,236,360,221.0,315.5,30,89,15.0,0.0,15.0,4.0449,0.6498,-0.9756
400,13.3333,33,0,0.8499,160,265,201,360,180.5,312.5,41,95,0.0,-15.0,15.0,3.7895,0.6498,-0.9756
400,13.3333,45,0,0.7919,109,236,162,359,135.5,297.5,53,123,0.0,-15.0,15.0,2.9268,0.6498,-0.9756
400,13.3333,50,0,0.6647,87,251,119,359,103.0,305.0,32,108,-30.0,15.0,33.541,3.3333,0.6498,-0.9756
400,13.3333,53,0,0.6611,0,256,34,359,17.0,307.5,34,103,15.0,0.0,15.0,3.4951,0.6498,-0.9756
400,13.3333,59,0,0.8341,34,259,72,359,53.0,309.0,38,100,0.0,0.0,0.0,3.6,0.6498,-0.9756
400,13.3333,62,0,0.4875,79,272,100,360,89.5,316.0,21,88,0.0,-15.0,15.0,4.0909,0.6498,-0.9756
400,13.3333,52,0,0.3944,81,267,107,359,94.0,313.0,26,92,0.0,75.0,75.0,3.913,0.6498,-0.9756
401,13.3667,2,0,0.7929,262,237,303,359,282.5,298.0,41,122,90.0,0.0,90.0,2.9508,0.4694,-1.112
401,13.3667,28,0,0.7959,207,270,237,359,222.0,314.5,30,89,30.0,-30.0,42.4264,4.0449,0.4694,-1.112
401,13.3667,33,0,0.8465,160,264,201,359,180.5,311.5,41,95,0.0,-30.0,30.0,3.7895,0.4694,-1.112
401,13.3667,45,0,0.8013,109,235,162,359,135.5,297.0,53,124,0.0,-15.0,15.0,2.9032,0.4694,-1.112
401,13.3667,50,0,0.6735,86,250,118,359,102.0,304.5,32,109,-30.0,-15.0,33.541,3.3028,0.4694,-1.112
401,13.3667,53,0,0.7744,0,256,33,359,16.5,307.5,33,103,-15.0,0.0,15.0,3.4951,0.4694,-1.112
401,13.3667,59,0,0.8373,34,259,72,359,53.0,309.0,38,100,0.0,0.0,0.0,3.6,0.4694,-1.112
401,13.3667,62,0,0.4036,78,269,100,360,89.0,314.5,22,91,-15.0,-45.0,47.4342,3.956,0.4694,-1.112
401,13.3667,52,0,0.3383,80,258,107,359,93.5,308.5,27,101,-15.0,-135.0,135.8308,3.5644,0.4694,-1.112
402,13.4,2,0,0.8158,263,236,305,359,284.0,297.5,42,123,45.0,-15.0,47.4342,2.9268,0.5809,-1.1682
402,13.4,28,0,0.8142,207,269,237,359,222.0,314.0,30,90,0.0,-15.0,15.0,4.0,0.5809,-1.1682
402,13.4,33,0,0.8448,160,264,202,359,181.0,311.5,42,95,15.0,0.0,15.0,3.7895,0.5809,-1.1682
402,13.4,45,0,0.8079,110,235,163,359,136.5,297.0,53,124,30.0,0.0,30.0,2.9032,0.5809,-1.1682
402,13.4,50,0,0.6333,86,250,119,359,102.5,304.5,33,109,15.0,0.0,15.0,3.3028,0.5809,-1.1682
402,13.4,53,0,0.7708,0,255,33,359,16.5,307.0,33,104,0.0,-15.0,15.0,3.4615,0.5809,-1.1682
402,13.4,59,0,0.8432,34,259,72,359,53.0,309.0,38,100,0.0,0.0,0.0,3.6,0.5809,-1.1682
402,13.4,62,0,0.4741,78,268,100,359,89.0,313.5,22,91,0.0,-30.0,30.0,3.956,0.5809,-1.1682
402,13.4,52,0,0.4093,80,262,108,359,94.0,310.5,28,97,15.0,60.0,61.8466,3.7113,0.5809,-1.1682
403,13.4333,2,0,0.8102,263,236,305,359,284.0,297.5,42,123,0.0,0.0,0.0,2.9268,0.4766,-1.2757
403,13.4333,28,0,0.8264,207,267,238,359,222.5,313.0,31,92,15.0,-30.0,33.541,3.913,0.4766,-1.2757
403,13.4333,33,0,0.8532,161,263,202,359,181.5,311.0,41,96,15.0,-15.0,21.2132,3.75,0.4766,-1.2757
403,13.4333,45,0,0.8011,110,235,163,359,136.5,297.0,53,124,0.0,0.0,0.0,2.9032,0.4766,-1.2757
403,13.4333,50,0,0.6374,86,250,119,359,102.5,304.5,33,109,0.0,0.0,0.0,3.3028,0.4766,-1.2757
403,13.4333,53,0,0.7823,0,255,31,359,15.5,307.0,31,104,-30.0,0.0,30.0,3.4615,0.4766,-1.2757
403,13.4333,59,0,0.8435,34,258,72,359,53.0,308.5,38,101,0.0,-15.0,15.0,3.5644,0.4766,-1.2757
403,13.4333,62,0,0.4336,78,268,100,359,89.0,313.5,22,91,0.0,0.0,0.0,3.956,0.4766,-1.2757
403,13.4333,52,0,0.3876,80,257,107,359,93.5,308.0,27,102,-15.0,-75.0,76.4853,3.5294,0.4766,-1.2757
404,13.4667,2,0,0.7925,264,236,305,359,284.5,297.5,41,123,15.0,0.0,15.0,2.9268,0.4553,-0.9112
404,13.4667,28,0,0.8398,208,264,238,359,223.0,311.5,30,95,15.0,-45.0,47.4342,3.7895,0.4553,-0.9112
404,13.4667,33,0,0.8471,161,263,203,359,182.0,311.0,42,96,15.0,0.0,15.0,3.75,0.4553,-0.9112
404,13.4667,45,0,0.8177,111,234,164,359,137.5,296.5,53,125,30.0,-15.0,33.541,2.88,0.4553,-0.9112
404,13.4667,50,0,0.6502,85,250,119,359,102.0,304.5,34,109,-15.0,0.0,15.0,3.3028,0.4553,-0.9112
404,13.4667,53,0,0.7777,0,254,30,359,15.0,306.5,30,105,-15.0,-15.0,21.2132,3.4286,0.4553,-0.9112
404,13.4667,59,0,0.8421,34,258,72,359,53.0,308.5,38,101,0.0,0.0,0.0,3.5644,0.4553,-0.9112
404,13.4667,62,0,0.4282,78,268,100,360,89.0,314.0,22,92,0.0,15.0,15.0,3.913,0.4553,-0.9112
404,13.4667,52,0,0.365,80,254,107,359,93.5,306.5,27,105,0.0,-45.0,45.0,3.4286,0.4553,-0.9112
405,13.5,2,0,0.8067,264,237,306,359,285.0,298.0,42,122,15.0,15.0,21.2132,2.9508,0.5952,-1.3503
405,13.5,28,0,0.8299,208,266,238,360,223.0,313.0,30,94,0.0,45.0,45.0,3.8298,0.5952,-1.3503
405,13.5,33,0,0.8573,161,263,203,360,182.0,311.5,42,97,0.0,15.0,15.0,3.7113,0.5952,-1.3503
405,13.5,45,0,0.8079,111,233,165,359,138.0,296.0,54,126,15.0,-15.0,21.2132,2.8571,0.5952,-1.3503
405,13.5,50,0,0.6289,85,250,119,359,102.0,304.5,34,109,0.0,0.0,0.0,3.3028,0.5952,-1.3503
405,13.5,53,0,0.7899,0,254,29,359,14.5,306.5,29,105,-15.0,0.0,15.0,3.4286,0.5952,-1.3503
405,13.5,59,0,0.8374,34,258,72,359,53.0,308.5,38,101,0.0,0.0,0.0,3.5644,0.5952,-1.3503
405,13.5,62,0,0.4129,78,268,100,360,89.0,314.0,22,92,0.0,0.0,0.0,3.913,0.5952,-1.3503
405,13.5,52,0,0.3666,79,254,106,359,92.5,306.5,27,105,-30.0,0.0,30.0,3.4286,0.5952,-1.3503
406,13.5333,2,0,0.7991,265,236,306,359,285.5,297.5,41,123,15.0,-15.0,21.2132,2.9268,0.5757,-0.9797
406,13.5333,28,0,0.829,208,266,239,360,223.5,313.0,31,94,15.0,0.0,15.0,3.8298,0.5757,-0.9797
406,13.5333,33,0,0.8619,161,263,204,360,182.5,311.5,43,97,15.0,0.0,15.0,3.7113,0.5757,-0.9797
406,13.5333,45,0,0.8122,110,233,165,360,137.5,296.5,55,127,-15.0,15.0,21.2132,2.8346,0.5757,-0.9797
406,13.5333,50,0,0.6287,84,250,119,359,101.5,304.5,35,109,-15.0,0.0,15.0,3.3028,0.5757,-0.9797
406,13.5333,53,0,0.7703,0,254,29,360,14.5,307.0,29,106,0.0,15.0,15.0,3.3962,0.5757,-0.9797
406,13.5333,59,0,0.834,34,258,72,359,53.0,308.5,38,101,0.0,0.0,0.0,3.5644,0.5757,-0.9797
406,13.5333,62,0,0.3814,78,267,101,360,89.5,313.5,23,93,15.0,-15.0,21.2132,3.871,0.5757,-0.9797
406,13.5333,52,0,0.3236,79,252,108,360,93.5,306.0,29,108,30.0,-15.0,33.541,3.3333,0.5757,-0.9797
407,13.5667,2,0,0.8099,265,236,306,358,285.5,297.0,41,122,0.0,-15.0,15.0,2.9508,0.5088,-0.9438
407,13.5667,28,0,0.8311,209,265,239,360,224.0,312.5,30,95,15.0,-15.0,21.2132,3.7895,0.5088,-0.9438
407,13.5667,33,0,0.8629,161,263,204,360,182.5,311.5,43,97,0.0,0.0,0.0,3.7113,0.5088,-0.9438
407,13.5667,45,0,0.8244,110,233,166,360,138.0,296.5,56,127,15.0,0.0,15.0,2.8346,0.5088,-0.9438
407,13.5667,50,0,0.6378,84,250,119,359,101.5,304.5,35,109,0.0,0.0,0.0,3.3028,0.5088,-0.9438
407,13.5667,53,0,0.7577,0,253,28,360,14.0,306.5,28,107,-15.0,-15.0,21.2132,3.3645,0.5088,-0.9438
407,13.5667,59,0,0.8336,33,258,72,360,52.5,309.0,39,102,-15.0,15.0,21.2132,3.5294,0.5088,-0.9438
407,13.5667,62,0,0.3933,78,268,101,360,89.5,314.0,23,92,0.0,15.0,15.0,3.913,0.5088,-0.9438
407,13.5667,52,0,0.3097,79,252,109,360,94.0,306.0,30,108,15.0,0.0,15.0,3.3333,0.5088,-0.9438
408,13.6,2,0,0.8165,266,236,307,358,286.5,297.0,41,122,30.0,0.0,30.0,2.9508,0.501,-0.4949
408,13.6,28,0,0.8327,209,264,240,360,224.5,312.0,31,96,15.0,-15.0,21.2132,3.75,0.501,-0.4949
408,13.6,33,0,0.8503,162,263,205,360,183.5,311.5,43,97,30.0,0.0,30.0,3.7113,0.501,-0.4949
408,13.6,45,0,0.8545,110,233,167,360,138.5,296.5,57,127,15.0,0.0,15.0,2.8346,0.501,-0.4949
408,13.6,50,0,0.6539,84,250,119,359,101.5,304.5,35,109,0.0,0.0,0.0,3.3028,0.501,-0.4949
408,13.6,53,0,0.7437,0,253,30,359,15.0,306.0,30,106,30.0,-15.0,33.541,3.3962,0.501,-0.4949
408,13.6,59,0,0.834,33,258,72,360,52.5,309.0,39,102,0.0,0.0,0.0,3.5294,0.501,-0.4949
408,13.6,62,0,0.4439,78,269,101,360,89.5,314.5,23,91,0.0,15.0,15.0,3.956,0.501,-0.4949
408,13.6,52,0,0.3892,79,254,108,360,93.5,307.0,29,106,-15.0,30.0,33.541,3.3962,0.501,-0.4949
409,13.6333,2,0,0.8292,266,235,308,358,287.0,296.5,42,123,15.0,-15.0,21.2132,2.9268,0.5452,-0.7001
409,13.6333,28,0,0.8341,209,266,240,360,224.5,313.0,31,94,0.0,30.0,30.0,3.8298,0.5452,-0.7001
409,13.6333,33,0,0.8444,163,263,206,360,184.5,311.5,43,97,30.0,0.0,30.0,3.7113,0.5452,-0.7001
409,13.6333,45,0,0.8706,110,233,167,360,138.5,296.5,57,127,0.0,0.0,0.0,2.8346,0.5452,-0.7001
409,13.6333,50,0,0.6581,85,250,119,359,102.0,304.5,34,109,15.0,0.0,15.0,3.3028,0.5452,-0.7001
409,13.6333,53,0,0.6967,0,253,28,359,14.0,306.0,28,106,-30.0,0.0,30.0,3.3962,0.5452,-0.7001
409,13.6333,59,0,0.8244,33,258,71,360,52.0,309.0,38,102,-15.0,0.0,15.0,3.5294,0.5452,-0.7001
409,13.6333,62,0,0.4728,78,269,101,360,89.5,314.5,23,91,0.0,0.0,0.0,3.956,0.5452,-0.7001
409,13.6333,52,0,0.3858,79,252,109,360,94.0,306.0,30,108,15.0,-30.0,33.541,3.3333,0.5452,-0.7001
410,13.6667,2,0,0.8172,267,235,309,358,288.0,296.5,42,123,30.0,0.0,30.0,2.9268,0.2679,-0.942
410,13.6667,28,0,0.8396,209,267,241,360,225.0,313.5,32,93,15.0,15.0,21.2132,3.871,0.2679,-0.942
410,13.6667,33,0,0.8491,163,264,206,360,184.5,312.0,43,96,0.0,15.0,15.0,3.75,0.2679,-0.942
410,13.6667,45,0,0.8646,110,234,167,360,138.5,297.0,57,126,0.0,15.0,15.0,2.8571,0.2679,-0.942
410,13.6667,50,0,0.6547,86,250,119,359,102.5,304.5,33,109,15.0,0.0,15.0,3.3028,0.2679,-0.942
410,13.6667,53,0,0.6829,0,254,28,359,14.0,306.5,28,105,0.0,15.0,15.0,3.4286,0.2679,-0.942
410,13.6667,59,0,0.8007,33,258,71,360,52.0,309.0,38,102,0.0,0.0,0.0,3.5294,0.2679,-0.942
410,13.6667,62,0,0.451,78,269,100,360,89.0,314.5,22,91,-15.0,0.0,15.0,3.956,0.2679,-0.942
411,13.7,2,0,0.7973,267,235,309,359,288.0,297.0,42,124,0.0,15.0,15.0,2.9032,0.5861,-0.6186
411,13.7,28,0,0.8316,209,267,241,360,225.0,313.5,32,93,0.0,0.0,0.0,3.871,0.5861,-0.6186
411,13.7,33,0,0.853,163,264,207,360,185.0,312.0,44,96,15.0,0.0,15.0,3.75,0.5861,-0.6186
411,13.7,45,0,0.8638,111,234,167,360,139.0,297.0,56,126,15.0,0.0,15.0,2.8571,0.5861,-0.6186
411,13.7,50,0,0.6474,87,250,119,358,103.0,304.0,32,108,15.0,-15.0,21.2132,3.3333,0.5861,-0.6186
411,13.7,53,0,0.6605,0,254,27,359,13.5,306.5,27,105,-15.0,0.0,15.0,3.4286,0.5861,-0.6186
411,13.7,59,0,0.7985,33,258,71,360,52.0,309.0,38,102,0.0,0.0,0.0,3.5294,0.5861,-0.6186
411,13.7,62,0,0.4351,78,270,100,360,89.0,315.0,22,90,0.0,15.0,15.0,4.0,0.5861,-0.6186
412,13.7333,2,0,0.8208,267,234,310,359,288.5,296.5,43,125,15.0,-15.0,21.2132,2.88,0.4376,-0.8638
412,13.7333,28,0,0.8378,209,266,241,360,225.0,313.0,32,94,0.0,-15.0,15.0,3.8298,0.4376,-0.8638
412,13.7333,33,0,0.8497,164,264,208,360,186.0,312.0,44,96,30.0,0.0,30.0,3.75,0.4376,-0.8638
412,13.7333,45,0,0.8504,112,234,167,360,139.5,297.0,55,126,15.0,0.0,15.0,2.8571,0.4376,-0.8638
412,13.7333,50,0,0.6268,87,250,119,358,103.0,304.0,32,108,0.0,0.0,0.0,3.3333,0.4376,-0.8638
412,13.7333,53,0,0.6572,0,254,26,359,13.0,306.5,26,105,-15.0,0.0,15.0,3.4286,0.4376,-0.8638
412,13.7333,59,0,0.8158,32,259,71,360,51.5,309.5,39,101,-15.0,15.0,21.2132,3.5644,0.4376,-0.8638
412,13.7333,62,0,0.4641,77,274,99,360,88.0,317.0,22,86,-30.0,60.0,67.082,4.186,0.4376,-0.8638
413,13.7667,2,0,0.8191,267,234,311,358,289.0,296.0,44,124,15.0,-15.0,21.2132,2.9032,0.382,-0.9155
413,13.7667,28,0,0.8463,209,266,241,360,225.0,313.0,32,94,0.0,0.0,0.0,3.8298,0.382,-0.9155
413,13.7667,33,0,0.8594,164,264,208,360,186.0,312.0,44,96,0.0,0.0,0.0,3.75,0.382,-0.9155
413,13.7667,45,0,0.858,114,235,168,360,141.0,297.5,54,125,45.0,15.0,47.4342,2.88,0.382,-0.9155
413,13.7667,50,0,0.6221,87,250,120,359,103.5,304.5,33,109,15.0,15.0,21.2132,3.3028,0.382,-0.9155
413,13.7667,53,0,0.629,0,253,27,359,13.5,306.0,27,106,15.0,-15.0,21.2132,3.3962,0.382,-0.9155
413,13.7667,59,0,0.819,32,259,70,360,51.0,309.5,38,101,-15.0,0.0,15.0,3.5644,0.382,-0.9155
413,13.7667,62,0,0.3899,77,273,99,360,88.0,316.5,22,87,0.0,-15.0,15.0,4.1379,0.382,-0.9155
414,13.8,2,0,0.8396,267,234,311,358,289.0,296.0,44,124,0.0,0.0,0.0,2.9032,-0.0275,-0.6339
414,13.8,28,0,0.8455,210,265,241,360,225.5,312.5,31,95,15.0,-15.0,21.2132,3.7895,-0.0275,-0.6339
414,13.8,33,0,0.8515,163,264,208,360,185.5,312.0,45,96,-15.0,0.0,15.0,3.75,-0.0275,-0.6339
414,13.8,45,0,0.844,115,235,168,360,141.5,297.5,53,125,15.0,0.0,15.0,2.88,-0.0275,-0.6339
414,13.8,50,0,0.6108,87,250,121,359,104.0,304.5,34,109,15.0,0.0,15.0,3.3028,-0.0275,-0.6339
414,13.8,53,0,0.7204,0,254,24,359,12.0,306.5,24,105,-45.0,15.0,47.4342,3.4286,-0.0275,-0.6339
414,13.8,59,0,0.8188,32,259,70,360,51.0,309.5,38,101,0.0,0.0,0.0,3.5644,-0.0275,-0.6339
414,13.8,62,0,0.4193,76,278,98,360,87.0,319.0,22,82,-30.0,75.0,80.7775,4.3902,-0.0275,-0.6339
415,13.8333,2,0,0.8479,267,234,312,358,289.5,296.0,45,124,15.0,0.0,15.0,2.9032,0.4603,-0.5657
415,13.8333,28,0,0.8454,210,265,241,359,225.5,312.0,31,94,0.0,-15.0,15.0,3.8298,0.4603,-0.5657
415,13.8333,33,0,0.8488,163,264,208,359,185.5,311.5,45,95,0.0,-15.0,15.0,3.7895,0.4603,-0.5657
415,13.8333,45,0,0.8366,115,236,168,359,141.5,297.5,53,123,0.0,0.0,0.0,2.9268,0.4603,-0.5657
415,13.8333,50,0,0.6037,87,250,121,358,104.0,304.0,34,108,0.0,-15.0,15.0,3.3333,0.4603,-0.5657
415,13.8333,53,0,0.7079,0,255,23,359,11.5,307.0,23,104,-15.0,15.0,21.2132,3.4615,0.4603,-0.5657
415,13.8333,59,0,0.813,32,259,71,359,51.5,309.0,39,100,15.0,-15.0,21.2132,3.6,0.4603,-0.5657
415,13.8333,62,0,0.4114,76,279,98,359,87.0,319.0,22,80,0.0,0.0,0.0,4.5,0.4603,-0.5657
416,13.8667,2,0,0.8574,267,234,312,358,289.5,296.0,45,124,0.0,0.0,0.0,2.9032,0.1307,-0.8709
416,13.8667,28,0,0.8395,210,265,241,359,225.5,312.0,31,94,0.0,0.0,0.0,3.8298,0.1307,-0.8709
416,13.8667,33,0,0.8436,164,264,208,359,186.0,311.5,44,95,15.0,0.0,15.0,3.7895,0.1307,-0.8709
416,13.8667,45,0,0.8428,116,236,169,359,142.5,297.5,53,123,30.0,0.0,30.0,2.9268,0.1307,-0.8709
416,13.8667,50,0,0.6076,86,250,122,358,104.0,304.0,36,108,0.0,0.0,0.0,3.3333,0.1307,-0.8709
416,13.8667,53,0,0.6983,0,255,22,359,11.0,307.0,22,104,-15.0,0.0,15.0,3.4615,0.1307,-0.8709
416,13.8667,59,0,0.8246,31,259,71,359,51.0,309.0,40,100,-15.0,0.0,15.0,3.6,0.1307,-0.8709
416,13.8667,62,0,0.3895,75,278,98,359,86.5,318.5,23,81,-15.0,-15.0,21.2132,4.4444,0.1307,-0.8709
417,13.9,2,0,0.8392,268,233,314,358,291.0,295.5,46,125,45.0,-15.0,47.4342,2.88,0.5367,-1.3365
417,13.9,28,0,0.8417,210,263,242,359,226.0,311.0,32,96,15.0,-30.0,33.541,3.75,0.5367,-1.3365
417,13.9,33,0,0.8348,164,264,209,359,186.5,311.5,45,95,15.0,0.0,15.0,3.7895,0.5367,-1.3365
417,13.9,45,0,0.835,116,236,169,359,142.5,297.5,53,123,0.0,0.0,0.0,2.9268,0.5367,-1.3365
417,13.9,50,0,0.6268,87,250,122,359,104.5,304.5,35,109,15.0,15.0,21.2132,3.3028,0.5367,-1.3365
417,13.9,53,0,0.6723,0,253,21,359,10.5,306.0,21,106,-15.0,-30.0,33.541,3.3962,0.5367,-1.3365
417,13.9,59,0,0.8343,30,259,70,359,50.0,309.0,40,100,-30.0,0.0,30.0,3.6,0.5367,-1.3365
417,13.9,62,0,0.4069,75,279,97,359,86.0,319.0,22,80,-15.0,15.0,21.2132,4.5,0.5367,-1.3365
418,13.9333,2,0,0.8543,268,233,315,358,291.5,295.5,47,125,15.0,0.0,15.0,2.88,0.3279,-1.3853
418,13.9333,28,0,0.8441,210,262,242,359,226.0,310.5,32,97,0.0,-15.0,15.0,3.7113,0.3279,-1.3853
418,13.9333,33,0,0.8418,165,264,209,359,187.0,311.5,44,95,15.0,0.0,15.0,3.7895,0.3279,-1.3853
418,13.9333,45,0,0.8478,115,236,170,359,142.5,297.5,55,123,0.0,0.0,0.0,2.9268,0.3279,-1.3853
418,13.9333,50,0,0.6232,87,249,122,359,104.5,304.0,35,110,0.0,-15.0,15.0,3.2727,0.3279,-1.3853
418,13.9333,53,0,0.6163,0,252,21,359,10.5,305.5,21,107,0.0,-15.0,15.0,3.3645,0.3279,-1.3853
418,13.9333,59,0,0.8355,29,259,71,359,50.0,309.0,42,100,0.0,0.0,0.0,3.6,0.3279,-1.3853
418,13.9333,62,0,0.4127,75,273,97,359,86.0,316.0,22,86,0.0,-90.0,90.0,4.186,0.3279,-1.3853
419,13.9667,2,0,0.8463,269,233,316,358,292.5,295.5,47,125,30.0,0.0,30.0,2.88,0.5509,-1.6037
419,13.9667,28,0,0.842,210,262,242,359,226.0,310.5,32,97,0.0,0.0,0.0,3.7113,0.5509,-1.6037
419,13.9667,33,0,0.8394,165,263,209,359,187.0,311.0,44,96,0.0,-15.0,15.0,3.75,0.5509,-1.6037
419,13.9667,45,0,0.8324,114,235,170,359,142.0,297.0,56,124,-15.0,-15.0,21.2132,2.9032,0.5509,-1.6037
419,13.9667,50,0,0.624,87,249,123,359,105.0,304.0,36,110,15.0,0.0,15.0,3.2727,0.5509,-1.6037
419,13.9667,53,0,0.6622,0,252,20,359,10.0,305.5,20,107,-15.0,0.0,15.0,3.3645,0.5509,-1.6037
419,13.9667,59,0,0.8474,29,258,70,359,49.5,308.5,41,101,-15.0,-15.0,21.2132,3.5644,0.5509,-1.6037
419,13.9667,62,0,0.4425,75,269,97,359,86.0,314.0,22,90,0.0,-60.0,60.0,4.0,0.5509,-1.6037
420,14.0,2,0,0.8309,269,232,317,359,293.0,295.5,48,127,15.0,0.0,15.0,2.8346,0.1308,-1.2186
420,14.0,28,0,0.8398,211,262,243,359,227.0,310.5,32,97,30.0,0.0,30.0,3.7113,0.1308,-1.2186
420,14.0,33,0,0.8395,165,263,209,359,187.0,311.0,44,96,0.0,0.0,0.0,3.75,0.1308,-1.2186
420,14.0,45,0,0.8366,114,235,171,359,142.5,297.0,57,124,15.0,0.0,15.0,2.9032,0.1308,-1.2186
420,14.0,50,0,0.6231,87,249,123,359,105.0,304.0,36,110,0.0,0.0,0.0,3.2727,0.1308,-1.2186
420,14.0,53,0,0.6145,0,252,20,359,10.0,305.5,20,107,0.0,0.0,0.0,3.3645,0.1308,-1.2186
420,14.0,59,0,0.8504,28,258,69,359,48.5,308.5,41,101,-30.0,0.0,30.0,3.5644,0.1308,-1.2186
420,14.0,62,0,0.4417,75,267,97,359,86.0,313.0,22,92,0.0,-30.0,30.0,3.913,0.1308,-1.2186
421,14.0333,2,0,0.8192,269,232,318,359,293.5,295.5,49,127,15.0,0.0,15.0,2.8346,0.3458,-1.2276
421,14.0333,28,0,0.8394,211,261,243,359,227.0,310.0,32,98,0.0,-15.0,15.0,3.6735,0.3458,-1.2276
421,14.0333,33,0,0.8365,165,263,209,359,187.0,311.0,44,96,0.0,0.0,0.0,3.75,0.3458,-1.2276
421,14.0333,45,0,0.8522,114,234,171,359,142.5,296.5,57,125,0.0,-15.0,15.0,2.88,0.3458,-1.2276
421,14.0333,50,0,0.6429,86,248,123,359,104.5,303.5,37,111,-15.0,-15.0,21.2132,3.2432,0.3458,-1.2276
421,14.0333,53,0,0.6097,0,251,20,359,10.0,305.0,20,108,0.0,-15.0,15.0,3.3333,0.3458,-1.2276
421,14.0333,59,0,0.8606,27,258,69,359,48.0,308.5,42,101,-15.0,0.0,15.0,3.5644,0.3458,-1.2276
421,14.0333,62,0,0.4491,74,262,97,359,85.5,310.5,23,97,-15.0,-75.0,76.4853,3.7113,0.3458,-1.2276
422,14.0667,2,0,0.7997,270,231,319,359,294.5,295.0,49,128,30.0,-15.0,33.541,2.8125,0.2033,-1.0405
422,14.0667,28,0,0.8282,211,262,243,359,227.0,310.5,32,97,0.0,15.0,15.0,3.7113,0.2033,-1.0405
422,14.0667,33,0,0.8446,165,263,209,359,187.0,311.0,44,96,0.0,0.0,0.0,3.75,0.2033,-1.0405
422,14.0667,45,0,0.8549,115,233,171,359,143.0,296.0,56,126,15.0,-15.0,21.2132,2.8571,0.2033,-1.0405
422,14.0667,50,0,0.6282,86,247,123,359,104.5,303.0,37,112,0.0,-15.0,15.0,3.2143,0.2033,-1.0405
422,14.0667,53,0,0.4861,0,250,17,359,8.5,304.5,17,109,-45.0,-15.0,47.4342,3.3028,0.2033,-1.0405
422,14.0667,59,0,0.8524,27,258,69,359,48.0,308.5,42,101,0.0,0.0,0.0,3.5644,0.2033,-1.0405
422,14.0667,62,0,0.4539,74,261,96,359,85.0,310.0,22,98,-15.0,-15.0,21.2132,3.6735,0.2033,-1.0405
423,14.1,2,0,0.8189,270,231,320,358,295.0,294.5,50,127,15.0,-15.0,21.2132,2.8346,0.2176,-1.3349
423,14.1,28,0,0.8316,211,262,243,360,227.0,311.0,32,98,0.0,15.0,15.0,3.6735,0.2176,-1.3349
423,14.1,33,0,0.8451,165,263,209,360,187.0,311.5,44,97,0.0,15.0,15.0,3.7113,0.2176,-1.3349
423,14.1,45,0,0.8428,115,233,172,359,143.5,296.0,57,126,15.0,0.0,15.0,2.8571,0.2176,-1.3349
423,14.1,50,0,0.6426,85,247,123,359,104.0,303.0,38,112,-15.0,0.0,15.0,3.2143,0.2176,-1.3349
423,14.1,53,0,0.6355,0,250,17,360,8.5,305.0,17,110,0.0,15.0,15.0,3.2727,0.2176,-1.3349
423,14.1,59,0,0.8551,27,258,67,359,47.0,308.5,40,101,-30.0,0.0,30.0,3.5644,0.2176,-1.3349
423,14.1,62,0,0.4138,74,260,96,360,85.0,310.0,22,100,0.0,0.0,0.0,3.6,0.2176,-1.3349
424,14.1333,2,0,0.8074,270,231,320,358,295.0,294.5,50,127,0.0,0.0,0.0,2.8346,0.0574,-0.6762
424,14.1333,28,0,0.8305,212,262,244,360,228.0,311.0,32,98,30.0,0.0,30.0,3.6735,0.0574,-0.6762
424,14.1333,33,0,0.8369,165,263,209,360,187.0,311.5,44,97,0.0,0.0,0.0,3.7113,0.0574,-0.6762
424,14.1333,45,0,0.855,115,233,172,359,143.5,296.0,57,126,0.0,0.0,0.0,2.8571,0.0574,-0.6762
424,14.1333,50,0,0.6512,86,247,122,359,104.0,303.0,36,112,0.0,0.0,0.0,3.2143,0.0574,-0.6762
424,14.1333,53,0,0.5811,0,250,15,360,7.5,305.0,15,110,-30.0,0.0,30.0,3.2727,0.0574,-0.6762
424,14.1333,59,0,0.866,26,258,67,360,46.5,309.0,41,102,-15.0,15.0,21.2132,3.5294,0.0574,-0.6762
424,14.1333,62,0,0.4251,73,257,96,360,84.5,308.5,23,103,-15.0,-45.0,47.4342,3.4951,0.0574,-0.6762
425,14.1667,2,0,0.8093,271,231,321,358,296.0,294.5,50,127,30.0,0.0,30.0,2.8346,0.4359,-0.7209
425,14.1667,28,0,0.8256,212,261,244,360,228.0,310.5,32,99,0.0,-15.0,15.0,3.6364,0.4359,-0.7209
425,14.1667,33,0,0.8323,164,263,209,360,186.5,311.5,45,97,-15.0,0.0,15.0,3.7113,0.4359,-0.7209
425,14.1667,45,0,0.8487,116,234,173,359,144.5,296.5,57,125,30.0,15.0,33.541,2.88,0.4359,-0.7209
425,14.1667,50,0,0.6819,87,248,123,360,105.0,304.0,36,112,30.0,30.0,42.4264,3.2143,0.4359,-0.7209
425,14.1667,53,0,0.5221,0,249,13,360,6.5,304.5,13,111,-30.0,-15.0,33.541,3.2432,0.4359,-0.7209
425,14.1667,59,0,0.8422,26,258,67,360,46.5,309.0,41,102,0.0,0.0,0.0,3.5294,0.4359,-0.7209
425,14.1667,62,0,0.4303,73,262,95,360,84.0,311.0,22,98,-15.0,75.0,76.4853,3.6735,0.4359,-0.7209
426,14.2,2,0,0.818,271,231,322,358,296.5,294.5,51,127,15.0,0.0,15.0,2.8346,0.2029,-0.5506
426,14.2,28,0,0.833,212,262,244,360,228.0,311.0,32,98,0.0,15.0,15.0,3.6735,0.2029,-0.5506
426,14.2,33,0,0.842,164,262,210,360,187.0,311.0,46,98,15.0,-15.0,21.2132,3.6735,0.2029,-0.5506
426,14.2,45,0,0.8522,115,234,173,359,144.0,296.5,58,125,-15.0,0.0,15.0,2.88,0.2029,-0.5506
426,14.2,50,0,0.6964,87,248,122,360,104.5,304.0,35,112,-15.0,0.0,15.0,3.2143,0.2029,-0.5506
426,14.2,53,0,0.4677,0,250,13,360,6.5,305.0,13,110,0.0,15.0,15.0,3.2727,0.2029,-0.5506
426,14.2,59,0,0.8413,26,258,66,360,46.0,309.0,40,102,-15.0,0.0,15.0,3.5294,0.2029,-0.5506
426,14.2,62,0,0.4955,73,273,95,360,84.0,316.5,22,87,0.0,165.0,165.0,4.1379,0.2029,-0.5506
427,14.2333,2,0,0.8094,272,231,323,358,297.5,294.5,51,127,30.0,0.0,30.0,2.8346,0.3362,-0.7405
427,14.2333,28,0,0.8406,212,263,245,360,228.5,311.5,33,97,15.0,15.0,21.2132,3.7113,0.3362,-0.7405
427,14.2333,33,0,0.8445,164,263,210,360,187.0,311.5,46,97,0.0,15.0,15.0,3.7113,0.3362,-0.7405
427,14.2333,45,0,0.862,114,234,174,359,144.0,296.5,60,125,0.0,0.0,0.0,2.88,0.3362,-0.7405
427,14.2333,50,0,0.6883,87,248,122,360,104.5,304.0,35,112,0.0,0.0,0.0,3.2143,0.3362,-0.7405
427,14.2333,53,0,0.3453,0,252,14,360,7.0,306.0,14,108,15.0,30.0,33.541,3.3333,0.3362,-0.7405
427,14.2333,59,0,0.8271,25,258,66,360,45.5,309.0,41,102,-15.0,0.0,15.0,3.5294,0.3362,-0.7405
427,14.2333,62,0,0.4942,72,277,95,360,83.5,318.5,23,83,-15.0,60.0,61.8466,4.3373,0.3362,-0.7405
428,14.2667,2,0,0.7484,272,231,323,358,297.5,294.5,51,127,0.0,0.0,0.0,2.8346,-0.0552,-0.888
428,14.2667,28,0,0.8415,212,263,246,359,229.0,311.0,34,96,15.0,-15.0,21.2132,3.75,-0.0552,-0.888
428,14.2667,33,0,0.8492,164,263,211,360,187.5,311.5,47,97,15.0,0.0,15.0,3.7113,-0.0552,-0.888
428,14.2667,45,0,0.8665,114,234,174,358,144.0,296.0,60,124,0.0,-15.0,15.0,2.9032,-0.0552,-0.888
428,14.2667,50,0,0.6767,87,249,122,360,104.5,304.5,35,111,0.0,15.0,15.0,3.2432,-0.0552,-0.888
428,14.2667,53,0,0.3885,0,254,14,356,7.0,305.0,14,102,0.0,-30.0,30.0,3.5294,-0.0552,-0.888
428,14.2667,59,0,0.8202,25,258,65,360,45.0,309.0,40,102,-15.0,0.0,15.0,3.5294,-0.0552,-0.888
428,14.2667,62,0,0.5162,72,278,95,360,83.5,319.0,23,82,0.0,15.0,15.0,4.3902,-0.0552,-0.888
429,14.3,2,0,0.7944,274,231,325,358,299.5,294.5,51,127,60.0,0.0,60.0,2.8346,0.1665,-0.9395
429,14.3,28,0,0.832,212,264,246,359,229.0,311.5,34,95,0.0,15.0,15.0,3.7895,0.1665,-0.9395
429,14.3,33,0,0.8387,164,263,211,359,187.5,311.0,47,96,0.0,-15.0,15.0,3.75,0.1665,-0.9395
429,14.3,45,0,0.8619,114,234,174,358,144.0,296.0,60,124,0.0,0.0,0.0,2.9032,0.1665,-0.9395
429,14.3,50,0,0.6871,87,249,122,360,104.5,304.5,35,111,0.0,0.0,0.0,3.2432,0.1665,-0.9395
429,14.3,53,0,0.395,0,253,13,356,6.5,304.5,13,103,-15.0,-15.0,21.2132,3.4951,0.1665,-0.9395
429,14.3,59,0,0.8189,25,258,65,360,45.0,309.0,40,102,0.0,0.0,0.0,3.5294,0.1665,-0.9395
429,14.3,62,0,0.5719,72,279,95,359,83.5,319.0,23,80,0.0,0.0,0.0,4.5,0.1665,-0.9395
430,14.3333,2,0,0.82,274,231,325,357,299.5,294.0,51,126,0.0,-15.0,15.0,2.8571,0.1176,-0.8254
430,14.3333,28,0,0.8377,212,264,246,359,229.0,311.5,34,95,0.0,0.0,0.0,3.7895,0.1176,-0.8254
430,14.3333,33,0,0.8492,164,263,211,359,187.5,311.0,47,96,0.0,0.0,0.0,3.75,0.1176,-0.8254
430,14.3333,45,0,0.8599,113,234,174,358,143.5,296.0,61,124,-15.0,0.0,15.0,2.9032,0.1176,-0.8254
430,14.3333,50,0,0.6967,87,249,122,359,104.5,304.0,35,110,0.0,-15.0,15.0,3.2727,0.1176,-0.8254
430,14.3333,53,0,0.3034,0,253,11,354,5.5,303.5,11,101,-30.0,-30.0,42.4264,3.5644,0.1176,-0.8254
430,14.3333,59,0,0.8332,25,257,65,359,45.0,308.0,40,102,0.0,-30.0,30.0,3.5294,0.1176,-0.8254
430,14.3333,62,0,0.5906,71,279,95,359,83.0,319.0,24,80,-15.0,0.0,15.0,4.5,0.1176,-0.8254
431,14.3667,2,0,0.8355,275,230,324,357,299.5,293.5,49,127,0.0,-15.0,15.0,2.8346,0.3472,-1.0488
431,14.3667,28,0,0.83,213,264,246,358,229.5,311.0,33,94,15.0,-15.0,21.2132,3.8298,0.3472,-1.0488
431,14.3667,33,0,0.8401,164,264,211,359,187.5,311.5,47,95,0.0,15.0,15.0,3.7895,0.3472,-1.0488
431,14.3667,45,0,0.8664,112,233,174,358,143.0,295.5,62,125,-15.0,-15.0,21.2132,2.88,0.3472,-1.0488
431,14.3667,50,0,0.7425,85,248,122,359,103.5,303.5,37,111,-30.0,-15.0,33.541,3.2432,0.3472,-1.0488
431,14.3667,53,0,0.4287,0,253,11,353,5.5,303.0,11,100,0.0,-15.0,15.0,3.6,0.3472,-1.0488
431,14.3667,59,0,0.8738,24,258,63,359,43.5,308.5,39,101,-45.0,15.0,47.4342,3.5644,0.3472,-1.0488
431,14.3667,62,0,0.5054,71,280,94,359,82.5,319.5,23,79,-15.0,15.0,21.2132,4.557,0.3472,-1.0488
432,14.4,2,0,0.8276,276,230,324,357,300.0,293.5,48,127,15.0,0.0,15.0,2.8346,-0.1998,-1.1491
432,14.4,28,0,0.831,213,264,247,358,230.0,311.0,34,94,15.0,0.0,15.0,3.8298,-0.1998,-1.1491
432,14.4,33,0,0.8369,164,264,211,359,187.5,311.5,47,95,0.0,0.0,0.0,3.7895,-0.1998,-1.1491
432,14.4,45,0,0.8669,112,232,173,358,142.5,295.0,61,126,-15.0,-15.0,21.2132,2.8571,-0.1998,-1.1491
432,14.4,50,0,0.7258,84,248,121,359,102.5,303.5,37,111,-30.0,0.0,30.0,3.2432,-0.1998,-1.1491
432,14.4,59,0,0.8684,24,258,63,359,43.5,308.5,39,101,0.0,0.0,0.0,3.5644,-0.1998,-1.1491
432,14.4,62,0,0.4902,70,279,94,359,82.0,319.0,24,80,-15.0,-15.0,21.2132,4.5,-0.1998,-1.1491
433,14.4333,2,0,0.8616,277,229,326,357,301.5,293.0,49,128,45.0,-15.0,47.4342,2.8125,-0.1213,-1.1521
433,14.4333,28,0,0.8258,213,264,247,358,230.0,311.0,34,94,0.0,0.0,0.0,3.8298,-0.1213,-1.1521
433,14.4333,33,0,0.8204,164,263,211,359,187.5,311.0,47,96,0.0,-15.0,15.0,3.75,-0.1213,-1.1521
433,14.4333,45,0,0.8721,113,231,173,358,143.0,294.5,60,127,15.0,-15.0,21.2132,2.8346,-0.1213,-1.1521
433,14.4333,50,0,0.7331,83,248,121,359,102.0,303.5,38,111,-15.0,0.0,15.0,3.2432,-0.1213,-1.1521
433,14.4333,59,0,0.8591,23,257,62,359,42.5,308.0,39,102,-30.0,-15.0,33.541,3.5294,-0.1213,-1.1521
433,14.4333,62,0,0.5049,70,279,93,359,81.5,319.0,23,80,-15.0,0.0,15.0,4.5,-0.1213,-1.1521
434,14.4667,2,0,0.8636,278,228,327,357,302.5,292.5,49,129,30.0,-15.0,33.541,2.7907,-0.1488,-1.1991
434,14.4667,28,0,0.8347,214,264,247,358,230.5,311.0,33,94,15.0,0.0,15.0,3.8298,-0.1488,-1.1991
434,14.4667,33,0,0.8208,163,263,211,359,187.0,311.0,48,96,-15.0,0.0,15.0,3.75,-0.1488,-1.1991
434,14.4667,45,0,0.8807,112,230,173,358,142.5,294.0,61,128,-15.0,-15.0,21.2132,2.8125,-0.1488,-1.1991
434,14.4667,50,0,0.7281,83,248,120,359,101.5,303.5,37,111,-15.0,0.0,15.0,3.2432,-0.1488,-1.1991
434,14.4667,59,0,0.8543,22,257,62,359,42.0,308.0,40,102,-15.0,0.0,15.0,3.5294,-0.1488,-1.1991
434,14.4667,62,0,0.4855,69,280,93,359,81.0,319.5,24,79,-15.0,15.0,21.2132,4.557,-0.1488,-1.1991
435,14.5,2,0,0.8689,279,228,327,357,303.0,292.5,48,129,15.0,0.0,15.0,2.7907,0.3615,-1.1576
435,14.5,28,0,0.8504,214,264,247,358,230.5,311.0,33,94,0.0,0.0,0.0,3.8298,0.3615,-1.1576
435,14.5,33,0,0.838,164,263,211,359,187.5,311.0,47,96,15.0,0.0,15.0,3.75,0.3615,-1.1576
435,14.5,45,0,0.8839,112,230,173,358,142.5,294.0,61,128,0.0,0.0,0.0,2.8125,0.3615,-1.1576
435,14.5,50,0,0.7303,83,248,120,359,101.5,303.5,37,111,0.0,0.0,0.0,3.2432,0.3615,-1.1576
435,14.5,59,0,0.8583,22,256,62,359,42.0,307.5,40,103,0.0,-15.0,15.0,3.4951,0.3615,-1.1576
435,14.5,62,0,0.4807,69,280,93,359,81.0,319.5,24,79,0.0,0.0,0.0,4.557,0.3615,-1.1576
436,14.5333,2,0,0.8753,280,228,329,356,304.5,292.0,49,128,45.0,-15.0,47.4342,2.8125,0.0633,-1.2048
436,14.5333,28,0,0.8668,214,264,248,358,231.0,311.0,34,94,15.0,0.0,15.0,3.8298,0.0633,-1.2048
436,14.5333,33,0,0.8324,164,263,211,359,187.5,311.0,47,96,0.0,0.0,0.0,3.75,0.0633,-1.2048
436,14.5333,45,0,0.8812,112,229,174,358,143.0,293.5,62,129,15.0,-15.0,21.2132,2.7907,0.0633,-1.2048
436,14.5333,50,0,0.7265,83,247,120,359,101.5,303.0,37,112,0.0,-15.0,15.0,3.2143,0.0633,-1.2048
436,14.5333,59,0,0.8525,22,256,62,359,42.0,307.5,40,103,0.0,0.0,0.0,3.4951,0.0633,-1.2048
436,14.5333,62,0,0.5177,69,279,93,359,81.0,319.0,24,80,0.0,-15.0,15.0,4.5,0.0633,-1.2048
437,14.5667,2,0,0.859,280,227,328,357,304.0,292.0,48,130,-15.0,0.0,15.0,2.7692,0.0851,-1.2094
437,14.5667,28,0,0.8773,215,263,249,358,232.0,310.5,34,95,30.0,-15.0,33.541,3.7895,0.0851,-1.2094
437,14.5667,33,0,0.8421,164,262,212,359,188.0,310.5,48,97,15.0,-15.0,21.2132,3.7113,0.0851,-1.2094
437,14.5667,45,0,0.8768,113,228,174,358,143.5,293.0,61,130,15.0,-15.0,21.2132,2.7692,0.0851,-1.2094
437,14.5667,50,0,0.7184,83,246,121,359,102.0,302.5,38,113,15.0,-15.0,21.2132,3.1858,0.0851,-1.2094
437,14.5667,59,0,0.8495,21,255,62,359,41.5,307.0,41,104,-15.0,-15.0,21.2132,3.4615,0.0851,-1.2094
437,14.5667,62,0,0.4953,69,278,93,359,81.0,318.5,24,81,0.0,-15.0,15.0,4.4444,0.0851,-1.2094
438,14.6,2,0,0.871,281,226,328,357,304.5,291.5,47,131,15.0,-15.0,21.2132,2.7481,0.0294,-1.1546
438,14.6,28,0,0.8809,216,263,249,358,232.5,310.5,33,95,15.0,0.0,15.0,3.7895,0.0294,-1.1546
438,14.6,33,0,0.8393,164,262,212,359,188.0,310.5,48,97,0.0,0.0,0.0,3.7113,0.0294,-1.1546
438,14.6,45,0,0.8782,112,228,173,358,142.5,293.0,61,130,-30.0,0.0,30.0,2.7692,0.0294,-1.1546
438,14.6,50,0,0.7288,82,246,121,358,101.5,302.0,39,112,-15.0,-15.0,21.2132,3.2143,0.0294,-1.1546
438,14.6,59,0,0.8475,20,255,61,359,40.5,307.0,41,104,-30.0,0.0,30.0,3.4615,0.0294,-1.1546
438,14.6,62,0,0.5311,68,280,93,359,80.5,319.5,25,79,-15.0,30.0,33.541,4.557,0.0294,-1.1546
439,14.6333,2,0,0.8816,281,226,329,357,305.0,291.5,48,131,15.0,0.0,15.0,2.7481,-0.1568,-0.8608
439,14.6333,28,0,0.8841,216,263,249,358,232.5,310.5,33,95,0.0,0.0,0.0,3.7895,-0.1568,-0.8608
439,14.6333,33,0,0.8362,163,261,212,359,187.5,310.0,49,98,-15.0,-15.0,21.2132,3.6735,-0.1568,-0.8608
439,14.6333,45,0,0.8828,112,227,173,358,142.5,292.5,61,131,0.0,-15.0,15.0,2.7481,-0.1568,-0.8608
439,14.6333,50,0,0.7436,80,246,120,359,100.0,302.5,40,113,-45.0,15.0,47.4342,3.1858,-0.1568,-0.8608
439,14.6333,59,0,0.8527,20,255,61,360,40.5,307.5,41,105,0.0,15.0,15.0,3.4286,-0.1568,-0.8608
439,14.6333,62,0,0.4829,68,282,92,359,80.0,320.5,24,77,-15.0,30.0,33.541,4.6753,-0.1568,-0.8608
440,14.6667,2,0,0.885,281,225,330,357,305.5,291.0,49,132,15.0,-15.0,21.2132,2.7273,0.0386,-0.9225
440,14.6667,28,0,0.8857,216,263,249,358,232.5,310.5,33,95,0.0,0.0,0.0,3.7895,0.0386,-0.9225
440,14.6667,33,0,0.8138,163,260,213,359,188.0,309.5,50,99,15.0,-15.0,21.2132,3.6364,0.0386,-0.9225
440,14.6667,45,0,0.8817,112,227,173,358,142.5,292.5,61,131,0.0,0.0,0.0,2.7481,0.0386,-0.9225
440,14.6667,50,0,0.7433,79,246,120,359,99.5,302.5,41,113,-15.0,0.0,15.0,3.1858,0.0386,-0.9225
440,14.6667,59,0,0.8496,19,255,60,360,39.5,307.5,41,105,-30.0,0.0,30.0,3.4286,0.0386,-0.9225
440,14.6667,62,0,0.5408,68,282,92,359,80.0,320.5,24,77,0.0,0.0,0.0,4.6753,0.0386,-0.9225
441,14.7,2,0,0.8797,281,225,330,357,305.5,291.0,49,132,0.0,0.0,0.0,2.7273,-0.032,-0.7562
441,14.7,28,0,0.8824,216,263,249,358,232.5,310.5,33,95,0.0,0.0,0.0,3.7895,-0.032,-0.7562
441,14.7,33,0,0.816,163,261,212,359,187.5,310.0,49,98,-15.0,15.0,21.2132,3.6735,-0.032,-0.7562
441,14.7,45,0,0.8787,112,227,174,358,143.0,292.5,62,131,15.0,0.0,15.0,2.7481,-0.032,-0.7562
441,14.7,50,0,0.729,79,246,120,359,99.5,302.5,41,113,0.0,0.0,0.0,3.1858,-0.032,-0.7562
441,14.7,59,0,0.841,19,255,60,360,39.5,307.5,41,105,0.0,0.0,0.0,3.4286,-0.032,-0.7562
441,14.7,62,0,0.5219,67,282,91,360,79.0,321.0,24,78,-30.0,15.0,33.541,4.6154,-0.032,-0.7562
442,14.7333,2,0,0.8748,281,225,330,357,305.5,291.0,49,132,0.0,0.0,0.0,2.7273,0.0563,-0.6245
442,14.7333,28,0,0.8785,217,263,249,358,233.0,310.5,32,95,15.0,0.0,15.0,3.7895,0.0563,-0.6245
442,14.7333,33,0,0.8225,163,261,212,359,187.5,310.0,49,98,0.0,0.0,0.0,3.6735,0.0563,-0.6245
442,14.7333,45,0,0.885,111,227,174,358,142.5,292.5,63,131,-15.0,0.0,15.0,2.7481,0.0563,-0.6245
442,14.7333,50,0,0.7427,76,246,120,359,98.0,302.5,44,113,-45.0,0.0,45.0,3.1858,0.0563,-0.6245
442,14.7333,59,0,0.8402,19,255,60,360,39.5,307.5,41,105,0.0,0.0,0.0,3.4286,0.0563,-0.6245
442,14.7333,62,0,0.4764,67,281,91,359,79.0,320.0,24,78,0.0,-30.0,30.0,4.6154,0.0563,-0.6245
443,14.7667,2,0,0.8687,281,225,331,357,306.0,291.0,50,132,15.0,0.0,15.0,2.7273,-0.2858,-0.5146
443,14.7667,28,0,0.8767,217,263,249,358,233.0,310.5,32,95,0.0,0.0,0.0,3.7895,-0.2858,-0.5146
443,14.7667,33,0,0.8086,163,261,212,359,187.5,310.0,49,98,0.0,0.0,0.0,3.6735,-0.2858,-0.5146
443,14.7667,45,0,0.8923,112,227,174,358,143.0,292.5,62,131,15.0,0.0,15.0,2.7481,-0.2858,-0.5146
443,14.7667,50,0,0.7463,74,246,120,359,97.0,302.5,46,113,-30.0,0.0,30.0,3.1858,-0.2858,-0.5146
443,14.7667,59,0,0.8452,18,256,60,360,39.0,308.0,42,104,-15.0,15.0,21.2132,3.4615,-0.2858,-0.5146
443,14.7667,62,0,0.5248,67,280,91,359,79.0,319.5,24,79,0.0,-15.0,15.0,4.557,-0.2858,-0.5146
444,14.8,2,0,0.8689,281,225,331,357,306.0,291.0,50,132,0.0,0.0,0.0,2.7273,-0.434,-0.3197
444,14.8,28,0,0.8768,217,262,249,358,233.0,310.0,32,96,0.0,-15.0,15.0,3.75,-0.434,-0.3197
444,14.8,33,0,0.8109,163,261,212,359,187.5,310.0,49,98,0.0,0.0,0.0,3.6735,-0.434,-0.3197
444,14.8,45,0,0.8988,112,227,174,358,143.0,292.5,62,131,0.0,0.0,0.0,2.7481,-0.434,-0.3197
444,14.8,50,0,0.7881,72,247,119,359,95.5,303.0,47,112,-45.0,15.0,47.4342,3.2143,-0.434,-0.3197
444,14.8,59,0,0.8431,18,256,59,360,38.5,308.0,41,104,-15.0,0.0,15.0,3.4615,-0.434,-0.3197
444,14.8,62,0,0.4696,66,281,90,359,78.0,320.0,24,78,-30.0,15.0,33.541,4.6154,-0.434,-0.3197
445,14.8333,2,0,0.8799,282,226,331,357,306.5,291.5,49,131,15.0,15.0,21.2132,2.7481,-0.275,-0.583
445,14.8333,28,0,0.8727,217,262,249,358,233.0,310.0,32,96,0.0,0.0,0.0,3.75,-0.275,-0.583
445,14.8333,33,0,0.8132,162,261,212,359,187.0,310.0,50,98,-15.0,0.0,15.0,3.6735,-0.275,-0.583
445,14.8333,45,0,0.9019,112,227,174,357,143.0,292.0,62,130,0.0,-15.0,15.0,2.7692,-0.275,-0.583
445,14.8333,50,0,0.7626,75,247,119,358,97.0,302.5,44,111,45.0,-15.0,47.4342,3.2432,-0.275,-0.583
445,14.8333,59,0,0.8422,17,256,58,360,37.5,308.0,41,104,-30.0,0.0,30.0,3.4615,-0.275,-0.583
445,14.8333,62,0,0.477,65,282,89,359,77.0,320.5,24,77,-30.0,15.0,33.541,4.6753,-0.275,-0.583
446,14.8667,2,0,0.8768,282,226,331,357,306.5,291.5,49,131,0.0,0.0,0.0,2.7481,-0.6075,-0.4429
446,14.8667,28,0,0.8701,216,261,249,358,232.5,309.5,33,97,-15.0,-15.0,21.2132,3.7113,-0.6075,-0.4429
446,14.8667,33,0,0.8183,162,262,211,359,186.5,310.5,49,97,-15.0,15.0,21.2132,3.7113,-0.6075,-0.4429
446,14.8667,45,0,0.9057,112,227,173,357,142.5,292.0,61,130,-15.0,0.0,15.0,2.7692,-0.6075,-0.4429
446,14.8667,50,0,0.7784,76,247,118,358,97.0,302.5,42,111,0.0,0.0,0.0,3.2432,-0.6075,-0.4429
446,14.8667,59,0,0.8358,17,256,58,359,37.5,307.5,41,103,0.0,-15.0,15.0,3.4951,-0.6075,-0.4429
446,14.8667,62,0,0.4644,64,284,88,359,76.0,321.5,24,75,-30.0,30.0,42.4264,4.8,-0.6075,-0.4429
447,14.9,2,0,0.8754,282,226,331,357,306.5,291.5,49,131,0.0,0.0,0.0,2.7481,-0.2997,-0.3594
447,14.9,28,0,0.8705,216,261,249,358,232.5,309.5,33,97,0.0,0.0,0.0,3.7113,-0.2997,-0.3594
447,14.9,33,0,0.8175,162,262,211,359,186.5,310.5,49,97,0.0,0.0,0.0,3.7113,-0.2997,-0.3594
447,14.9,45,0,0.9009,111,227,173,357,142.0,292.0,62,130,-15.0,0.0,15.0,2.7692,-0.2997,-0.3594
447,14.9,50,0,0.773,75,247,118,358,96.5,302.5,43,111,-15.0,0.0,15.0,3.2432,-0.2997,-0.3594
447,14.9,59,0,0.8263,16,256,57,359,36.5,307.5,41,103,-30.0,0.0,30.0,3.4951,-0.2997,-0.3594
447,14.9,62,0,0.54,63,284,86,359,74.5,321.5,23,75,-45.0,0.0,45.0,4.8,-0.2997,-0.3594
448,14.9333,2,0,0.8767,282,226,331,357,306.5,291.5,49,131,0.0,0.0,0.0,2.7481,-0.5784,-0.5142
448,14.9333,28,0,0.8704,216,261,249,358,232.5,309.5,33,97,0.0,0.0,0.0,3.7113,-0.5784,-0.5142
448,14.9333,33,0,0.8146,162,262,212,359,187.0,310.5,50,97,15.0,0.0,15.0,3.7113,-0.5784,-0.5142
448,14.9333,45,0,0.8944,107,227,173,357,140.0,292.0,66,130,-60.0,0.0,60.0,2.7692,-0.5784,-0.5142
448,14.9333,50,0,0.771,75,247,117,358,96.0,302.5,42,111,-15.0,0.0,15.0,3.2432,-0.5784,-0.5142
448,14.9333,59,0,0.8261,16,256,56,359,36.0,307.5,40,103,-15.0,0.0,15.0,3.4951,-0.5784,-0.5142
448,14.9333,62,0,0.5758,63,285,85,359,74.0,322.0,22,74,-15.0,15.0,21.2132,4.8649,-0.5784,-0.5142
449,14.9667,2,0,0.8792,282,225,331,357,306.5,291.0,49,132,0.0,-15.0,15.0,2.7273,-0.4458,-0.6923
449,14.9667,28,0,0.8631,215,262,250,358,232.5,310.0,35,96,0.0,15.0,15.0,3.75,-0.4458,-0.6923
449,14.9667,33,0,0.812,162,262,211,359,186.5,310.5,49,97,-15.0,0.0,15.0,3.7113,-0.4458,-0.6923
449,14.9667,45,0,0.8973,106,227,174,357,140.0,292.0,68,130,0.0,0.0,0.0,2.7692,-0.4458,-0.6923
449,14.9667,50,0,0.7725,76,246,116,358,96.0,302.0,40,112,0.0,-15.0,15.0,3.2143,-0.4458,-0.6923
449,14.9667,59,0,0.808,14,256,55,359,34.5,307.5,41,103,-45.0,0.0,45.0,3.4951,-0.4458,-0.6923
449,14.9667,62,0,0.6041,62,285,85,359,73.5,322.0,23,74,-15.0,0.0,15.0,4.8649,-0.4458,-0.6923
450,15.0,2,0,0.8842,282,225,331,357,306.5,291.0,49,132,0.0,0.0,0.0,2.7273,-1.6597,-2.1006
450,15.0,28,0,0.8628,215,262,249,358,232.0,310.0,34,96,-15.0,0.0,15.0,3.75,-1.6597,-2.1006
450,15.0,33,0,0.8088,161,262,211,359,186.0,310.5,50,97,-15.0,0.0,15.0,3.7113,-1.6597,-2.1006
450,15.0,45,0,0.8998,102,227,174,357,138.0,292.0,72,130,-60.0,0.0,60.0,2.7692,-1.6597,-2.1006
450,15.0,50,0,0.7141,75,245,114,358,94.5,301.5,39,113,-45.0,-15.0,47.4342,3.1858,-1.6597,-2.1006
450,15.0,59,0,0.8097,12,256,53,359,32.5,307.5,41,103,-60.0,0.0,60.0,3.4951,-1.6597,-2.1006
450,15.0,62,0,0.5005,61,285,83,359,72.0,322.0,22,74,-45.0,0.0,45.0,4.8649,-1.6597,-2.1006
