frame,p0,p1,p2,p3,p4,p5,p6,p7
0,0.070730,0.025406,0.042226,0.068848,0.073654,0.090030,0.134726,0.494380
1,0.063877,0.021398,0.038102,0.065686,0.070728,0.088505,0.133876,0.517827
2,0.063874,0.021395,0.038100,0.065684,0.070727,0.088505,0.133876,0.517840
3,0.063966,0.021448,0.038156,0.065729,0.070769,0.088528,0.133891,0.517514
4,0.067271,0.023346,0.040147,0.067286,0.072215,0.089300,0.134359,0.506076
5,0.067275,0.023349,0.040150,0.067288,0.072217,0.089301,0.134360,0.506060
6,0.067272,0.023346,0.040149,0.067285,0.072215,0.089296,0.134359,0.506078
7,0.070691,0.025382,0.042203,0.068830,0.073638,0.090021,0.134723,0.494511
8,0.074223,0.027562,0.044319,0.070362,0.075036,0.090702,0.134982,0.482815
9,0.074283,0.027600,0.044355,0.070388,0.075060,0.090714,0.134985,0.482614
10,0.077796,0.029846,0.046452,0.071848,0.076378,0.091323,0.135130,0.471226
11,0.081352,0.032198,0.048567,0.073264,0.077646,0.091877,0.135172,0.459925
12,0.077798,0.029847,0.046453,0.071848,0.076379,0.091323,0.135130,0.471222
13,0.077750,0.029816,0.046425,0.071828,0.076361,0.091314,0.135128,0.471379
14,0.074203,0.027549,0.044308,0.070352,0.075027,0.090694,0.134979,0.482888
15,0.074208,0.027552,0.044311,0.070354,0.075029,0.090695,0.134980,0.482873
16,0.077772,0.029830,0.046438,0.071836,0.076368,0.091315,0.135128,0.471313
17,0.074292,0.027605,0.044360,0.070391,0.075062,0.090713,0.134985,0.482593
18,0.074294,0.027606,0.044361,0.070391,0.075063,0.090713,0.134985,0.482587
19,0.070825,0.025464,0.042284,0.068890,0.073693,0.090048,0.134735,0.494061
20,0.070878,0.025496,0.042315,0.068914,0.073715,0.090060,0.134740,0.493881
21,0.074352,0.027643,0.044396,0.070417,0.075086,0.090726,0.134989,0.482391
22,0.074403,0.027675,0.044426,0.070440,0.075106,0.090737,0.134992,0.482221
23,0.074455,0.027708,0.044457,0.070463,0.075127,0.090749,0.134996,0.482046
24,0.077973,0.029962,0.046556,0.071921,0.076444,0.091356,0.135136,0.470653
25,0.077922,0.029928,0.046526,0.071900,0.076425,0.091346,0.135134,0.470819
26,0.074407,0.027678,0.044428,0.070442,0.075108,0.090738,0.134993,0.482206
27,0.077873,0.029896,0.046498,0.071879,0.076407,0.091336,0.135132,0.470977
28,0.081426,0.032248,0.048611,0.073294,0.077672,0.091888,0.135172,0.459689
29,0.084964,0.034669,0.050707,0.074644,0.078866,0.092377,0.135113,0.448660
30,0.084962,0.034668,0.050706,0.074643,0.078866,0.092377,0.135113,0.448667
31,0.085008,0.034700,0.050732,0.074661,0.078881,0.092384,0.135112,0.448523
32,0.088566,0.037215,0.052832,0.075962,0.080019,0.092818,0.134958,0.437630
33,0.092183,0.039853,0.054955,0.077229,0.081115,0.093205,0.134712,0.426748
34,0.088566,0.037214,0.052831,0.075962,0.080019,0.092818,0.134958,0.437632
35,0.088614,0.037249,0.052859,0.075980,0.080035,0.092825,0.134956,0.437483
36,0.092185,0.039855,0.054956,0.077230,0.081116,0.093205,0.134712,0.426741
37,0.092186,0.039856,0.054957,0.077231,0.081116,0.093206,0.134711,0.426738
38,0.084959,0.034666,0.050703,0.074641,0.078864,0.092376,0.135112,0.448677
39,0.084962,0.034667,0.050705,0.074643,0.078865,0.092376,0.135112,0.448669
40,0.081373,0.032213,0.048579,0.073272,0.077653,0.091879,0.135171,0.459860
41,0.081376,0.032214,0.048581,0.073273,0.077654,0.091879,0.135171,0.459852
42,0.081438,0.032256,0.048618,0.073298,0.077676,0.091890,0.135172,0.459652
43,0.074367,0.027653,0.044405,0.070424,0.075092,0.090730,0.134990,0.482339
44,0.077935,0.029937,0.046535,0.071906,0.076431,0.091348,0.135134,0.470774
45,0.077935,0.029936,0.046534,0.071905,0.076430,0.091348,0.135134,0.470777
46,0.074423,0.027688,0.044438,0.070449,0.075115,0.090742,0.134994,0.482153
47,0.074421,0.027687,0.044437,0.070448,0.075114,0.090742,0.134994,0.482157
48,0.074421,0.027687,0.044437,0.070448,0.075114,0.090742,0.134994,0.482159
49,0.070956,0.025544,0.042362,0.068950,0.073748,0.090079,0.134748,0.493613
50,0.074422,0.027688,0.044438,0.070449,0.075115,0.090742,0.134994,0.482153
51,0.070908,0.025514,0.042333,0.068928,0.073727,0.090067,0.134743,0.493780
52,0.074324,0.027625,0.044380,0.070405,0.075075,0.090720,0.134987,0.482482
53,0.081343,0.032192,0.048563,0.073260,0.077642,0.091873,0.135171,0.459955
54,0.081293,0.032158,0.048533,0.073239,0.077624,0.091864,0.135171,0.460118
55,0.078047,0.030008,0.046605,0.071946,0.076467,0.091358,0.135134,0.470433
56,0.081651,0.032399,0.048748,0.073379,0.077747,0.091916,0.135169,0.458991
57,0.078162,0.030084,0.046673,0.071995,0.076511,0.091380,0.135138,0.470058
58,0.081710,0.032439,0.048782,0.073402,0.077768,0.091926,0.135169,0.458803
59,0.081761,0.032473,0.048812,0.073423,0.077787,0.091935,0.135169,0.458640
60,0.078207,0.030113,0.046699,0.072013,0.076528,0.091389,0.135139,0.469912
61,0.081754,0.032468,0.048807,0.073420,0.077784,0.091934,0.135169,0.458665
62,0.081732,0.032454,0.048794,0.073410,0.077775,0.091929,0.135168,0.458737
63,0.078588,0.030362,0.046927,0.072167,0.076665,0.091450,0.135145,0.468696
64,0.078633,0.030392,0.046953,0.072185,0.076681,0.091458,0.135146,0.468551
65,0.078318,0.030186,0.046763,0.072059,0.076568,0.091409,0.135141,0.469554
66,0.081884,0.032557,0.048883,0.073472,0.077830,0.091955,0.135168,0.458252
67,0.081875,0.032551,0.048878,0.073468,0.077827,0.091954,0.135168,0.458279
68,0.085460,0.035015,0.051000,0.074829,0.079029,0.092443,0.135096,0.447129
69,0.089066,0.037575,0.053126,0.076141,0.080175,0.092877,0.134928,0.436112
70,0.096243,0.042915,0.057328,0.078588,0.082273,0.093576,0.134331,0.414744
71,0.092626,0.040182,0.055216,0.077381,0.081245,0.093250,0.134674,0.425424
72,0.092685,0.040226,0.055250,0.077403,0.081264,0.093259,0.134671,0.425242
73,0.092285,0.039930,0.055015,0.077266,0.081147,0.093219,0.134704,0.426434
74,0.088623,0.037256,0.052865,0.075983,0.080038,0.092827,0.134955,0.437453
75,0.092188,0.039857,0.054959,0.077232,0.081117,0.093206,0.134711,0.426729
76,0.088521,0.037182,0.052805,0.075945,0.080005,0.092812,0.134960,0.437772
77,0.092135,0.039818,0.054927,0.077212,0.081100,0.093199,0.134715,0.426893
78,0.092134,0.039817,0.054927,0.077212,0.081100,0.093199,0.134715,0.426896
79,0.088507,0.037172,0.052796,0.075939,0.080000,0.092810,0.134961,0.437816
80,0.081311,0.032170,0.048542,0.073247,0.077630,0.091868,0.135171,0.460061
81,0.081363,0.032206,0.048573,0.073268,0.077649,0.091877,0.135171,0.459892
82,0.081361,0.032205,0.048572,0.073267,0.077648,0.091877,0.135171,0.459898
83,0.084950,0.034659,0.050697,0.074638,0.078861,0.092375,0.135113,0.448707
84,0.084946,0.034656,0.050695,0.074637,0.078860,0.092375,0.135113,0.448718
85,0.081414,0.032241,0.048603,0.073289,0.077667,0.091887,0.135171,0.459728
86,0.085058,0.034735,0.050761,0.074680,0.078898,0.092392,0.135110,0.448365
87,0.085003,0.034696,0.050729,0.074659,0.078879,0.092384,0.135112,0.448538
88,0.081413,0.032239,0.048602,0.073288,0.077667,0.091886,0.135172,0.459733
89,0.084948,0.034658,0.050697,0.074637,0.078861,0.092375,0.135113,0.448712
90,0.092225,0.039885,0.054979,0.077245,0.081128,0.093211,0.134709,0.426620
91,0.092173,0.039846,0.054949,0.077226,0.081112,0.093204,0.134712,0.426777
92,0.088499,0.037166,0.052791,0.075936,0.079997,0.092809,0.134961,0.437840
93,0.084944,0.034655,0.050694,0.074636,0.078859,0.092374,0.135113,0.448724
94,0.088555,0.037206,0.052824,0.075957,0.080015,0.092817,0.134958,0.437667
95,0.092120,0.039806,0.054918,0.077207,0.081096,0.093198,0.134716,0.426939
96,0.088445,0.037127,0.052760,0.075916,0.079980,0.092801,0.134964,0.438008
97,0.084894,0.034620,0.050665,0.074616,0.078842,0.092366,0.135114,0.448882
98,0.081249,0.032129,0.048506,0.073222,0.077608,0.091858,0.135171,0.460257
99,0.084839,0.034581,0.050632,0.074595,0.078823,0.092358,0.135115,0.449056
100,0.084799,0.034554,0.050610,0.074579,0.078810,0.092351,0.135116,0.449180
101,0.085099,0.034763,0.050786,0.074693,0.078910,0.092391,0.135108,0.448250
102,0.085063,0.034738,0.050765,0.074680,0.078899,0.092388,0.135109,0.448357
103,0.085019,0.034707,0.050739,0.074663,0.078884,0.092381,0.135110,0.448497
104,0.085026,0.034712,0.050743,0.074666,0.078886,0.092384,0.135110,0.448472
105,0.085137,0.034790,0.050808,0.074708,0.078923,0.092399,0.135107,0.448127
106,0.096366,0.043006,0.057377,0.078629,0.082302,0.093604,0.134318,0.414399
107,0.099115,0.045141,0.058975,0.079510,0.083043,0.093816,0.134000,0.406400
108,0.107436,0.051904,0.063771,0.082001,0.085092,0.094289,0.132766,0.382741
109,0.101995,0.047430,0.060642,0.080404,0.083787,0.094013,0.133620,0.398110
110,0.099325,0.045314,0.059102,0.079582,0.083108,0.093827,0.133974,0.405768
111,0.099309,0.045301,0.059090,0.079575,0.083102,0.093826,0.133977,0.405821
112,0.100453,0.046209,0.059754,0.079934,0.083403,0.093904,0.133830,0.402514
113,0.102098,0.047528,0.060706,0.080445,0.083828,0.094014,0.133607,0.397774
114,0.100522,0.046270,0.059794,0.079963,0.083429,0.093912,0.133823,0.402288
115,0.098237,0.044471,0.058472,0.079247,0.082831,0.093749,0.134110,0.408882
116,0.095579,0.042421,0.056925,0.078387,0.082105,0.093537,0.134404,0.416641
117,0.099193,0.045224,0.059041,0.079567,0.083103,0.093847,0.134002,0.406023
118,0.096038,0.042776,0.057209,0.078556,0.082252,0.093603,0.134365,0.415202
119,0.100862,0.046550,0.060028,0.080103,0.083554,0.093974,0.133789,0.401141
120,0.101346,0.046928,0.060297,0.080235,0.083659,0.093989,0.133717,0.399829
121,0.097197,0.043660,0.057890,0.078926,0.082564,0.093692,0.134237,0.411834
122,0.093856,0.041106,0.055920,0.077805,0.081607,0.093384,0.134569,0.421753
123,0.092507,0.040095,0.055130,0.077344,0.081211,0.093254,0.134685,0.425772
124,0.090806,0.038836,0.054129,0.076758,0.080703,0.093094,0.134818,0.430857
125,0.090860,0.038875,0.054160,0.076776,0.080719,0.093100,0.134814,0.430698
126,0.096301,0.042956,0.057341,0.078613,0.082288,0.093612,0.134328,0.414562
127,0.096541,0.043142,0.057484,0.078688,0.082354,0.093620,0.134300,0.413871
128,0.093764,0.041031,0.055863,0.077767,0.081571,0.093375,0.134575,0.422052
129,0.088392,0.037088,0.052714,0.075897,0.079959,0.092807,0.134964,0.438178
130,0.086016,0.035403,0.051311,0.075033,0.079204,0.092525,0.135074,0.445434
131,0.085923,0.035338,0.051256,0.074999,0.079174,0.092514,0.135077,0.445719
132,0.086713,0.035896,0.051718,0.075293,0.079431,0.092619,0.135047,0.443282
133,0.083860,0.033906,0.050033,0.074231,0.078498,0.092253,0.135140,0.452079
134,0.084784,0.034547,0.050578,0.074579,0.078805,0.092374,0.135116,0.449217
135,0.089338,0.037776,0.053270,0.076242,0.080263,0.092916,0.134910,0.435284
136,0.083766,0.033845,0.049983,0.074198,0.078472,0.092230,0.135141,0.452366
137,0.084088,0.034067,0.050175,0.074321,0.078582,0.092276,0.135135,0.451356
138,0.086505,0.035753,0.051602,0.075222,0.079373,0.092589,0.135058,0.443899
139,0.090321,0.038487,0.053841,0.076584,0.080556,0.093025,0.134846,0.432339
140,0.090058,0.038294,0.053689,0.076492,0.080476,0.092998,0.134865,0.433127
141,0.089907,0.038184,0.053600,0.076438,0.080429,0.092979,0.134874,0.433589
142,0.088716,0.037321,0.052901,0.076015,0.080061,0.092853,0.134948,0.437184
143,0.091831,0.039592,0.054729,0.077107,0.081006,0.093182,0.134737,0.427817
144,0.093468,0.040808,0.055689,0.077666,0.081484,0.093347,0.134602,0.422935
145,0.091699,0.039494,0.054654,0.077059,0.080966,0.093158,0.134745,0.428225
146,0.094511,0.041594,0.056300,0.078014,0.081783,0.093429,0.134504,0.419864
147,0.092749,0.040274,0.055267,0.077419,0.081276,0.093261,0.134660,0.425095
148,0.087326,0.036330,0.052084,0.075512,0.079625,0.092674,0.135017,0.441431
149,0.079278,0.030819,0.047321,0.072449,0.076915,0.091578,0.135160,0.466481
150,0.081992,0.032632,0.048934,0.073516,0.077866,0.091984,0.135168,0.457908
151,0.079272,0.030815,0.047318,0.072444,0.076911,0.091573,0.135158,0.466508
152,0.079310,0.030840,0.047340,0.072460,0.076925,0.091579,0.135159,0.466388
153,0.079039,0.030664,0.047183,0.072357,0.076835,0.091536,0.135158,0.467228
154,0.074428,0.027696,0.044431,0.070457,0.075122,0.090752,0.134994,0.482120
155,0.075859,0.028602,0.045287,0.071057,0.075665,0.091008,0.135065,0.477457
156,0.073141,0.026890,0.043663,0.069907,0.074621,0.090516,0.134916,0.486345
157,0.073106,0.026865,0.043638,0.069893,0.074605,0.090527,0.134916,0.486450
158,0.081397,0.032230,0.048576,0.073285,0.077660,0.091905,0.135171,0.459775
159,0.081000,0.031963,0.048340,0.073125,0.077518,0.091837,0.135168,0.461050
160,0.081372,0.032212,0.048558,0.073274,0.077649,0.091898,0.135169,0.459868
161,0.081899,0.032569,0.048871,0.073482,0.077834,0.091979,0.135169,0.458198
162,0.081476,0.032283,0.048621,0.073316,0.077687,0.091916,0.135170,0.459530
163,0.080352,0.031528,0.047954,0.072873,0.077291,0.091747,0.135169,0.463085
164,0.085252,0.034867,0.050858,0.074754,0.078957,0.092441,0.135104,0.447767
165,0.087975,0.036789,0.052463,0.075751,0.079830,0.092773,0.134989,0.439430
166,0.085189,0.034823,0.050820,0.074728,0.078934,0.092428,0.135104,0.447974
167,0.085180,0.034816,0.050815,0.074724,0.078930,0.092425,0.135104,0.448006
168,0.076987,0.029319,0.045951,0.071516,0.076074,0.091210,0.135104,0.473838
169,0.079734,0.031115,0.047587,0.072627,0.077071,0.091655,0.135164,0.465046
170,0.080441,0.031588,0.048015,0.072904,0.077322,0.091747,0.135167,0.462817
171,0.085203,0.034832,0.050828,0.074734,0.078940,0.092433,0.135105,0.447925
172,0.090681,0.038744,0.054054,0.076713,0.080664,0.093079,0.134826,0.431239
173,0.090682,0.038745,0.054055,0.076713,0.080664,0.093079,0.134826,0.431236
174,0.087931,0.036757,0.052438,0.075736,0.079817,0.092771,0.134993,0.439557
175,0.082330,0.032856,0.049128,0.073646,0.077978,0.092046,0.135166,0.456851
176,0.085128,0.034780,0.050784,0.074707,0.078915,0.092425,0.135108,0.448154
177,0.085190,0.034823,0.050820,0.074731,0.078936,0.092435,0.135106,0.447959
178,0.087936,0.036761,0.052441,0.075739,0.079819,0.092774,0.134993,0.439538
179,0.087913,0.036744,0.052427,0.075731,0.079812,0.092772,0.134994,0.439606
180,0.082406,0.032908,0.049174,0.073677,0.078006,0.092060,0.135166,0.456603
181,0.080304,0.031496,0.047933,0.072853,0.077276,0.091732,0.135168,0.463238
182,0.074933,0.028009,0.044734,0.070663,0.075305,0.090845,0.135018,0.480493
183,0.080172,0.031408,0.047853,0.072799,0.077228,0.091711,0.135166,0.463663
184,0.082818,0.033190,0.049428,0.073836,0.078150,0.092110,0.135161,0.455307
185,0.085577,0.035095,0.051060,0.074879,0.079069,0.092483,0.135096,0.446741
186,0.088299,0.037022,0.052663,0.075871,0.079937,0.092810,0.134974,0.438424
187,0.085455,0.035010,0.050989,0.074834,0.079031,0.092469,0.135101,0.447110
188,0.085505,0.035045,0.051017,0.074854,0.079047,0.092477,0.135100,0.446955
189,0.084403,0.034282,0.050368,0.074444,0.078689,0.092331,0.135132,0.450351
190,0.084501,0.034349,0.050420,0.074474,0.078715,0.092334,0.135125,0.450083
191,0.087139,0.036197,0.051977,0.075449,0.079570,0.092663,0.135028,0.441977
192,0.087125,0.036187,0.051969,0.075444,0.079566,0.092663,0.135029,0.442017
193,0.081528,0.032317,0.048659,0.073335,0.077706,0.091915,0.135169,0.459371
194,0.076129,0.028770,0.045446,0.071163,0.075759,0.091053,0.135072,0.476608
195,0.070841,0.025473,0.042282,0.068898,0.073698,0.090065,0.134733,0.494010
196,0.068839,0.024273,0.041094,0.068021,0.072896,0.089675,0.134551,0.500652
197,0.071754,0.026032,0.042837,0.069313,0.074079,0.090264,0.134818,0.490903
198,0.071856,0.026095,0.042896,0.069356,0.074118,0.090284,0.134826,0.490568
199,0.074308,0.027617,0.044361,0.070414,0.075080,0.090759,0.134994,0.482467
200,0.079614,0.031041,0.047526,0.072596,0.077047,0.091655,0.135172,0.465349
201,0.079499,0.030964,0.047457,0.072549,0.077005,0.091637,0.135170,0.465719
202,0.082157,0.032744,0.049039,0.073596,0.077939,0.092037,0.135176,0.457311
203,0.078873,0.030554,0.047099,0.072310,0.076794,0.091544,0.135165,0.467661
204,0.082993,0.033318,0.049547,0.073926,0.078236,0.092151,0.135167,0.454661
205,0.085632,0.035143,0.051109,0.074921,0.079113,0.092504,0.135100,0.446478
206,0.085386,0.034971,0.050964,0.074828,0.079033,0.092469,0.135109,0.447241
207,0.083488,0.033655,0.049827,0.074104,0.078389,0.092211,0.135153,0.453174
208,0.085529,0.035071,0.051051,0.074884,0.079081,0.092491,0.135105,0.446788
209,0.088398,0.037097,0.052718,0.075908,0.079971,0.092816,0.134967,0.438126
210,0.083003,0.033321,0.049533,0.073908,0.078215,0.092130,0.135156,0.454734
211,0.080900,0.031899,0.048282,0.073093,0.077491,0.091826,0.135170,0.461340
212,0.080430,0.031584,0.048003,0.072909,0.077326,0.091761,0.135171,0.462816
213,0.083932,0.033962,0.050089,0.074276,0.078540,0.092281,0.135146,0.451774
214,0.082596,0.033044,0.049289,0.073758,0.078080,0.092093,0.135168,0.455972
215,0.085236,0.034862,0.050850,0.074757,0.078962,0.092451,0.135109,0.447772
216,0.086742,0.035922,0.051747,0.075317,0.079456,0.092634,0.135053,0.443128
217,0.089427,0.037842,0.053330,0.076286,0.080301,0.092951,0.134914,0.434950
218,0.086587,0.035812,0.051654,0.075261,0.079407,0.092620,0.135061,0.443598
219,0.083831,0.033891,0.050026,0.074233,0.078503,0.092263,0.135148,0.452105
220,0.086555,0.035789,0.051634,0.075249,0.079396,0.092616,0.135062,0.443698
221,0.085346,0.034938,0.050923,0.074803,0.079003,0.092469,0.135109,0.447408
222,0.082670,0.033094,0.049338,0.073790,0.078109,0.092106,0.135169,0.455724
223,0.078750,0.030471,0.047010,0.072247,0.076733,0.091518,0.135159,0.468113
224,0.077928,0.029933,0.046531,0.071903,0.076428,0.091347,0.135134,0.470795
225,0.074369,0.027654,0.044407,0.070425,0.075093,0.090730,0.134991,0.482330
226,0.074371,0.027655,0.044408,0.070426,0.075094,0.090731,0.134991,0.482324
227,0.074196,0.027542,0.044286,0.070350,0.075019,0.090720,0.134978,0.482909
228,0.074355,0.027641,0.044383,0.070419,0.075082,0.090749,0.134988,0.482383
229,0.077884,0.029903,0.046505,0.071884,0.076411,0.091338,0.135133,0.470942
230,0.074314,0.027619,0.044374,0.070401,0.075071,0.090719,0.134987,0.482515
231,0.077873,0.029896,0.046498,0.071879,0.076407,0.091336,0.135132,0.470977
232,0.081415,0.032241,0.048604,0.073289,0.077668,0.091887,0.135172,0.459723
233,0.088548,0.037202,0.052821,0.075955,0.080014,0.092816,0.134959,0.437683
234,0.088525,0.037185,0.052808,0.075946,0.080006,0.092812,0.134960,0.437759
235,0.085071,0.034743,0.050772,0.074682,0.078900,0.092390,0.135108,0.448335
236,0.085027,0.034712,0.050746,0.074665,0.078885,0.092382,0.135109,0.448474
237,0.081469,0.032277,0.048638,0.073308,0.077685,0.091892,0.135170,0.459561
238,0.085077,0.034747,0.050775,0.074685,0.078903,0.092392,0.135109,0.448312
239,0.088665,0.037285,0.052892,0.075996,0.080049,0.092829,0.134952,0.437332
240,0.092314,0.039951,0.055034,0.077275,0.081154,0.093219,0.134701,0.426353
241,0.088675,0.037293,0.052898,0.076000,0.080053,0.092830,0.134951,0.437299
242,0.088583,0.037226,0.052843,0.075967,0.080024,0.092819,0.134957,0.437581
243,0.084984,0.034683,0.050720,0.074651,0.078873,0.092380,0.135112,0.448598
244,0.088636,0.037265,0.052874,0.075988,0.080042,0.092828,0.134955,0.437411
245,0.092192,0.039860,0.054962,0.077233,0.081119,0.093207,0.134712,0.426715
246,0.095859,0.042621,0.057105,0.078465,0.082169,0.093546,0.134374,0.415861
247,0.095822,0.042592,0.057083,0.078451,0.082158,0.093541,0.134377,0.415975
248,0.092207,0.039871,0.054971,0.077239,0.081123,0.093208,0.134710,0.426670
249,0.092208,0.039872,0.054971,0.077239,0.081124,0.093209,0.134710,0.426667
250,0.088555,0.037207,0.052826,0.075958,0.080016,0.092816,0.134959,0.437664
251,0.092170,0.039843,0.054949,0.077225,0.081111,0.093203,0.134713,0.426787
252,0.084955,0.034663,0.050703,0.074640,0.078863,0.092374,0.135113,0.448689
253,0.084908,0.034630,0.050675,0.074621,0.078847,0.092367,0.135114,0.448839
254,0.088721,0.037325,0.052926,0.076015,0.080066,0.092833,0.134948,0.437165
255,0.088718,0.037323,0.052924,0.076015,0.080066,0.092834,0.134948,0.437172
256,0.085127,0.034782,0.050807,0.074703,0.078918,0.092395,0.135106,0.448161
257,0.088818,0.037395,0.052983,0.076050,0.080097,0.092845,0.134942,0.436870
258,0.085193,0.034827,0.050846,0.074727,0.078940,0.092403,0.135104,0.447960
259,0.088797,0.037380,0.052971,0.076043,0.080090,0.092842,0.134944,0.436932
260,0.088788,0.037373,0.052965,0.076040,0.080087,0.092842,0.134944,0.436960
261,0.085223,0.034849,0.050863,0.074740,0.078951,0.092410,0.135104,0.447861
262,0.085216,0.034844,0.050858,0.074737,0.078949,0.092409,0.135104,0.447883
263,0.081716,0.032444,0.048786,0.073406,0.077772,0.091929,0.135170,0.458777
264,0.077871,0.029895,0.046497,0.071878,0.076406,0.091334,0.135132,0.470988
265,0.077828,0.029867,0.046472,0.071860,0.076390,0.091326,0.135131,0.471128
266,0.074304,0.027613,0.044369,0.070396,0.075067,0.090715,0.134986,0.482550
267,0.067420,0.023433,0.040239,0.067354,0.072279,0.089328,0.134377,0.505571
268,0.067420,0.023433,0.040238,0.067353,0.072278,0.089328,0.134377,0.505573
269,0.060748,0.019665,0.036212,0.064152,0.069292,0.087709,0.133318,0.528904
270,0.060797,0.019692,0.036242,0.064177,0.069315,0.087723,0.133328,0.528726
271,0.060775,0.019679,0.036227,0.064165,0.069304,0.087714,0.133322,0.528814
272,0.060818,0.019703,0.036253,0.064187,0.069324,0.087727,0.133331,0.528657
273,0.067392,0.023417,0.040221,0.067339,0.072265,0.089317,0.134371,0.505677
274,0.064104,0.021526,0.038240,0.065795,0.070831,0.088558,0.133912,0.517034
275,0.060878,0.019735,0.036290,0.064218,0.069354,0.087744,0.133344,0.528437
276,0.060923,0.019760,0.036318,0.064241,0.069376,0.087758,0.133353,0.528271
277,0.064456,0.021724,0.038454,0.065964,0.070988,0.088643,0.133967,0.515804
278,0.067792,0.023651,0.040464,0.067524,0.072436,0.089408,0.134420,0.504307
279,0.071521,0.025886,0.042705,0.069195,0.073972,0.090183,0.134792,0.491746
280,0.078502,0.030306,0.046876,0.072131,0.076633,0.091432,0.135143,0.468977
281,0.078506,0.030308,0.046878,0.072132,0.076634,0.091433,0.135143,0.468966
282,0.078466,0.030281,0.046854,0.072115,0.076618,0.091425,0.135142,0.469099
283,0.078498,0.030303,0.046875,0.072131,0.076633,0.091435,0.135145,0.468981
284,0.078487,0.030295,0.046868,0.072126,0.076628,0.091434,0.135144,0.469017
285,0.085608,0.035117,0.051092,0.074883,0.079076,0.092460,0.135090,0.446675
286,0.085607,0.035116,0.051092,0.074882,0.079076,0.092459,0.135090,0.446678
287,0.081766,0.032477,0.048815,0.073425,0.077789,0.091937,0.135169,0.458622
288,0.085343,0.034932,0.050934,0.074785,0.078991,0.092427,0.135100,0.447488
289,0.081409,0.032237,0.048602,0.073287,0.077666,0.091884,0.135172,0.459744
290,0.077854,0.029883,0.046487,0.071871,0.076400,0.091331,0.135132,0.471042
291,0.078999,0.030635,0.047167,0.072335,0.076816,0.091516,0.135155,0.467377
292,0.086111,0.035473,0.051383,0.075071,0.079242,0.092523,0.135073,0.445123
293,0.079199,0.030767,0.047285,0.072416,0.076889,0.091549,0.135159,0.466736
294,0.087444,0.036418,0.052166,0.075561,0.079671,0.092687,0.135016,0.441036
295,0.080405,0.031569,0.048000,0.072897,0.077319,0.091736,0.135171,0.462902
296,0.080404,0.031568,0.047999,0.072896,0.077319,0.091736,0.135170,0.462908
297,0.083922,0.033952,0.050086,0.074255,0.078525,0.092238,0.135139,0.451883
298,0.083876,0.033921,0.050058,0.074237,0.078509,0.092232,0.135140,0.452026
299,0.087553,0.036496,0.052230,0.075601,0.079706,0.092701,0.135011,0.440702
300,0.083979,0.033992,0.050119,0.074277,0.078544,0.092246,0.135138,0.451704
301,0.086302,0.035608,0.051495,0.075142,0.079304,0.092547,0.135066,0.444536
302,0.082746,0.033145,0.049392,0.073805,0.078127,0.092076,0.135160,0.455550
303,0.082550,0.033011,0.049276,0.073729,0.078059,0.092048,0.135163,0.456164
304,0.077773,0.029831,0.046439,0.071837,0.076369,0.091317,0.135129,0.471306
305,0.081279,0.032149,0.048524,0.073234,0.077619,0.091862,0.135171,0.460164
306,0.084873,0.034605,0.050654,0.074608,0.078835,0.092362,0.135114,0.448949
307,0.081290,0.032156,0.048531,0.073238,0.077623,0.091864,0.135171,0.460126
308,0.081273,0.032145,0.048520,0.073230,0.077615,0.091857,0.135169,0.460191
309,0.081274,0.032146,0.048521,0.073231,0.077616,0.091858,0.135169,0.460185
310,0.084863,0.034598,0.050647,0.074602,0.078830,0.092357,0.135113,0.448989
311,0.081273,0.032144,0.048520,0.073230,0.077615,0.091857,0.135169,0.460191
312,0.077772,0.029830,0.046438,0.071835,0.076367,0.091313,0.135127,0.471318
313,0.081382,0.032219,0.048585,0.073275,0.077655,0.091877,0.135170,0.459837
314,0.084922,0.034639,0.050682,0.074626,0.078851,0.092367,0.135112,0.448801
315,0.084926,0.034642,0.050684,0.074627,0.078852,0.092368,0.135112,0.448789
316,0.084924,0.034641,0.050683,0.074627,0.078852,0.092368,0.135112,0.448794
317,0.088533,0.037191,0.052812,0.075948,0.080008,0.092810,0.134959,0.437739
318,0.081397,0.032228,0.048594,0.073281,0.077661,0.091881,0.135171,0.459787
319,0.081394,0.032226,0.048592,0.073280,0.077660,0.091881,0.135171,0.459796
320,0.081395,0.032227,0.048593,0.073281,0.077660,0.091881,0.135171,0.459791
321,0.081392,0.032225,0.048591,0.073279,0.077659,0.091880,0.135171,0.459803
322,0.088581,0.037226,0.052841,0.075967,0.080024,0.092819,0.134957,0.437586
323,0.084975,0.034677,0.050714,0.074647,0.078870,0.092377,0.135112,0.448628
324,0.081391,0.032225,0.048591,0.073279,0.077659,0.091881,0.135171,0.459803
325,0.077836,0.029872,0.046476,0.071863,0.076393,0.091328,0.135131,0.471101
326,0.077853,0.029883,0.046487,0.071870,0.076399,0.091331,0.135131,0.471045
327,0.081271,0.032145,0.048528,0.073241,0.077627,0.091875,0.135177,0.460138
328,0.081254,0.032133,0.048516,0.073232,0.077619,0.091870,0.135177,0.460199
329,0.081216,0.032107,0.048493,0.073216,0.077604,0.091863,0.135176,0.460326
330,0.084800,0.034555,0.050616,0.074586,0.078816,0.092360,0.135120,0.449147
331,0.081202,0.032098,0.048485,0.073210,0.077599,0.091859,0.135175,0.460373
332,0.074131,0.027504,0.044271,0.070328,0.075007,0.090691,0.134980,0.483088
333,0.077624,0.029733,0.046355,0.071779,0.076318,0.091296,0.135128,0.471766
334,0.077623,0.029733,0.046355,0.071779,0.076318,0.091297,0.135128,0.471766
335,0.081225,0.032113,0.048497,0.073218,0.077605,0.091861,0.135175,0.460306
336,0.081154,0.032065,0.048458,0.073192,0.077583,0.091852,0.135176,0.460520
337,0.074244,0.027575,0.044332,0.070369,0.075043,0.090701,0.134981,0.482755
338,0.081324,0.032179,0.048551,0.073251,0.077635,0.091868,0.135170,0.460022
339,0.077766,0.029826,0.046434,0.071833,0.076366,0.091313,0.135128,0.471335
340,0.074330,0.027629,0.044384,0.070408,0.075078,0.090721,0.134988,0.482461
341,0.077846,0.029878,0.046482,0.071868,0.076397,0.091330,0.135131,0.471067
342,0.081341,0.032191,0.048561,0.073258,0.077641,0.091871,0.135171,0.459966
343,0.081340,0.032190,0.048560,0.073258,0.077640,0.091870,0.135171,0.459972
344,0.077786,0.029839,0.046447,0.071842,0.076373,0.091317,0.135128,0.471268
345,0.081290,0.032156,0.048531,0.073238,0.077622,0.091861,0.135170,0.460131
346,0.081293,0.032158,0.048532,0.073238,0.077623,0.091862,0.135170,0.460124
347,0.081260,0.032136,0.048514,0.073225,0.077611,0.091856,0.135170,0.460228
348,0.081333,0.032185,0.048557,0.073254,0.077637,0.091868,0.135170,0.459996
349,0.084915,0.034634,0.050679,0.074623,0.078848,0.092365,0.135113,0.448822
350,0.081279,0.032149,0.048525,0.073232,0.077617,0.091858,0.135170,0.460171
351,0.081321,0.032177,0.048550,0.073249,0.077633,0.091865,0.135170,0.460035
352,0.084909,0.034630,0.050675,0.074622,0.078847,0.092367,0.135114,0.448836
353,0.082626,0.033063,0.049322,0.073758,0.078085,0.092058,0.135162,0.455927
354,0.082832,0.033203,0.049445,0.073837,0.078155,0.092086,0.135158,0.455283
355,0.079560,0.031004,0.047504,0.072558,0.077016,0.091603,0.135161,0.465594
356,0.083026,0.033334,0.049562,0.073910,0.078220,0.092112,0.135154,0.454681
357,0.086644,0.035848,0.051702,0.075266,0.079413,0.092588,0.135050,0.443489
358,0.079487,0.030956,0.047462,0.072528,0.076990,0.091590,0.135160,0.465826
359,0.079551,0.030998,0.047499,0.072554,0.077013,0.091602,0.135161,0.465622
360,0.083074,0.033367,0.049590,0.073929,0.078236,0.092119,0.135153,0.454532
361,0.083068,0.033363,0.049586,0.073926,0.078234,0.092118,0.135153,0.454552
362,0.076004,0.028692,0.045385,0.071110,0.075714,0.091016,0.135067,0.477012
363,0.078318,0.030185,0.046767,0.072056,0.076566,0.091402,0.135140,0.469565
364,0.085281,0.034889,0.050897,0.074760,0.078969,0.092415,0.135101,0.447689
365,0.081361,0.032204,0.048574,0.073266,0.077648,0.091874,0.135171,0.459902
366,0.081358,0.032202,0.048571,0.073265,0.077646,0.091873,0.135171,0.459914
367,0.081362,0.032205,0.048574,0.073266,0.077648,0.091873,0.135171,0.459902
368,0.088594,0.037234,0.052848,0.075971,0.080028,0.092819,0.134956,0.437549
369,0.084991,0.034688,0.050723,0.074653,0.078875,0.092378,0.135111,0.448580
370,0.081390,0.032224,0.048590,0.073279,0.077659,0.091881,0.135171,0.459806
371,0.081338,0.032189,0.048559,0.073258,0.077640,0.091872,0.135171,0.459973
372,0.084928,0.034644,0.050686,0.074629,0.078854,0.092370,0.135113,0.448775
373,0.084947,0.034657,0.050698,0.074636,0.078860,0.092372,0.135113,0.448718
374,0.084933,0.034647,0.050689,0.074629,0.078854,0.092367,0.135112,0.448770
375,0.084937,0.034650,0.050692,0.074631,0.078856,0.092368,0.135112,0.448755
376,0.077792,0.029843,0.046450,0.071843,0.076375,0.091316,0.135128,0.471253
377,0.081304,0.032166,0.048540,0.073242,0.077626,0.091861,0.135169,0.460091
378,0.077754,0.029818,0.046428,0.071827,0.076360,0.091308,0.135127,0.471378
379,0.081608,0.032370,0.048722,0.073360,0.077731,0.091904,0.135167,0.459139
380,0.081642,0.032392,0.048742,0.073373,0.077743,0.091911,0.135167,0.459031
381,0.081692,0.032426,0.048771,0.073394,0.077761,0.091920,0.135168,0.458870
382,0.085278,0.034887,0.050895,0.074758,0.078967,0.092412,0.135100,0.447703
383,0.081693,0.032427,0.048771,0.073393,0.077760,0.091918,0.135167,0.458873
384,0.078172,0.030090,0.046679,0.071999,0.076514,0.091383,0.135138,0.470025
385,0.085303,0.034904,0.050910,0.074769,0.078977,0.092420,0.135101,0.447615
386,0.088876,0.037437,0.053017,0.076072,0.080115,0.092853,0.134940,0.436691
387,0.081741,0.032460,0.048800,0.073416,0.077780,0.091934,0.135170,0.458698
388,0.081698,0.032431,0.048775,0.073398,0.077765,0.091926,0.135169,0.458837
389,0.081399,0.032230,0.048595,0.073283,0.077662,0.091883,0.135172,0.459777
390,0.081356,0.032201,0.048570,0.073265,0.077647,0.091876,0.135171,0.459912
391,0.081354,0.032200,0.048569,0.073264,0.077646,0.091875,0.135171,0.459920
392,0.074333,0.027631,0.044385,0.070409,0.075079,0.090722,0.134988,0.482452
393,0.077848,0.029880,0.046483,0.071869,0.076397,0.091331,0.135131,0.471061
394,0.077789,0.029841,0.046449,0.071844,0.076375,0.091320,0.135129,0.471252
395,0.070808,0.025454,0.042275,0.068883,0.073686,0.090045,0.134733,0.494116
396,0.068745,0.024217,0.041033,0.067961,0.072839,0.089618,0.134530,0.501057
397,0.075643,0.028462,0.045166,0.070961,0.075580,0.090955,0.135053,0.478178
398,0.072216,0.026316,0.043116,0.069502,0.074253,0.090325,0.134849,0.489424
399,0.075670,0.028479,0.045181,0.070972,0.075589,0.090957,0.135053,0.478098
400,0.079199,0.030767,0.047285,0.072414,0.076887,0.091544,0.135157,0.466749
401,0.079148,0.030733,0.047255,0.072392,0.076868,0.091534,0.135156,0.466914
402,0.086244,0.035566,0.051460,0.075117,0.079283,0.092533,0.135066,0.444732
403,0.086301,0.035606,0.051494,0.075139,0.079302,0.092542,0.135064,0.444554
404,0.082759,0.033153,0.049399,0.073809,0.078130,0.092074,0.135159,0.455518
405,0.089990,0.038246,0.053665,0.076468,0.080460,0.092974,0.134870,0.433326
406,0.092260,0.039911,0.054999,0.077255,0.081137,0.093210,0.134704,0.426524
407,0.084985,0.034683,0.050719,0.074649,0.078872,0.092375,0.135110,0.448607
408,0.092167,0.039841,0.054946,0.077221,0.081108,0.093197,0.134711,0.426808
409,0.088530,0.037189,0.052811,0.075948,0.080008,0.092813,0.134960,0.437741
410,0.088575,0.037221,0.052837,0.075965,0.080022,0.092819,0.134958,0.437602
411,0.092237,0.039894,0.054987,0.077249,0.081132,0.093213,0.134708,0.426579
412,0.088663,0.037285,0.052889,0.075998,0.080051,0.092833,0.134954,0.437327
413,0.092236,0.039893,0.054987,0.077249,0.081132,0.093212,0.134708,0.426584
414,0.095811,0.042584,0.057076,0.078447,0.082154,0.093540,0.134378,0.416009
415,0.092146,0.039826,0.054935,0.077216,0.081104,0.093200,0.134714,0.426857
416,0.088577,0.037222,0.052839,0.075966,0.080023,0.092819,0.134957,0.437597
417,0.088623,0.037256,0.052865,0.075983,0.080038,0.092826,0.134955,0.437452
418,0.088624,0.037256,0.052866,0.075983,0.080038,0.092826,0.134955,0.437452
419,0.092238,0.039894,0.054988,0.077249,0.081132,0.093212,0.134708,0.426578
420,0.092237,0.039894,0.054987,0.077249,0.081132,0.093212,0.134708,0.426581
421,0.084970,0.034673,0.050711,0.074646,0.078868,0.092378,0.135112,0.448643
422,0.086241,0.035564,0.051460,0.075119,0.079284,0.092539,0.135068,0.444725
423,0.082682,0.033101,0.049354,0.073781,0.078105,0.092068,0.135162,0.455748
424,0.079141,0.030729,0.047252,0.072392,0.076868,0.091540,0.135158,0.466921
425,0.079129,0.030721,0.047244,0.072387,0.076863,0.091538,0.135158,0.466961
426,0.082693,0.033108,0.049361,0.073785,0.078109,0.092070,0.135161,0.455713
427,0.089779,0.038093,0.053543,0.076393,0.080395,0.092951,0.134884,0.433962
428,0.086176,0.035518,0.051420,0.075093,0.079262,0.092528,0.135070,0.444933
429,0.082551,0.033011,0.049277,0.073728,0.078058,0.092044,0.135161,0.456171
430,0.082519,0.032989,0.049258,0.073715,0.078047,0.092038,0.135161,0.456273
431,0.086449,0.035710,0.051585,0.075192,0.079348,0.092560,0.135057,0.444099
432,0.085177,0.034816,0.050836,0.074720,0.078933,0.092398,0.135103,0.448016
433,0.088735,0.037334,0.052934,0.076018,0.080068,0.092830,0.134945,0.437136
434,0.092413,0.040023,0.055094,0.077305,0.081180,0.093221,0.134690,0.426074
435,0.092458,0.040056,0.055120,0.077321,0.081193,0.093227,0.134687,0.425938
436,0.088844,0.037413,0.052999,0.076058,0.080103,0.092844,0.134940,0.436798
437,0.081667,0.032409,0.048757,0.073385,0.077753,0.091920,0.135169,0.458939
438,0.081663,0.032407,0.048755,0.073384,0.077752,0.091919,0.135169,0.458952
439,0.081662,0.032406,0.048754,0.073383,0.077752,0.091919,0.135169,0.458954
440,0.078154,0.030079,0.046669,0.071992,0.076508,0.091380,0.135138,0.470081
441,0.081333,0.032185,0.048556,0.073254,0.077637,0.091867,0.135170,0.459999
442,0.081636,0.032390,0.048735,0.073374,0.077743,0.091913,0.135169,0.459039
443,0.074435,0.027696,0.044446,0.070451,0.075117,0.090736,0.134992,0.482126
444,0.070905,0.025512,0.042332,0.068924,0.073724,0.090059,0.134740,0.493803
445,0.074323,0.027624,0.044379,0.070401,0.075072,0.090712,0.134985,0.482505
446,0.074340,0.027635,0.044389,0.070408,0.075078,0.090713,0.134985,0.482451
447,0.074294,0.027606,0.044362,0.070388,0.075060,0.090705,0.134983,0.482601
448,0.070793,0.025444,0.042265,0.068872,0.073677,0.090033,0.134729,0.494186
449,0.074361,0.027649,0.044403,0.070418,0.075087,0.090719,0.134987,0.482375
450,0.081534,0.032321,0.048679,0.073331,0.077707,0.091892,0.135168,0.459369
451,0.074367,0.027653,0.044407,0.070422,0.075091,0.090723,0.134989,0.482348
452,0.074199,0.027546,0.044306,0.070350,0.075025,0.090692,0.134979,0.482902
453,0.081303,0.032165,0.048539,0.073242,0.077626,0.091863,0.135170,0.460093
454,0.084894,0.034620,0.050666,0.074615,0.078841,0.092362,0.135113,0.448889
455,0.084893,0.034619,0.050666,0.074614,0.078841,0.092362,0.135113,0.448892
456,0.088499,0.037166,0.052793,0.075935,0.079997,0.092805,0.134960,0.437844
457,0.092120,0.039806,0.054919,0.077205,0.081095,0.093194,0.134715,0.426946
458,0.092164,0.039839,0.054945,0.077221,0.081109,0.093200,0.134712,0.426810
459,0.085314,0.034912,0.050916,0.074773,0.078980,0.092420,0.135100,0.447585
460,0.081779,0.032486,0.048822,0.073430,0.077793,0.091937,0.135169,0.458584
461,0.085345,0.034934,0.050933,0.074785,0.078990,0.092424,0.135099,0.447490
462,0.088947,0.037488,0.053057,0.076097,0.080137,0.092860,0.134935,0.436481
463,0.085301,0.034903,0.050907,0.074767,0.078975,0.092417,0.135100,0.447631
464,0.081727,0.032450,0.048791,0.073408,0.077773,0.091927,0.135168,0.458755
465,0.074655,0.027833,0.044579,0.070543,0.075200,0.090776,0.135003,0.481410
466,0.071235,0.025712,0.042531,0.069070,0.073858,0.090129,0.134769,0.492697
467,0.074703,0.027863,0.044607,0.070564,0.075219,0.090786,0.135006,0.481251
468,0.074657,0.027834,0.044580,0.070544,0.075201,0.090777,0.135003,0.481404
469,0.081373,0.032212,0.048579,0.073270,0.077651,0.091874,0.135170,0.459870
470,0.077849,0.029880,0.046483,0.071867,0.076396,0.091326,0.135130,0.471069
471,0.077854,0.029884,0.046486,0.071869,0.076398,0.091327,0.135130,0.471052
472,0.070815,0.025458,0.042278,0.068884,0.073687,0.090042,0.134732,0.494103
473,0.070814,0.025456,0.042277,0.068883,0.073687,0.090042,0.134732,0.494109
474,0.070820,0.025460,0.042281,0.068886,0.073689,0.090043,0.134733,0.494088
475,0.070817,0.025459,0.042279,0.068885,0.073688,0.090043,0.134733,0.494096
476,0.074236,0.027570,0.044327,0.070365,0.075039,0.090698,0.134980,0.482784
477,0.074298,0.027609,0.044364,0.070392,0.075063,0.090711,0.134984,0.482580
478,0.074294,0.027606,0.044362,0.070390,0.075062,0.090710,0.134984,0.482591
479,0.070821,0.025461,0.042281,0.068887,0.073690,0.090044,0.134733,0.494083
480,0.070746,0.025416,0.042237,0.068853,0.073659,0.090028,0.134726,0.494336
481,0.070680,0.025376,0.042198,0.068824,0.073633,0.090017,0.134721,0.494552
482,0.074207,0.027552,0.044310,0.070354,0.075029,0.090697,0.134980,0.482870
483,0.077774,0.029832,0.046439,0.071838,0.076370,0.091318,0.135129,0.471301
484,0.081349,0.032196,0.048566,0.073262,0.077644,0.091874,0.135171,0.459938
485,0.084979,0.034679,0.050716,0.074649,0.078871,0.092379,0.135112,0.448614
486,0.081396,0.032228,0.048594,0.073281,0.077661,0.091882,0.135171,0.459786
487,0.081394,0.032226,0.048592,0.073280,0.077660,0.091882,0.135171,0.459794
488,0.088584,0.037227,0.052843,0.075968,0.080025,0.092820,0.134957,0.437576
489,0.088538,0.037194,0.052816,0.075951,0.080010,0.092813,0.134959,0.437717
490,0.088873,0.037434,0.053015,0.076070,0.080114,0.092851,0.134939,0.436703
491,0.089240,0.037699,0.053233,0.076202,0.080227,0.092894,0.134917,0.435589
492,0.089238,0.037698,0.053232,0.076201,0.080227,0.092894,0.134917,0.435594
493,0.089199,0.037669,0.053209,0.076186,0.080214,0.092888,0.134919,0.435717
494,0.089203,0.037672,0.053211,0.076187,0.080215,0.092889,0.134919,0.435704
495,0.089160,0.037641,0.053186,0.076171,0.080201,0.092882,0.134921,0.435838
496,0.096408,0.043040,0.057428,0.078641,0.082317,0.093588,0.134312,0.414266
497,0.096353,0.042998,0.057397,0.078622,0.082302,0.093582,0.134318,0.414427
498,0.096395,0.043030,0.057421,0.078637,0.082314,0.093587,0.134314,0.414303
499,0.100024,0.045860,0.059530,0.079794,0.083286,0.093862,0.133884,0.403760
500,0.103342,0.048522,0.061445,0.080808,0.084126,0.094072,0.133423,0.394263
501,0.103025,0.048266,0.061260,0.080713,0.084048,0.094053,0.133471,0.395164
502,0.106560,0.051173,0.063293,0.081750,0.084894,0.094233,0.132914,0.385182
503,0.102979,0.048228,0.061234,0.080698,0.084036,0.094049,0.133477,0.395299
504,0.103025,0.048265,0.061260,0.080713,0.084048,0.094053,0.133471,0.395165
505,0.099426,0.045389,0.059178,0.079608,0.083131,0.093822,0.133963,0.405483
506,0.095764,0.042548,0.057049,0.078431,0.082141,0.093534,0.134382,0.416151
507,0.092138,0.039820,0.054930,0.077214,0.081102,0.093200,0.134715,0.426881
508,0.088472,0.037147,0.052777,0.075927,0.079989,0.092805,0.134963,0.437921
509,0.088515,0.037178,0.052802,0.075942,0.080003,0.092811,0.134960,0.437790
510,0.088524,0.037184,0.052807,0.075946,0.080006,0.092812,0.134960,0.437761
511,0.092099,0.039791,0.054908,0.077199,0.081089,0.093194,0.134718,0.427001
512,0.088527,0.037186,0.052809,0.075947,0.080007,0.092812,0.134960,0.437752
513,0.088572,0.037219,0.052835,0.075964,0.080021,0.092819,0.134958,0.437613
514,0.088551,0.037204,0.052823,0.075956,0.080014,0.092816,0.134958,0.437679
515,0.089894,0.038177,0.053610,0.076435,0.080431,0.092967,0.134877,0.433609
516,0.089949,0.038216,0.053642,0.076455,0.080448,0.092974,0.134874,0.433442
517,0.093547,0.040873,0.055751,0.077696,0.081515,0.093338,0.134596,0.422683
518,0.093603,0.040916,0.055784,0.077716,0.081533,0.093345,0.134591,0.422512
519,0.086347,0.035640,0.051521,0.075159,0.079319,0.092555,0.135064,0.444395
520,0.086346,0.035639,0.051520,0.075158,0.079319,0.092554,0.135064,0.444400
521,0.079212,0.030775,0.047292,0.072420,0.076893,0.091551,0.135158,0.466698
522,0.079171,0.030749,0.047269,0.072404,0.076878,0.091543,0.135157,0.466829
523,0.075660,0.028473,0.045176,0.070968,0.075586,0.090959,0.135054,0.478125
524,0.072214,0.026315,0.043114,0.069501,0.074252,0.090324,0.134849,0.489431
525,0.077819,0.029861,0.046465,0.071856,0.076386,0.091326,0.135130,0.471156
526,0.081375,0.032214,0.048580,0.073273,0.077653,0.091879,0.135171,0.459855
527,0.077818,0.029860,0.046465,0.071856,0.076386,0.091326,0.135130,0.471158
528,0.077816,0.029859,0.046464,0.071855,0.076385,0.091325,0.135130,0.471165
529,0.081427,0.032249,0.048611,0.073294,0.077672,0.091888,0.135172,0.459688
530,0.081428,0.032249,0.048611,0.073294,0.077672,0.091888,0.135172,0.459685
531,0.082045,0.032671,0.048966,0.073546,0.077894,0.092003,0.135173,0.457702
532,0.085925,0.035348,0.051261,0.075016,0.079193,0.092528,0.135086,0.445642
533,0.092630,0.040196,0.055203,0.077399,0.081262,0.093274,0.134680,0.425355
534,0.095375,0.042263,0.056807,0.078321,0.082048,0.093527,0.134427,0.417231
535,0.095309,0.042213,0.056768,0.078299,0.082029,0.093521,0.134434,0.417428
536,0.092659,0.040218,0.055220,0.077409,0.081270,0.093276,0.134677,0.425271
537,0.092524,0.040122,0.055141,0.077367,0.081237,0.093261,0.134688,0.425660
538,0.088787,0.037388,0.052948,0.076061,0.080109,0.092866,0.134950,0.436891
539,0.087596,0.036532,0.052249,0.075631,0.079733,0.092728,0.135013,0.440519
540,0.092202,0.039868,0.054967,0.077236,0.081121,0.093208,0.134710,0.426687
541,0.083443,0.033627,0.049796,0.074083,0.078373,0.092193,0.135153,0.453333
542,0.088543,0.037198,0.052819,0.075953,0.080012,0.092814,0.134959,0.437702
543,0.088588,0.037231,0.052845,0.075970,0.080026,0.092821,0.134957,0.437563
544,0.092205,0.039870,0.054969,0.077237,0.081122,0.093208,0.134710,0.426678
545,0.088632,0.037262,0.052870,0.075986,0.080041,0.092828,0.134955,0.437427
546,0.088633,0.037263,0.052871,0.075987,0.080041,0.092828,0.134955,0.437422
547,0.090791,0.038829,0.054140,0.076748,0.080701,0.093063,0.134817,0.430911
548,0.096214,0.042892,0.057311,0.078578,0.082265,0.093572,0.134335,0.414832
549,0.101312,0.046885,0.060270,0.080188,0.083614,0.093940,0.133712,0.400080
550,0.102984,0.048231,0.061235,0.080697,0.084034,0.094043,0.133474,0.395302
551,0.107589,0.052034,0.063882,0.082040,0.085128,0.094271,0.132737,0.382319
552,0.076094,0.028748,0.045436,0.071146,0.075746,0.091030,0.135071,0.476729
553,0.086270,0.035582,0.051477,0.075124,0.079288,0.092535,0.135064,0.444660
554,0.091387,0.039265,0.054487,0.076952,0.080876,0.093117,0.134771,0.429145
555,0.083351,0.033555,0.049751,0.074032,0.078327,0.092155,0.135149,0.453681
556,0.091264,0.039175,0.054415,0.076910,0.080840,0.093106,0.134780,0.429510
557,0.100879,0.046540,0.060018,0.080057,0.083505,0.093914,0.133771,0.401316
558,0.096541,0.043143,0.057500,0.078682,0.082353,0.093594,0.134298,0.413889
559,0.092234,0.039891,0.054985,0.077248,0.081131,0.093212,0.134708,0.426591
560,0.092179,0.039850,0.054953,0.077228,0.081114,0.093205,0.134712,0.426759
561,0.087897,0.036736,0.052437,0.075722,0.079811,0.092742,0.134994,0.439662
562,0.090504,0.038618,0.053971,0.076647,0.080614,0.093032,0.134837,0.431777
563,0.089001,0.037527,0.053087,0.076117,0.080155,0.092868,0.134933,0.436311
564,0.087505,0.036456,0.052207,0.075579,0.079686,0.092693,0.135013,0.440861
565,0.086162,0.035506,0.051415,0.075087,0.079256,0.092529,0.135071,0.444973
566,0.084962,0.034668,0.050705,0.074643,0.078865,0.092377,0.135113,0.448668
567,0.084963,0.034669,0.050706,0.074643,0.078866,0.092377,0.135113,0.448663
568,0.085013,0.034703,0.050735,0.074663,0.078883,0.092385,0.135111,0.448507
569,0.081429,0.032250,0.048612,0.073295,0.077673,0.091889,0.135172,0.459680
570,0.081429,0.032250,0.048612,0.073295,0.077673,0.091889,0.135172,0.459682
571,0.081376,0.032214,0.048581,0.073273,0.077653,0.091879,0.135171,0.459853
572,0.081376,0.032215,0.048581,0.073273,0.077654,0.091879,0.135171,0.459850
573,0.084910,0.034631,0.050675,0.074622,0.078848,0.092368,0.135114,0.448832
574,0.084912,0.034633,0.050676,0.074623,0.078848,0.092368,0.135114,0.448826
575,0.088521,0.037182,0.052805,0.075945,0.080005,0.092812,0.134960,0.437770
576,0.092095,0.039788,0.054905,0.077198,0.081088,0.093194,0.134718,0.427016
577,0.088525,0.037185,0.052808,0.075946,0.080006,0.092812,0.134960,0.437759
578,0.088479,0.037152,0.052781,0.075929,0.079991,0.092805,0.134962,0.437902
579,0.095737,0.042527,0.057034,0.078420,0.082132,0.093529,0.134384,0.416237
580,0.099397,0.045366,0.059162,0.079597,0.083122,0.093816,0.133965,0.405574
581,0.099439,0.045399,0.059186,0.079611,0.083134,0.093821,0.133960,0.405450
582,0.099484,0.045435,0.059211,0.079626,0.083146,0.093826,0.133955,0.405316
583,0.095913,0.042662,0.057134,0.078481,0.082183,0.093550,0.134368,0.415709
584,0.092341,0.039971,0.055047,0.077286,0.081163,0.093224,0.134700,0.426269
585,0.088728,0.037332,0.052925,0.076022,0.080071,0.092840,0.134950,0.437133
586,0.085175,0.034816,0.050829,0.074725,0.078938,0.092409,0.135107,0.448000
587,0.085126,0.034782,0.050801,0.074706,0.078921,0.092401,0.135108,0.448155
588,0.081595,0.032363,0.048709,0.073361,0.077732,0.091916,0.135172,0.459152
589,0.081540,0.032326,0.048678,0.073340,0.077713,0.091909,0.135173,0.459322
590,0.081539,0.032325,0.048677,0.073339,0.077712,0.091908,0.135172,0.459327
591,0.077934,0.029936,0.046534,0.071905,0.076430,0.091348,0.135134,0.470779
592,0.074417,0.027684,0.044435,0.070446,0.075112,0.090741,0.134994,0.482170
593,0.074418,0.027685,0.044435,0.070446,0.075113,0.090741,0.134994,0.482170
594,0.074368,0.027653,0.044406,0.070425,0.075093,0.090730,0.134990,0.482336
595,0.082764,0.033157,0.049402,0.073813,0.078133,0.092080,0.135160,0.455492
596,0.082697,0.033111,0.049363,0.073786,0.078110,0.092069,0.135161,0.455704
597,0.082742,0.033142,0.049389,0.073804,0.078126,0.092077,0.135161,0.455559
598,0.089803,0.038110,0.053558,0.076403,0.080403,0.092956,0.134884,0.433884
599,0.086267,0.035582,0.051475,0.075129,0.079293,0.092544,0.135068,0.444642
600,0.079953,0.031267,0.047732,0.072716,0.077157,0.091665,0.135167,0.464344
601,0.083364,0.033568,0.049757,0.074043,0.078337,0.092163,0.135151,0.453617
602,0.083323,0.033539,0.049733,0.074026,0.078322,0.092156,0.135151,0.453750
603,0.079519,0.030979,0.047476,0.072543,0.077003,0.091597,0.135162,0.465722
604,0.088081,0.036873,0.052541,0.075791,0.079872,0.092761,0.134983,0.439099
605,0.086705,0.035892,0.051732,0.075290,0.079434,0.092597,0.135049,0.443301
606,0.084314,0.034224,0.050318,0.074404,0.078656,0.092292,0.135130,0.450663
607,0.088234,0.036983,0.052631,0.075847,0.079921,0.092779,0.134976,0.438629
608,0.080873,0.031882,0.048276,0.073078,0.077481,0.091800,0.135170,0.461439
609,0.084634,0.034446,0.050504,0.074522,0.078760,0.092329,0.135120,0.449685
610,0.087446,0.036419,0.052167,0.075559,0.079670,0.092682,0.135014,0.441042
611,0.087497,0.036455,0.052197,0.075577,0.079686,0.092687,0.135011,0.440891
612,0.091091,0.039053,0.054310,0.076853,0.080793,0.093088,0.134793,0.430019
613,0.098273,0.044490,0.058503,0.079244,0.082828,0.093731,0.134101,0.408830
614,0.093506,0.040842,0.055727,0.077679,0.081501,0.093328,0.134598,0.422818
615,0.089843,0.038139,0.053581,0.076416,0.080415,0.092959,0.134880,0.433767
616,0.092105,0.039795,0.054911,0.077201,0.081091,0.093193,0.134717,0.426988
617,0.084823,0.034570,0.050624,0.074588,0.078817,0.092353,0.135115,0.449110
618,0.088432,0.037118,0.052754,0.075911,0.079975,0.092797,0.134964,0.438050
619,0.081233,0.032118,0.048497,0.073215,0.077602,0.091852,0.135170,0.460313
620,0.084827,0.034573,0.050626,0.074589,0.078818,0.092353,0.135115,0.449099
621,0.084873,0.034605,0.050653,0.074607,0.078834,0.092360,0.135114,0.448952
622,0.088485,0.037156,0.052784,0.075930,0.079992,0.092804,0.134961,0.437887
623,0.084928,0.034644,0.050686,0.074629,0.078853,0.092369,0.135113,0.448778
624,0.088534,0.037192,0.052813,0.075949,0.080008,0.092812,0.134959,0.437734
625,0.092156,0.039833,0.054939,0.077217,0.081105,0.093196,0.134712,0.426841
626,0.092158,0.039834,0.054940,0.077217,0.081105,0.093195,0.134711,0.426840
627,0.095838,0.042604,0.057090,0.078453,0.082159,0.093536,0.134373,0.415948
628,0.095840,0.042606,0.057091,0.078454,0.082160,0.093536,0.134373,0.415942
629,0.103017,0.048259,0.061254,0.080707,0.084042,0.094044,0.133469,0.395207
630,0.103063,0.048296,0.061279,0.080721,0.084054,0.094049,0.133463,0.395075
631,0.106604,0.051209,0.063317,0.081759,0.084902,0.094228,0.132905,0.385077
632,0.106655,0.051253,0.063346,0.081775,0.084914,0.094232,0.132897,0.384930
633,0.106612,0.051216,0.063321,0.081761,0.084903,0.094228,0.132903,0.385055
634,0.106611,0.051215,0.063320,0.081761,0.084903,0.094228,0.132904,0.385059
635,0.106650,0.051248,0.063342,0.081773,0.084913,0.094230,0.132897,0.384948
636,0.110211,0.054263,0.065378,0.082770,0.085713,0.094367,0.132265,0.375034
637,0.113695,0.057294,0.067357,0.083700,0.086446,0.094458,0.131580,0.365470
638,0.113740,0.057333,0.067382,0.083712,0.086455,0.094460,0.131572,0.365346
639,0.113784,0.057372,0.067406,0.083724,0.086465,0.094462,0.131563,0.365223
640,0.113742,0.057335,0.067383,0.083713,0.086456,0.094460,0.131571,0.365341
641,0.110164,0.054222,0.065353,0.082760,0.085706,0.094374,0.132277,0.375144
642,0.106562,0.051175,0.063294,0.081750,0.084895,0.094233,0.132914,0.385177
643,0.103026,0.048266,0.061260,0.080713,0.084048,0.094053,0.133471,0.395164
644,0.099376,0.045350,0.059150,0.079591,0.083117,0.093817,0.133968,0.405630
645,0.099330,0.045313,0.059123,0.079576,0.083104,0.093812,0.133974,0.405770
646,0.095711,0.042507,0.057018,0.078412,0.082125,0.093528,0.134387,0.416311
647,0.088468,0.037144,0.052774,0.075925,0.079987,0.092804,0.134963,0.437935
648,0.076025,0.028703,0.045396,0.071118,0.075721,0.091022,0.135070,0.476946
649,0.070804,0.025450,0.042271,0.068880,0.073684,0.090044,0.134733,0.494134
650,0.065714,0.022443,0.039210,0.066560,0.071543,0.088943,0.134153,0.511434
651,0.070881,0.025498,0.042317,0.068916,0.073716,0.090062,0.134740,0.493870
652,0.076181,0.028804,0.045488,0.071186,0.075782,0.091054,0.135077,0.476429
653,0.076104,0.028754,0.045442,0.071152,0.075752,0.091038,0.135074,0.476685
654,0.076103,0.028754,0.045442,0.071152,0.075752,0.091038,0.135074,0.476686
655,0.070960,0.025546,0.042364,0.068952,0.073749,0.090080,0.134748,0.493602
656,0.065870,0.022533,0.039304,0.066636,0.071613,0.088984,0.134176,0.510884
657,0.071040,0.025595,0.042411,0.068988,0.073783,0.090099,0.134756,0.493329
658,0.070964,0.025549,0.042366,0.068954,0.073751,0.090081,0.134748,0.493586
659,0.070961,0.025547,0.042364,0.068952,0.073750,0.090081,0.134748,0.493597
660,0.076182,0.028805,0.045489,0.071186,0.075782,0.091054,0.135078,0.476423
661,0.070963,0.025548,0.042365,0.068953,0.073750,0.090081,0.134748,0.493591
662,0.065871,0.022534,0.039304,0.066637,0.071613,0.088984,0.134176,0.510880
663,0.065874,0.022536,0.039306,0.066638,0.071615,0.088985,0.134177,0.510870
664,0.065946,0.022578,0.039349,0.066673,0.071647,0.089004,0.134188,0.510614
665,0.065873,0.022535,0.039306,0.066638,0.071614,0.088985,0.134177,0.510872
666,0.065873,0.022535,0.039305,0.066637,0.071614,0.088985,0.134177,0.510874
667,0.060942,0.019771,0.036328,0.064253,0.069386,0.087769,0.133358,0.528192
668,0.061150,0.019892,0.036444,0.064377,0.069502,0.087854,0.133406,0.527373
669,0.061039,0.019831,0.036377,0.064321,0.069449,0.087823,0.133384,0.527776
670,0.066864,0.023177,0.040050,0.067446,0.072356,0.089883,0.134611,0.505614
671,0.066056,0.022695,0.039543,0.067018,0.071963,0.089595,0.134458,0.508672
672,0.057664,0.018016,0.034339,0.062582,0.067809,0.086865,0.132643,0.540083
673,0.063576,0.021228,0.037903,0.065537,0.070586,0.088431,0.133817,0.518921
674,0.067606,0.023543,0.040328,0.067434,0.072348,0.089370,0.134388,0.504984
675,0.071875,0.026106,0.042890,0.069349,0.074108,0.090265,0.134815,0.490592
676,0.074783,0.027916,0.044632,0.070598,0.075245,0.090814,0.135006,0.481004
677,0.077644,0.029748,0.046341,0.071785,0.076318,0.091312,0.135122,0.471730
678,0.085112,0.034774,0.050779,0.074699,0.078913,0.092407,0.135105,0.448211
679,0.092349,0.039979,0.055037,0.077288,0.081163,0.093234,0.134696,0.426254
680,0.086020,0.035411,0.051315,0.075042,0.079214,0.092527,0.135077,0.445394
681,0.088425,0.037118,0.052737,0.075919,0.079981,0.092819,0.134969,0.438031
682,0.091279,0.039191,0.054419,0.076924,0.080853,0.093121,0.134783,0.429430
683,0.095032,0.041998,0.056612,0.078199,0.081944,0.093483,0.134459,0.418274
684,0.098031,0.044305,0.058357,0.079176,0.082771,0.093731,0.134135,0.409494
685,0.102261,0.047662,0.060804,0.080499,0.083874,0.094029,0.133585,0.397285
686,0.106699,0.051308,0.063357,0.081812,0.084949,0.094263,0.132896,0.384717
687,0.109519,0.053690,0.064971,0.082605,0.085587,0.094375,0.132400,0.376853
688,0.110260,0.054320,0.065386,0.082803,0.085742,0.094400,0.132260,0.374829
689,0.112893,0.056604,0.066882,0.083508,0.086299,0.094469,0.131747,0.367596
690,0.116343,0.059670,0.068836,0.084401,0.086993,0.094531,0.131022,0.358204
691,0.115919,0.059288,0.068598,0.084293,0.086909,0.094526,0.131115,0.359351
692,0.115230,0.058670,0.068213,0.084117,0.086773,0.094518,0.131264,0.361215
693,0.114556,0.058067,0.067835,0.083943,0.086638,0.094505,0.131407,0.363050
694,0.115786,0.059160,0.068529,0.084256,0.086878,0.094528,0.131146,0.359718
695,0.111621,0.055481,0.066168,0.083165,0.086024,0.094443,0.132002,0.371096
696,0.109998,0.054076,0.065238,0.082723,0.085670,0.094403,0.132312,0.375580
697,0.109470,0.053631,0.064965,0.082600,0.085578,0.094408,0.132417,0.376931
698,0.110013,0.054094,0.065261,0.082734,0.085683,0.094406,0.132311,0.375497
699,0.110338,0.054374,0.065442,0.082815,0.085747,0.094405,0.132246,0.374633
700,0.105464,0.050263,0.062662,0.081436,0.084639,0.094192,0.133096,0.388247
701,0.103764,0.048868,0.061685,0.080935,0.084231,0.094095,0.133361,0.393062
702,0.103731,0.048842,0.061667,0.080925,0.084223,0.094093,0.133365,0.393154
703,0.101066,0.046691,0.060127,0.080119,0.083558,0.093934,0.133748,0.400756
704,0.092998,0.040461,0.055432,0.077510,0.081356,0.093287,0.134645,0.424312
705,0.090423,0.038561,0.053922,0.076622,0.080593,0.093026,0.134843,0.432010
706,0.087755,0.036636,0.052353,0.075672,0.079768,0.092726,0.135002,0.440089
707,0.087687,0.036588,0.052313,0.075647,0.079746,0.092717,0.135005,0.440297
708,0.080574,0.031681,0.048102,0.072962,0.077377,0.091761,0.135171,0.462372
709,0.074683,0.027854,0.044589,0.070561,0.075216,0.090790,0.135008,0.481299
710,0.071701,0.026001,0.042805,0.069279,0.074049,0.090227,0.134809,0.491129
711,0.070174,0.025071,0.041890,0.068603,0.073430,0.089920,0.134676,0.496235
712,0.065198,0.022149,0.038896,0.066320,0.071319,0.088827,0.134080,0.513211
713,0.063425,0.021145,0.037824,0.065474,0.070529,0.088404,0.133804,0.519394
714,0.066244,0.022752,0.039523,0.066816,0.071779,0.089078,0.134228,0.509579
715,0.069162,0.024468,0.041277,0.068157,0.073019,0.089719,0.134576,0.499623
716,0.066749,0.023049,0.039823,0.067055,0.072002,0.089193,0.134294,0.507835
717,0.063796,0.021358,0.038043,0.065659,0.070704,0.088500,0.133866,0.518074
718,0.063797,0.021359,0.038044,0.065661,0.070706,0.088503,0.133867,0.518064
719,0.068278,0.023948,0.040741,0.067762,0.072656,0.089531,0.134480,0.502604
720,0.072309,0.026384,0.043161,0.069559,0.074307,0.090356,0.134858,0.489066
721,0.074339,0.027643,0.044362,0.070416,0.075084,0.090730,0.134981,0.482445
722,0.074359,0.027656,0.044375,0.070425,0.075092,0.090734,0.134982,0.482376
723,0.073447,0.027084,0.043831,0.070036,0.074737,0.090567,0.134928,0.485370
724,0.077780,0.029842,0.046419,0.071845,0.076374,0.091330,0.135124,0.471287
725,0.076760,0.029180,0.045812,0.071427,0.075997,0.091161,0.135093,0.474570
726,0.078584,0.030364,0.046901,0.072170,0.076665,0.091464,0.135144,0.468707
727,0.083952,0.033973,0.050086,0.074268,0.078533,0.092260,0.135137,0.451792
728,0.085731,0.035207,0.051139,0.074934,0.079118,0.092495,0.135086,0.446289
729,0.083744,0.033824,0.049967,0.074188,0.078460,0.092238,0.135143,0.452435
730,0.082611,0.033047,0.049297,0.073756,0.078076,0.092086,0.135163,0.455963
731,0.081664,0.032410,0.048749,0.073390,0.077757,0.091931,0.135173,0.458925
732,0.084297,0.034208,0.050309,0.074397,0.078649,0.092297,0.135133,0.450709
733,0.089716,0.038046,0.053504,0.076375,0.080378,0.092956,0.134891,0.434135
734,0.086955,0.036067,0.051879,0.075383,0.079514,0.092635,0.135040,0.442528
735,0.086955,0.036067,0.051879,0.075383,0.079514,0.092636,0.135040,0.442525
736,0.081560,0.032339,0.048687,0.073349,0.077720,0.091914,0.135173,0.459258
737,0.082466,0.032954,0.049223,0.073700,0.078033,0.092045,0.135165,0.456414
738,0.085043,0.034726,0.050749,0.074676,0.078895,0.092393,0.135111,0.448406
739,0.082445,0.032940,0.049211,0.073692,0.078025,0.092041,0.135165,0.456481
740,0.083244,0.033486,0.049682,0.073999,0.078297,0.092152,0.135154,0.453986
741,0.085861,0.035299,0.051230,0.074981,0.079163,0.092498,0.135083,0.445884
742,0.085928,0.035346,0.051269,0.075006,0.079185,0.092507,0.135081,0.445678
743,0.083137,0.033413,0.049619,0.073958,0.078261,0.092138,0.135156,0.454320
744,0.083336,0.033549,0.049736,0.074035,0.078329,0.092168,0.135153,0.453693
745,0.083427,0.033612,0.049789,0.074070,0.078360,0.092180,0.135151,0.453412
746,0.086062,0.035441,0.051347,0.075058,0.079230,0.092527,0.135077,0.445257
747,0.082541,0.033005,0.049266,0.073730,0.078059,0.092057,0.135165,0.456177
748,0.079687,0.031089,0.047572,0.072613,0.077064,0.091634,0.135167,0.465174
749,0.083491,0.033656,0.049828,0.074094,0.078382,0.092188,0.135150,0.453212
750,0.085322,0.034921,0.050913,0.074783,0.078988,0.092433,0.135103,0.447537
751,0.085305,0.034910,0.050903,0.074777,0.078983,0.092431,0.135104,0.447587
752,0.085369,0.034955,0.050940,0.074799,0.079003,0.092437,0.135101,0.447395
753,0.087887,0.036731,0.052426,0.075722,0.079811,0.092748,0.134996,0.439680
754,0.091945,0.039679,0.054807,0.077161,0.081053,0.093217,0.134737,0.427400
755,0.095421,0.042291,0.056839,0.078332,0.082055,0.093538,0.134423,0.417101
756,0.099073,0.045118,0.058962,0.079511,0.083049,0.093826,0.134011,0.406450
757,0.101988,0.047434,0.060647,0.080413,0.083799,0.094020,0.133625,0.398075
758,0.104234,0.049259,0.061951,0.081096,0.084362,0.094165,0.133297,0.391636
759,0.103518,0.048671,0.061539,0.080883,0.084186,0.094129,0.133408,0.393667
760,0.103252,0.048456,0.061396,0.080808,0.084129,0.094111,0.133448,0.394401
761,0.103495,0.048654,0.061534,0.080878,0.084186,0.094121,0.133410,0.393723
762,0.108448,0.052765,0.064373,0.082307,0.085346,0.094353,0.132597,0.379811
763,0.106357,0.051008,0.063171,0.081709,0.084861,0.094259,0.132954,0.385681
764,0.107292,0.051794,0.063713,0.081983,0.085086,0.094302,0.132798,0.383030
765,0.103308,0.048500,0.061421,0.080817,0.084134,0.094104,0.133436,0.394279
766,0.099037,0.045083,0.058950,0.079501,0.083041,0.093829,0.134018,0.406540
767,0.095842,0.042605,0.057091,0.078474,0.082174,0.093585,0.134383,0.415846
768,0.093355,0.040721,0.055628,0.077635,0.081457,0.093350,0.134617,0.423237
769,0.091233,0.039151,0.054387,0.076897,0.080827,0.093112,0.134781,0.429612
770,0.091187,0.039119,0.054362,0.076889,0.080819,0.093125,0.134790,0.429709
771,0.091667,0.039472,0.054650,0.077054,0.080963,0.093164,0.134753,0.428276
772,0.086594,0.035809,0.051671,0.075244,0.079393,0.092577,0.135053,0.443658
773,0.086588,0.035806,0.051667,0.075242,0.079391,0.092577,0.135053,0.443676
774,0.086547,0.035777,0.051643,0.075226,0.079378,0.092571,0.135054,0.443804
775,0.086593,0.035810,0.051670,0.075244,0.079393,0.092578,0.135053,0.443659
776,0.089344,0.037774,0.053290,0.076237,0.080258,0.092902,0.134912,0.435284
777,0.092094,0.039787,0.054904,0.077197,0.081088,0.093193,0.134718,0.427019
778,0.094812,0.041823,0.056494,0.078116,0.081873,0.093450,0.134477,0.418955
779,0.094846,0.041850,0.056513,0.078127,0.081883,0.093454,0.134474,0.418852
780,0.094847,0.041850,0.056514,0.078128,0.081883,0.093454,0.134474,0.418849
781,0.094812,0.041824,0.056494,0.078116,0.081873,0.093450,0.134477,0.418954
782,0.100270,0.046056,0.059667,0.079870,0.083350,0.093878,0.133854,0.403054
783,0.100305,0.046083,0.059687,0.079882,0.083360,0.093882,0.133849,0.402952
784,0.100338,0.046110,0.059706,0.079893,0.083369,0.093885,0.133845,0.402853
785,0.100339,0.046111,0.059707,0.079893,0.083369,0.093885,0.133845,0.402852
786,0.100307,0.046085,0.059688,0.079882,0.083360,0.093882,0.133849,0.402947
787,0.101248,0.046837,0.060232,0.080174,0.083603,0.093943,0.133723,0.400241
788,0.101284,0.046866,0.060252,0.080186,0.083613,0.093947,0.133718,0.400134
789,0.103934,0.049008,0.061782,0.080985,0.084272,0.094103,0.133334,0.392582
790,0.103929,0.049004,0.061779,0.080983,0.084271,0.094102,0.133335,0.392597
791,0.118306,0.061436,0.069956,0.084872,0.087350,0.094528,0.130581,0.352970
792,0.111362,0.055259,0.066032,0.083088,0.085966,0.094411,0.132049,0.371834
793,0.110421,0.054452,0.065483,0.082840,0.085769,0.094394,0.132228,0.374413
794,0.104258,0.049273,0.061968,0.081081,0.084351,0.094120,0.133284,0.391665
795,0.104243,0.049261,0.061959,0.081077,0.084347,0.094120,0.133287,0.391707
796,0.100722,0.046419,0.059927,0.080014,0.083470,0.093911,0.133794,0.401743
797,0.099468,0.045422,0.059202,0.079622,0.083143,0.093826,0.133958,0.405358
798,0.095852,0.042615,0.057099,0.078461,0.082166,0.093545,0.134374,0.415887
799,0.094821,0.041839,0.056488,0.078136,0.081891,0.093478,0.134482,0.418864
800,0.092057,0.039768,0.054871,0.077201,0.081091,0.093215,0.134726,0.427071
801,0.093614,0.040925,0.055782,0.077728,0.081541,0.093366,0.134594,0.422451
802,0.097716,0.044055,0.058176,0.079078,0.082685,0.093721,0.134174,0.410395
803,0.103388,0.048561,0.061463,0.080824,0.084138,0.094080,0.133418,0.394128
804,0.104133,0.049171,0.061888,0.081045,0.084319,0.094118,0.133304,0.392022
805,0.101074,0.046699,0.060120,0.080121,0.083558,0.093934,0.133745,0.400749
806,0.105782,0.050534,0.062832,0.081529,0.084716,0.094199,0.133042,0.387367
807,0.104082,0.049133,0.061850,0.081034,0.084309,0.094132,0.133312,0.392148
808,0.100452,0.046207,0.059754,0.079934,0.083401,0.093913,0.133830,0.402509
809,0.100643,0.046359,0.059868,0.079993,0.083451,0.093923,0.133805,0.401959
810,0.100764,0.046455,0.059940,0.080030,0.083482,0.093928,0.133789,0.401612
811,0.094203,0.041368,0.056133,0.077915,0.081703,0.093394,0.134535,0.420750
812,0.092862,0.040362,0.055335,0.077464,0.081314,0.093288,0.134654,0.424721
813,0.089260,0.037719,0.053222,0.076213,0.080234,0.092915,0.134916,0.435521
814,0.081231,0.032119,0.048482,0.073220,0.077603,0.091877,0.135171,0.460298
815,0.084857,0.034597,0.050629,0.074607,0.078831,0.092384,0.135115,0.448980
816,0.080297,0.031492,0.047930,0.072852,0.077275,0.091738,0.135170,0.463245
817,0.083905,0.033937,0.050070,0.074248,0.078514,0.092257,0.135140,0.451929
818,0.083894,0.033928,0.050063,0.074243,0.078510,0.092254,0.135140,0.451968
819,0.080288,0.031486,0.047924,0.072849,0.077272,0.091737,0.135170,0.463274
820,0.076698,0.029136,0.045788,0.071399,0.075971,0.091157,0.135095,0.474757
821,0.080279,0.031480,0.047919,0.072844,0.077268,0.091734,0.135169,0.463306
822,0.087144,0.036199,0.051995,0.075446,0.079570,0.092646,0.135029,0.441972
823,0.085918,0.035334,0.051272,0.074995,0.079175,0.092493,0.135079,0.445732
824,0.091388,0.039265,0.054491,0.076953,0.080878,0.093120,0.134773,0.429132
825,0.090130,0.038345,0.053753,0.076515,0.080499,0.092988,0.134862,0.432908
826,0.095171,0.042096,0.056704,0.078234,0.081974,0.093481,0.134442,0.417900
827,0.096895,0.043416,0.057708,0.078798,0.082451,0.093626,0.134261,0.412845
828,0.095624,0.042441,0.056967,0.078384,0.082101,0.093521,0.134396,0.416565
829,0.094346,0.041471,0.056222,0.077960,0.081740,0.093407,0.134522,0.420334
830,0.098771,0.044874,0.058798,0.079400,0.082957,0.093771,0.134043,0.407385
831,0.097517,0.043896,0.058069,0.078999,0.082621,0.093676,0.134191,0.411031
832,0.094836,0.041842,0.056507,0.078124,0.081880,0.093453,0.134475,0.418882
833,0.097589,0.043953,0.058111,0.079024,0.082641,0.093684,0.134183,0.410816
834,0.094838,0.041843,0.056508,0.078125,0.081880,0.093453,0.134475,0.418876
835,0.094801,0.041815,0.056487,0.078112,0.081869,0.093449,0.134478,0.418989
836,0.089407,0.037821,0.053327,0.076260,0.080279,0.092911,0.134908,0.435087
837,0.089445,0.037848,0.053349,0.076274,0.080291,0.092917,0.134906,0.434970
838,0.086736,0.035911,0.051753,0.075299,0.079441,0.092601,0.135048,0.443212
839,0.086737,0.035911,0.051754,0.075299,0.079441,0.092601,0.135048,0.443210
840,0.086740,0.035914,0.051756,0.075300,0.079442,0.092601,0.135048,0.443200
841,0.086777,0.035940,0.051778,0.075314,0.079455,0.092607,0.135047,0.443082
842,0.081392,0.032225,0.048590,0.073280,0.077659,0.091882,0.135172,0.459800
843,0.078688,0.030428,0.046983,0.072208,0.076702,0.091466,0.135150,0.468376
844,0.081393,0.032226,0.048591,0.073280,0.077660,0.091882,0.135171,0.459795
845,0.082419,0.032922,0.049198,0.073680,0.078015,0.092032,0.135165,0.456569
846,0.085105,0.034769,0.050788,0.074698,0.078915,0.092397,0.135108,0.448218
847,0.079718,0.031109,0.047595,0.072622,0.077073,0.091629,0.135165,0.465090
848,0.079233,0.030789,0.047305,0.072430,0.076901,0.091556,0.135159,0.466628
849,0.075715,0.028508,0.045208,0.070993,0.075608,0.090971,0.135057,0.477938
850,0.084101,0.034073,0.050195,0.074320,0.078582,0.092262,0.135135,0.451332
851,0.084096,0.034070,0.050192,0.074318,0.078580,0.092261,0.135135,0.451347
852,0.077187,0.029453,0.046085,0.071604,0.076159,0.091230,0.135114,0.473168
853,0.081600,0.032368,0.048711,0.073366,0.077736,0.091921,0.135173,0.459124
854,0.079359,0.030872,0.047379,0.072482,0.076948,0.091581,0.135163,0.466216
855,0.080682,0.031750,0.048167,0.073005,0.077414,0.091783,0.135173,0.462027
856,0.073684,0.027225,0.043994,0.070137,0.074831,0.090611,0.134952,0.484566
857,0.081320,0.032177,0.048546,0.073254,0.077637,0.091877,0.135173,0.460016
858,0.073689,0.027229,0.043998,0.070139,0.074833,0.090612,0.134952,0.484548
859,0.082875,0.033231,0.049469,0.073856,0.078171,0.092100,0.135160,0.455139
860,0.082872,0.033229,0.049467,0.073855,0.078170,0.092100,0.135160,0.455148
861,0.082838,0.033205,0.049447,0.073841,0.078158,0.092095,0.135161,0.455257
862,0.076221,0.028830,0.045511,0.071204,0.075798,0.091063,0.135080,0.476293
863,0.085847,0.035286,0.051227,0.074975,0.079157,0.092496,0.135085,0.445927
864,0.083518,0.033671,0.049850,0.074101,0.078387,0.092188,0.135149,0.453137
865,0.085810,0.035260,0.051205,0.074961,0.079145,0.092491,0.135086,0.446042
866,0.085035,0.034719,0.050747,0.074672,0.078891,0.092391,0.135112,0.448434
867,0.082789,0.033172,0.049418,0.073822,0.078141,0.092087,0.135161,0.455411
868,0.093501,0.040835,0.055729,0.077677,0.081499,0.093332,0.134599,0.422827
869,0.090721,0.038776,0.054100,0.076723,0.080679,0.093054,0.134821,0.431125
870,0.090723,0.038777,0.054102,0.076724,0.080679,0.093054,0.134821,0.431120
871,0.084525,0.034364,0.050446,0.074481,0.078723,0.092325,0.135126,0.450010
872,0.083856,0.033903,0.050051,0.074229,0.078501,0.092236,0.135142,0.452082
873,0.081697,0.032431,0.048771,0.073401,0.077767,0.091933,0.135171,0.458829
874,0.092424,0.040032,0.055099,0.077312,0.081186,0.093229,0.134692,0.426027
875,0.081610,0.032373,0.048725,0.073372,0.077741,0.091925,0.135174,0.459081
876,0.083800,0.033865,0.050022,0.074213,0.078487,0.092234,0.135146,0.452234
877,0.095146,0.042077,0.056691,0.078231,0.081970,0.093488,0.134447,0.417950
878,0.092155,0.039833,0.054941,0.077222,0.081109,0.093207,0.134715,0.426818
879,0.095117,0.042054,0.056675,0.078220,0.081961,0.093484,0.134449,0.418040
880,0.086198,0.035532,0.051440,0.075108,0.079274,0.092547,0.135073,0.444827
881,0.083952,0.033969,0.050114,0.074270,0.078537,0.092254,0.135141,0.451763
882,0.081812,0.032509,0.048845,0.073450,0.077810,0.091954,0.135172,0.458448
883,0.081836,0.032525,0.048859,0.073459,0.077818,0.091958,0.135172,0.458374
884,0.079783,0.031151,0.047642,0.072653,0.077101,0.091650,0.135168,0.464852
885,0.077746,0.029813,0.046423,0.071829,0.076361,0.091320,0.135129,0.471379
886,0.077708,0.029789,0.046401,0.071813,0.076347,0.091313,0.135127,0.471501
887,0.073483,0.027099,0.043878,0.070048,0.074750,0.090569,0.134937,0.485236
888,0.073518,0.027120,0.043899,0.070063,0.074764,0.090577,0.134939,0.485120
889,0.073283,0.026974,0.043757,0.069962,0.074672,0.090531,0.134924,0.485897
890,0.069030,0.024384,0.041206,0.068090,0.072957,0.089682,0.134561,0.500090
891,0.069006,0.024370,0.041192,0.068078,0.072947,0.089675,0.134558,0.500173
892,0.075190,0.028172,0.044898,0.070770,0.075406,0.090877,0.135032,0.479655
893,0.075181,0.028166,0.044892,0.070766,0.075402,0.090876,0.135032,0.479686
894,0.077105,0.029398,0.046039,0.071565,0.076124,0.091207,0.135109,0.473453
895,0.077073,0.029377,0.046019,0.071551,0.076111,0.091201,0.135108,0.473561
896,0.074953,0.028022,0.044755,0.070670,0.075315,0.090833,0.135020,0.480431
897,0.077096,0.029392,0.046034,0.071561,0.076120,0.091205,0.135109,0.473482
898,0.077110,0.029401,0.046042,0.071566,0.076125,0.091207,0.135109,0.473438
899,0.072907,0.026740,0.043531,0.069799,0.074524,0.090456,0.134898,0.487145
900,0.075001,0.028052,0.044784,0.070691,0.075334,0.090842,0.135023,0.480272
901,0.079440,0.030924,0.047431,0.072510,0.076973,0.091587,0.135161,0.465974
902,0.073152,0.026893,0.043679,0.069906,0.074621,0.090505,0.134915,0.486329
903,0.073130,0.026879,0.043666,0.069895,0.074611,0.090499,0.134913,0.486406
904,0.073128,0.026878,0.043665,0.069895,0.074611,0.090499,0.134914,0.486412
905,0.071085,0.025622,0.042441,0.069006,0.073799,0.090103,0.134758,0.493186
906,0.073203,0.026925,0.043709,0.069928,0.074641,0.090515,0.134919,0.486160
907,0.075300,0.028242,0.044963,0.070818,0.075449,0.090898,0.135038,0.479293
908,0.079497,0.030961,0.047465,0.072533,0.076993,0.091596,0.135162,0.465794
909,0.083777,0.033848,0.050005,0.074198,0.078473,0.092220,0.135142,0.452336
910,0.083687,0.033786,0.049951,0.074163,0.078442,0.092207,0.135144,0.452619
911,0.083643,0.033756,0.049924,0.074147,0.078428,0.092202,0.135146,0.452755
912,0.085769,0.035231,0.051182,0.074943,0.079130,0.092481,0.135086,0.446177
913,0.085719,0.035196,0.051152,0.074924,0.079113,0.092474,0.135087,0.446334
914,0.090077,0.038307,0.053719,0.076498,0.080485,0.092987,0.134866,0.433062
915,0.092284,0.039929,0.055013,0.077265,0.081146,0.093217,0.134704,0.426444
916,0.090092,0.038318,0.053729,0.076505,0.080490,0.092990,0.134865,0.433010
917,0.081540,0.032326,0.048678,0.073339,0.077712,0.091908,0.135172,0.459325
918,0.086544,0.035776,0.051639,0.075230,0.079381,0.092581,0.135057,0.443792
919,0.084311,0.034216,0.050320,0.074400,0.078651,0.092293,0.135131,0.450678
920,0.084304,0.034212,0.050316,0.074397,0.078649,0.092292,0.135131,0.450699
921,0.070987,0.025563,0.042380,0.068964,0.073760,0.090087,0.134750,0.493509
922,0.080569,0.031674,0.048101,0.072958,0.077373,0.091762,0.135172,0.462391
923,0.082803,0.033181,0.049427,0.073827,0.078145,0.092087,0.135160,0.455370
924,0.078309,0.030181,0.046758,0.072056,0.076566,0.091408,0.135143,0.469579
925,0.078296,0.030172,0.046750,0.072051,0.076561,0.091406,0.135142,0.469621
926,0.078260,0.030148,0.046728,0.072036,0.076547,0.091399,0.135141,0.469741
927,0.077664,0.029760,0.046373,0.071793,0.076330,0.091302,0.135126,0.471653
928,0.077660,0.029758,0.046371,0.071792,0.076328,0.091301,0.135126,0.471664
929,0.077730,0.029803,0.046412,0.071822,0.076355,0.091314,0.135129,0.471435
930,0.079950,0.031262,0.047732,0.072715,0.077155,0.091670,0.135168,0.464348
931,0.085741,0.035212,0.051164,0.074934,0.079121,0.092480,0.135088,0.446258
932,0.087906,0.036742,0.052441,0.075726,0.079814,0.092745,0.134994,0.439633
933,0.087977,0.036794,0.052483,0.075753,0.079837,0.092755,0.134991,0.439411
934,0.092314,0.039951,0.055030,0.077277,0.081156,0.093224,0.134702,0.426347
935,0.092280,0.039926,0.055010,0.077265,0.081145,0.093219,0.134705,0.426451
936,0.094516,0.041601,0.056318,0.078022,0.081792,0.093433,0.134508,0.419810
937,0.108396,0.052716,0.064343,0.082271,0.085315,0.094312,0.132599,0.380050
938,0.097521,0.043904,0.058067,0.079008,0.082628,0.093687,0.134193,0.410993
939,0.099640,0.045560,0.059298,0.079679,0.083191,0.093843,0.133937,0.404852
940,0.097441,0.043841,0.058021,0.078981,0.082605,0.093679,0.134202,0.411232
941,0.093092,0.040532,0.055484,0.077543,0.081384,0.093299,0.134637,0.424027
942,0.089545,0.037924,0.053401,0.076316,0.080327,0.092939,0.134902,0.434646
943,0.087329,0.036335,0.052097,0.075521,0.079635,0.092683,0.135023,0.441377
944,0.085169,0.034815,0.050821,0.074726,0.078939,0.092415,0.135108,0.448006
945,0.089523,0.037909,0.053388,0.076309,0.080321,0.092937,0.134903,0.434710
946,0.089546,0.037926,0.053401,0.076317,0.080328,0.092939,0.134902,0.434641
947,0.087446,0.036419,0.052165,0.075565,0.079673,0.092698,0.135018,0.441015
948,0.089601,0.037965,0.053433,0.076336,0.080345,0.092945,0.134898,0.434476
949,0.088484,0.037162,0.052773,0.075943,0.080003,0.092827,0.134966,0.437841
950,0.088428,0.037122,0.052741,0.075923,0.079985,0.092820,0.134969,0.438013
951,0.088690,0.037311,0.052894,0.076018,0.080069,0.092850,0.134954,0.437213
952,0.086406,0.035685,0.051548,0.075190,0.079346,0.092581,0.135066,0.444178
953,0.091144,0.039093,0.054336,0.076882,0.080816,0.093118,0.134795,0.429817
954,0.091066,0.039031,0.054281,0.076846,0.080782,0.093106,0.134796,0.430091
955,0.091145,0.039090,0.054326,0.076877,0.080808,0.093122,0.134792,0.429840
956,0.093290,0.040681,0.055583,0.077612,0.081440,0.093334,0.134619,0.423442
957,0.095447,0.042309,0.056843,0.078332,0.082053,0.093528,0.134415,0.417073
958,0.092525,0.040108,0.055138,0.077351,0.081216,0.093259,0.134685,0.425718
959,0.093786,0.041048,0.055877,0.077777,0.081580,0.093380,0.134576,0.421977
960,0.096062,0.042774,0.057205,0.078534,0.082223,0.093585,0.134354,0.415263
961,0.097388,0.043794,0.057977,0.078963,0.082585,0.093695,0.134209,0.411389
962,0.101685,0.047181,0.060467,0.080311,0.083711,0.094000,0.133666,0.398979
963,0.101733,0.047220,0.060495,0.080326,0.083723,0.094003,0.133659,0.398843
964,0.097633,0.043985,0.058122,0.079042,0.082652,0.093710,0.134181,0.410676
965,0.093417,0.040774,0.055669,0.077655,0.081477,0.093350,0.134610,0.423048
966,0.092809,0.040320,0.055319,0.077445,0.081300,0.093270,0.134660,0.424876
967,0.092840,0.040343,0.055337,0.077455,0.081309,0.093272,0.134657,0.424787
968,0.097168,0.043629,0.057862,0.078891,0.082529,0.093655,0.134231,0.412035
969,0.097213,0.043664,0.057888,0.078905,0.082542,0.093660,0.134226,0.411902
970,0.099348,0.045329,0.059129,0.079585,0.083112,0.093820,0.133972,0.405705
971,0.101659,0.047167,0.060469,0.080303,0.083710,0.093978,0.133667,0.399046
972,0.097322,0.043749,0.057954,0.078942,0.082573,0.093671,0.134215,0.411574
973,0.097465,0.043860,0.058039,0.078990,0.082614,0.093685,0.134200,0.411148
974,0.099754,0.045650,0.059369,0.079716,0.083223,0.093854,0.133923,0.404511
975,0.101882,0.047345,0.060601,0.080372,0.083767,0.093993,0.133637,0.398404
976,0.102059,0.047484,0.060707,0.080420,0.083806,0.093993,0.133610,0.397922
977,0.103001,0.048245,0.061250,0.080704,0.084041,0.094049,0.133474,0.395236
978,0.099394,0.045362,0.059163,0.079596,0.083122,0.093816,0.133966,0.405581
979,0.093910,0.041144,0.055959,0.077821,0.081619,0.093396,0.134566,0.421584
980,0.098111,0.044360,0.058408,0.079198,0.082785,0.093751,0.134126,0.409261
981,0.095222,0.042137,0.056723,0.078260,0.081993,0.093516,0.134440,0.417709
982,0.087441,0.036415,0.052157,0.075564,0.079670,0.092713,0.135018,0.441023
983,0.092424,0.040037,0.055084,0.077320,0.081191,0.093256,0.134694,0.425994
984,0.092431,0.040042,0.055088,0.077323,0.081193,0.093257,0.134694,0.425972
985,0.095288,0.042190,0.056758,0.078283,0.082013,0.093521,0.134433,0.417516
986,0.103655,0.048782,0.061610,0.080909,0.084207,0.094114,0.133379,0.393344
987,0.110012,0.054098,0.065253,0.082727,0.085678,0.094394,0.132307,0.375531
988,0.112411,0.056174,0.066618,0.083375,0.086191,0.094463,0.131845,0.368923
989,0.108475,0.052787,0.064388,0.082295,0.085336,0.094314,0.132584,0.379821
990,0.109647,0.053783,0.065056,0.082619,0.085594,0.094352,0.132370,0.376579
991,0.102797,0.048082,0.061128,0.080644,0.083992,0.094037,0.133503,0.395818
992,0.098679,0.044802,0.058747,0.079371,0.082933,0.093765,0.134054,0.407648
993,0.092322,0.039956,0.055041,0.077276,0.081155,0.093215,0.134699,0.426335
994,0.092779,0.040296,0.055306,0.077432,0.081290,0.093261,0.134662,0.424973
995,0.090695,0.038757,0.054085,0.076714,0.080672,0.093050,0.134824,0.431203
996,0.087389,0.036373,0.052140,0.075537,0.079650,0.092678,0.135019,0.441214
997,0.086404,0.035676,0.051561,0.075177,0.079335,0.092558,0.135062,0.444228
998,0.084865,0.034600,0.050642,0.074610,0.078834,0.092383,0.135117,0.448949
999,0.088636,0.037265,0.052866,0.075989,0.080041,0.092843,0.134955,0.437405
1000,0.092474,0.040069,0.055118,0.077328,0.081198,0.093238,0.134686,0.425888
1001,0.095919,0.042666,0.057132,0.078481,0.082182,0.093553,0.134364,0.415703
1002,0.095909,0.042659,0.057126,0.078478,0.082179,0.093552,0.134366,0.415732
1003,0.094749,0.041777,0.056447,0.078100,0.081858,0.093460,0.134484,0.419127
1004,0.092545,0.040123,0.055159,0.077356,0.081223,0.093252,0.134682,0.425659
1005,0.090392,0.038537,0.053896,0.076611,0.080581,0.093032,0.134844,0.432107
1006,0.092563,0.040137,0.055163,0.077361,0.081226,0.093256,0.134680,0.425614
1007,0.088948,0.037491,0.053038,0.076099,0.080136,0.092872,0.134934,0.436483
1008,0.091157,0.039098,0.054334,0.076875,0.080807,0.093107,0.134787,0.429835
1009,0.089004,0.037531,0.053070,0.076119,0.080153,0.092878,0.134930,0.436315
1010,0.084525,0.034365,0.050429,0.074480,0.078719,0.092333,0.135123,0.450027
1011,0.082353,0.032875,0.049142,0.073654,0.077988,0.092035,0.135163,0.456790
1012,0.080209,0.031435,0.047870,0.072817,0.077243,0.091719,0.135166,0.463540
1013,0.078116,0.030055,0.046625,0.071979,0.076493,0.091389,0.135135,0.470210
1014,0.075964,0.028666,0.045342,0.071095,0.075697,0.091027,0.135064,0.477144
1015,0.076274,0.028865,0.045526,0.071225,0.075814,0.091080,0.135077,0.476139
1016,0.072871,0.026718,0.043493,0.069785,0.074507,0.090465,0.134893,0.487268
1017,0.076061,0.028727,0.045399,0.071135,0.075732,0.091044,0.135069,0.476834
1018,0.075347,0.028276,0.044981,0.070847,0.075474,0.090926,0.135044,0.479105
1019,0.075781,0.028553,0.045240,0.071028,0.075639,0.091001,0.135064,0.477695
1020,0.079965,0.031278,0.047732,0.072731,0.077170,0.091687,0.135171,0.464265
1021,0.082201,0.032780,0.049059,0.073607,0.077951,0.092017,0.135170,0.457214
1022,0.079675,0.031087,0.047559,0.072616,0.077067,0.091640,0.135168,0.465189
1023,0.078357,0.030218,0.046776,0.072086,0.076592,0.091430,0.135146,0.469394
1024,0.078171,0.030097,0.046665,0.072010,0.076525,0.091399,0.135142,0.469991
1025,0.077056,0.029371,0.046003,0.071551,0.076112,0.091208,0.135109,0.473589
1026,0.077058,0.029372,0.046005,0.071551,0.076112,0.091207,0.135109,0.473586
1027,0.074701,0.027866,0.044599,0.070569,0.075224,0.090795,0.135008,0.481236
1028,0.071237,0.025717,0.042525,0.069077,0.073864,0.090139,0.134771,0.492670
1029,0.070389,0.025201,0.042017,0.068700,0.073518,0.089967,0.134696,0.495512
1030,0.069602,0.024727,0.041546,0.068347,0.073194,0.089803,0.134620,0.498161
1031,0.067269,0.023345,0.040145,0.067284,0.072214,0.089298,0.134358,0.506087
1032,0.067245,0.023331,0.040131,0.067274,0.072204,0.089293,0.134355,0.506167
1033,0.065516,0.022329,0.039090,0.066467,0.071455,0.088898,0.134125,0.512120
1034,0.068882,0.024296,0.041116,0.068021,0.072893,0.089648,0.134544,0.500601
1035,0.067853,0.023688,0.040495,0.067555,0.072463,0.089431,0.134429,0.504086
1036,0.066950,0.023160,0.039951,0.067140,0.072080,0.089231,0.134319,0.507169
1037,0.067452,0.023455,0.040252,0.067373,0.072295,0.089344,0.134381,0.505448
1038,0.072400,0.026430,0.043222,0.069584,0.074326,0.090366,0.134864,0.488808
1039,0.072426,0.026446,0.043238,0.069595,0.074337,0.090372,0.134866,0.488722
1040,0.070259,0.025123,0.041938,0.068643,0.073465,0.089942,0.134684,0.495945
1041,0.072403,0.026432,0.043223,0.069585,0.074327,0.090367,0.134864,0.488799
1042,0.074377,0.027661,0.044405,0.070431,0.075098,0.090736,0.134991,0.482301
1043,0.080715,0.031774,0.048182,0.073018,0.077425,0.091787,0.135172,0.461928
1044,0.078645,0.030403,0.046951,0.072193,0.076688,0.091465,0.135149,0.468505
1045,0.084211,0.034148,0.050256,0.074362,0.078618,0.092281,0.135133,0.450990
1046,0.090082,0.038310,0.053720,0.076500,0.080485,0.092989,0.134866,0.433048
1047,0.092009,0.039724,0.054855,0.077168,0.081063,0.093185,0.134725,0.427271
1048,0.089885,0.038167,0.053609,0.076429,0.080425,0.092963,0.134878,0.433642
1049,0.089887,0.038168,0.053611,0.076430,0.080426,0.092964,0.134878,0.433635
1050,0.092073,0.039772,0.054893,0.077192,0.081083,0.093194,0.134721,0.427073
1051,0.092072,0.039771,0.054893,0.077191,0.081083,0.093194,0.134721,0.427075
1052,0.089901,0.038179,0.053619,0.076436,0.080431,0.092967,0.134878,0.433590
1053,0.087769,0.036644,0.052364,0.075675,0.079770,0.092724,0.135000,0.440053
1054,0.090038,0.038278,0.053700,0.076484,0.080473,0.092982,0.134869,0.433176
1055,0.083539,0.033684,0.049866,0.074106,0.078392,0.092185,0.135148,0.453080
1056,0.081420,0.032244,0.048610,0.073290,0.077669,0.091885,0.135171,0.459709
1057,0.077156,0.029430,0.046073,0.071585,0.076142,0.091214,0.135111,0.473288
1058,0.081415,0.032240,0.048607,0.073288,0.077667,0.091884,0.135171,0.459726
1059,0.083528,0.033677,0.049860,0.074102,0.078389,0.092184,0.135148,0.453113
1060,0.083497,0.033655,0.049842,0.074089,0.078378,0.092178,0.135148,0.453213
1061,0.082043,0.032665,0.048978,0.073532,0.077884,0.091974,0.135167,0.457756
1062,0.084183,0.034128,0.050246,0.074350,0.078608,0.092272,0.135133,0.451080
1063,0.086302,0.035606,0.051499,0.075140,0.079302,0.092546,0.135066,0.444539
1064,0.086241,0.035563,0.051462,0.075118,0.079283,0.092539,0.135069,0.444726
1065,0.091727,0.039518,0.054677,0.077079,0.080983,0.093185,0.134750,0.428082
1066,0.091720,0.039513,0.054673,0.077075,0.080980,0.093182,0.134750,0.428109
1067,0.096090,0.042800,0.057227,0.078544,0.082234,0.093588,0.134351,0.415165
1068,0.098171,0.044407,0.058437,0.079213,0.082798,0.093746,0.134116,0.409113
1069,0.102525,0.047862,0.060959,0.080564,0.083923,0.094040,0.133544,0.396584
1070,0.098177,0.044411,0.058440,0.079214,0.082799,0.093745,0.134115,0.409101
1071,0.097741,0.044071,0.058190,0.079075,0.082682,0.093712,0.134166,0.410363
1072,0.099871,0.045739,0.059426,0.079747,0.083245,0.093866,0.133905,0.404200
1073,0.098172,0.044406,0.058434,0.079213,0.082798,0.093748,0.134116,0.409112
1074,0.093797,0.041058,0.055885,0.077779,0.081583,0.093377,0.134573,0.421948
1075,0.097301,0.043731,0.057931,0.078938,0.082566,0.093688,0.134219,0.411626
1076,0.098343,0.044541,0.058536,0.079271,0.082846,0.093767,0.134098,0.408597
1077,0.096412,0.043046,0.057413,0.078649,0.082322,0.093615,0.134317,0.414227
1078,0.096131,0.042829,0.057257,0.078554,0.082244,0.093575,0.134345,0.415064
1079,0.089132,0.037622,0.053159,0.076165,0.080195,0.092889,0.134926,0.435912
1080,0.088495,0.037164,0.052785,0.075938,0.079998,0.092817,0.134962,0.437841
1081,0.091562,0.039395,0.054587,0.077017,0.080931,0.093149,0.134761,0.428598
1082,0.092731,0.040261,0.055272,0.077418,0.081276,0.093265,0.134667,0.425109
1083,0.092847,0.040348,0.055336,0.077462,0.081312,0.093295,0.134660,0.424741
1084,0.093931,0.041160,0.055971,0.077828,0.081626,0.093397,0.134564,0.421523
1085,0.090258,0.038438,0.053818,0.076563,0.080539,0.093021,0.134854,0.432510
1086,0.083985,0.033988,0.050110,0.074275,0.078536,0.092267,0.135137,0.451701
1087,0.086130,0.035480,0.051382,0.075081,0.079245,0.092555,0.135076,0.445051
1088,0.092216,0.039873,0.054960,0.077244,0.081122,0.093234,0.134711,0.426639
1089,0.098506,0.044665,0.058629,0.079321,0.082887,0.093776,0.134077,0.408139
1090,0.095983,0.042713,0.057162,0.078509,0.082202,0.093578,0.134362,0.415492
1091,0.102554,0.047883,0.060970,0.080575,0.083930,0.094048,0.133541,0.396499
1092,0.104090,0.049130,0.061858,0.081034,0.084306,0.094134,0.133310,0.392138
1093,0.106390,0.051029,0.063178,0.081705,0.084853,0.094248,0.132944,0.385653
1094,0.107308,0.051797,0.063704,0.081967,0.085065,0.094287,0.132788,0.383084
1095,0.109486,0.053641,0.064952,0.082578,0.085556,0.094368,0.132402,0.377018
1096,0.107706,0.052132,0.063935,0.082082,0.085159,0.094304,0.132720,0.381962
1097,0.105187,0.050032,0.062485,0.081353,0.084567,0.094184,0.133138,0.389055
1098,0.101663,0.047166,0.060458,0.080305,0.083707,0.093991,0.133667,0.399044
1099,0.100978,0.046617,0.060062,0.080095,0.083533,0.093951,0.133762,0.401001
1100,0.103160,0.048375,0.061322,0.080759,0.084082,0.094083,0.133453,0.394766
1101,0.100392,0.046154,0.059730,0.079921,0.083391,0.093916,0.133842,0.402655
1102,0.097646,0.043998,0.058127,0.079049,0.082659,0.093712,0.134180,0.410630
1103,0.092367,0.039991,0.055046,0.077299,0.081172,0.093247,0.134699,0.426180
1104,0.094079,0.041271,0.056046,0.077879,0.081668,0.093411,0.134550,0.421095
1105,0.093216,0.040625,0.055542,0.077590,0.081421,0.093328,0.134627,0.423651
1106,0.091570,0.039404,0.054578,0.077028,0.080940,0.093168,0.134762,0.428550
1107,0.094042,0.041247,0.056023,0.077870,0.081661,0.093407,0.134553,0.421196
1108,0.091882,0.039636,0.054771,0.077133,0.081033,0.093184,0.134737,0.427624
1109,0.086235,0.035564,0.051449,0.075123,0.079288,0.092548,0.135070,0.444723
1110,0.086104,0.035472,0.051372,0.075075,0.079245,0.092532,0.135075,0.445124
1111,0.084538,0.034380,0.050445,0.074491,0.078733,0.092329,0.135126,0.449959
1112,0.087443,0.036420,0.052159,0.075566,0.079675,0.092695,0.135017,0.441024
1113,0.087256,0.036287,0.052050,0.075497,0.079615,0.092671,0.135026,0.441598
1114,0.087366,0.036365,0.052114,0.075537,0.079650,0.092685,0.135020,0.441263
1115,0.085113,0.034780,0.050785,0.074707,0.078923,0.092404,0.135109,0.448181
1116,0.088409,0.037112,0.052726,0.075918,0.079982,0.092815,0.134969,0.438069
1117,0.088850,0.037430,0.052987,0.076077,0.080121,0.092866,0.134945,0.436724
1118,0.084673,0.034477,0.050523,0.074548,0.078784,0.092354,0.135123,0.449517
1119,0.087943,0.036777,0.052453,0.075749,0.079836,0.092761,0.134994,0.439488
1120,0.084626,0.034444,0.050495,0.074530,0.078767,0.092346,0.135124,0.449668
1121,0.090321,0.038494,0.053853,0.076596,0.080571,0.093027,0.134852,0.432286
1122,0.087128,0.036195,0.051974,0.075453,0.079576,0.092664,0.135033,0.441976
1123,0.087130,0.036197,0.051975,0.075454,0.079577,0.092664,0.135033,0.441970
1124,0.084974,0.034683,0.050703,0.074658,0.078879,0.092394,0.135115,0.448595
1125,0.087082,0.036163,0.051947,0.075436,0.079562,0.092658,0.135036,0.442117
1126,0.083898,0.033936,0.050069,0.074249,0.078518,0.092243,0.135141,0.451946
1127,0.078732,0.030461,0.047004,0.072231,0.076722,0.091482,0.135152,0.468216
1128,0.082100,0.032704,0.049007,0.073556,0.077905,0.091989,0.135168,0.457571
1129,0.079904,0.031232,0.047703,0.072696,0.077138,0.091661,0.135167,0.464498
1130,0.084179,0.034121,0.050226,0.074351,0.078603,0.092300,0.135135,0.451085
1131,0.079809,0.031164,0.047635,0.072658,0.077099,0.091668,0.135166,0.464800
1132,0.079808,0.031164,0.047634,0.072658,0.077099,0.091668,0.135166,0.464804
1133,0.078730,0.030455,0.046992,0.072227,0.076715,0.091493,0.135150,0.468240
1134,0.076528,0.029025,0.045681,0.071329,0.075907,0.091129,0.135088,0.475313
1135,0.077466,0.029632,0.046240,0.071714,0.076255,0.091282,0.135118,0.472294
1136,0.076021,0.028702,0.045376,0.071119,0.075718,0.091036,0.135067,0.476960
1137,0.078134,0.030067,0.046636,0.071986,0.076500,0.091390,0.135135,0.470153
1138,0.079738,0.031121,0.047588,0.072627,0.077074,0.091643,0.135161,0.465048
1139,0.084920,0.034641,0.050660,0.074627,0.078849,0.092380,0.135109,0.448814
1140,0.082384,0.032901,0.049168,0.073673,0.078009,0.092038,0.135165,0.456662
1141,0.086404,0.035686,0.051550,0.075192,0.079350,0.092577,0.135065,0.444176
1142,0.086364,0.035657,0.051526,0.075177,0.079337,0.092571,0.135066,0.444302
1143,0.087745,0.036634,0.052337,0.075678,0.079773,0.092738,0.135003,0.440092
1144,0.092040,0.039755,0.054861,0.077192,0.081084,0.093205,0.134725,0.427138
1145,0.088348,0.037063,0.052690,0.075891,0.079957,0.092807,0.134971,0.438272
1146,0.092220,0.039885,0.054966,0.077251,0.081133,0.093225,0.134711,0.426610
1147,0.089958,0.038224,0.053639,0.076464,0.080454,0.092988,0.134875,0.433398
1148,0.088092,0.036881,0.052545,0.075803,0.079881,0.092785,0.134988,0.439024
1149,0.082320,0.032855,0.049132,0.073648,0.077984,0.092040,0.135170,0.456852
1150,0.086779,0.035944,0.051770,0.075324,0.079461,0.092629,0.135051,0.443043
1151,0.083833,0.033887,0.050039,0.074218,0.078491,0.092224,0.135141,0.452166
1152,0.084328,0.034230,0.050325,0.074409,0.078659,0.092304,0.135132,0.450614
1153,0.085876,0.035306,0.051242,0.074986,0.079166,0.092505,0.135085,0.445833
1154,0.087225,0.036258,0.052030,0.075483,0.079599,0.092687,0.135029,0.441689
1155,0.092205,0.039872,0.054955,0.077244,0.081124,0.093233,0.134713,0.426655
1156,0.090795,0.038835,0.054127,0.076756,0.080705,0.093084,0.134818,0.430880
1157,0.092905,0.040394,0.055364,0.077482,0.081329,0.093297,0.134654,0.424575
1158,0.092797,0.040313,0.055300,0.077446,0.081298,0.093289,0.134663,0.424895
1159,0.092975,0.040446,0.055404,0.077507,0.081351,0.093306,0.134648,0.424364
1160,0.089815,0.038120,0.053549,0.076412,0.080407,0.092983,0.134885,0.433831
1161,0.091677,0.039484,0.054641,0.077062,0.080968,0.093177,0.134753,0.428237
1162,0.088216,0.036967,0.052609,0.075842,0.079912,0.092802,0.134979,0.438673
1163,0.089498,0.037889,0.053363,0.076299,0.080309,0.092947,0.134904,0.434789
1164,0.088303,0.037028,0.052658,0.075872,0.079937,0.092812,0.134972,0.438418
1165,0.085277,0.034888,0.050875,0.074764,0.078968,0.092442,0.135102,0.447683
1166,0.086385,0.035664,0.051530,0.075174,0.079328,0.092584,0.135063,0.444272
1167,0.087581,0.036510,0.052233,0.075608,0.079707,0.092723,0.135008,0.440631
1168,0.081249,0.032130,0.048489,0.073227,0.077608,0.091885,0.135171,0.460241
1169,0.089119,0.037613,0.053142,0.076163,0.080190,0.092906,0.134926,0.435941
1170,0.090944,0.038941,0.054214,0.076806,0.080746,0.093104,0.134806,0.430439
1171,0.090652,0.038725,0.054042,0.076701,0.080656,0.093069,0.134826,0.431329
1172,0.094947,0.041926,0.056555,0.078165,0.081910,0.093486,0.134464,0.418547
1173,0.086027,0.035412,0.051318,0.075041,0.079211,0.092534,0.135075,0.445381
1174,0.090061,0.038295,0.053694,0.076496,0.080479,0.093008,0.134866,0.433101
1175,0.085828,0.035273,0.051200,0.074968,0.079147,0.092510,0.135083,0.445993
1176,0.093909,0.041141,0.055949,0.077819,0.081616,0.093396,0.134564,0.421606
1177,0.094993,0.041961,0.056588,0.078179,0.081925,0.093479,0.134460,0.418414
1178,0.084201,0.034141,0.050246,0.074359,0.078614,0.092286,0.135132,0.451021
1179,0.089601,0.037961,0.053425,0.076332,0.080337,0.092951,0.134896,0.434496
1180,0.085217,0.034845,0.050841,0.074740,0.078947,0.092427,0.135104,0.447880
1181,0.080854,0.031865,0.048257,0.073076,0.077473,0.091834,0.135175,0.461467
1182,0.083908,0.033938,0.050071,0.074251,0.078517,0.092264,0.135142,0.451908
1183,0.084625,0.034433,0.050495,0.074521,0.078754,0.092360,0.135124,0.449688
1184,0.088531,0.037190,0.052797,0.075956,0.080010,0.092844,0.134963,0.437711
1185,0.085154,0.034801,0.050803,0.074720,0.078929,0.092431,0.135109,0.448053
1186,0.086584,0.035804,0.051647,0.075249,0.079393,0.092611,0.135056,0.443656
1187,0.078767,0.030481,0.047015,0.072246,0.076731,0.091509,0.135153,0.468097
1188,0.088609,0.037246,0.052840,0.075984,0.080034,0.092853,0.134958,0.437475
1189,0.078840,0.030529,0.047061,0.072279,0.076761,0.091530,0.135157,0.467843
1190,0.088492,0.037163,0.052771,0.075944,0.080000,0.092843,0.134966,0.437821
1191,0.093442,0.040794,0.055675,0.077667,0.081486,0.093360,0.134610,0.422968
1192,0.093391,0.040756,0.055645,0.077649,0.081471,0.093354,0.134614,0.423120
1193,0.083789,0.033859,0.049995,0.074211,0.078480,0.092255,0.135147,0.452264
1194,0.089603,0.037965,0.053430,0.076340,0.080345,0.092965,0.134901,0.434451
1195,0.089470,0.037868,0.053355,0.076289,0.080302,0.092934,0.134907,0.434875
1196,0.088066,0.036859,0.052528,0.075789,0.079868,0.092778,0.134988,0.439123
1197,0.087578,0.036511,0.052242,0.075613,0.079714,0.092721,0.135012,0.440609
1198,0.083774,0.033848,0.049996,0.074202,0.078475,0.092235,0.135145,0.452325
1199,0.083158,0.033425,0.049631,0.073967,0.078267,0.092150,0.135156,0.454246
1200,0.080388,0.031553,0.047988,0.072890,0.077309,0.091749,0.135172,0.462951
1201,0.077592,0.029714,0.046325,0.071769,0.076305,0.091307,0.135126,0.471863
1202,0.079094,0.030696,0.047219,0.072375,0.076850,0.091549,0.135159,0.467058
1203,0.078603,0.030375,0.046926,0.072180,0.076676,0.091471,0.135150,0.468618
1204,0.080729,0.031782,0.048190,0.073026,0.077432,0.091801,0.135173,0.461867
1205,0.083600,0.033727,0.049890,0.074132,0.078412,0.092208,0.135147,0.452885
1206,0.081067,0.032009,0.048388,0.073158,0.077547,0.091859,0.135173,0.460799
1207,0.087033,0.036123,0.051917,0.075413,0.079538,0.092663,0.135037,0.442276
1208,0.088976,0.037512,0.053061,0.076113,0.080148,0.092890,0.134936,0.436363
1209,0.088976,0.037512,0.053061,0.076113,0.080148,0.092890,0.134936,0.436363
1210,0.087384,0.036373,0.052122,0.075541,0.079650,0.092706,0.135021,0.441203
1211,0.079251,0.030802,0.047306,0.072441,0.076907,0.091584,0.135161,0.466549
1212,0.085477,0.035029,0.050997,0.074842,0.079037,0.092471,0.135099,0.447048
1213,0.084099,0.034072,0.050184,0.074326,0.078583,0.092293,0.135139,0.451305
1214,0.081734,0.032457,0.048782,0.073419,0.077780,0.091961,0.135172,0.458694
1215,0.078982,0.030622,0.047157,0.072326,0.076808,0.091513,0.135155,0.467438
1216,0.080198,0.031427,0.047881,0.072810,0.077241,0.091701,0.135168,0.463573
1217,0.079687,0.031089,0.047576,0.072609,0.077062,0.091622,0.135164,0.465191
1218,0.080766,0.031808,0.048212,0.073045,0.077448,0.091818,0.135177,0.461726
1219,0.082839,0.033208,0.049442,0.073850,0.078163,0.092119,0.135164,0.455216
1220,0.086007,0.035400,0.051316,0.075041,0.079213,0.092538,0.135082,0.445404
1221,0.085418,0.034988,0.050969,0.074823,0.079022,0.092464,0.135103,0.447212
1222,0.083591,0.033722,0.049889,0.074136,0.078417,0.092221,0.135151,0.452874
1223,0.086556,0.035788,0.051643,0.075246,0.079394,0.092607,0.135061,0.443705
1224,0.088425,0.037118,0.052744,0.075925,0.079987,0.092831,0.134971,0.437999
1225,0.083656,0.033770,0.049930,0.074166,0.078446,0.092232,0.135151,0.452650
1226,0.087251,0.036280,0.052050,0.075496,0.079614,0.092684,0.135027,0.441598
1227,0.091026,0.039005,0.054273,0.076844,0.080783,0.093116,0.134805,0.430148
1228,0.087675,0.036580,0.052304,0.075644,0.079743,0.092717,0.135005,0.440331
1229,0.087719,0.036612,0.052330,0.075661,0.079758,0.092723,0.135003,0.440196
1230,0.092338,0.039971,0.055044,0.077285,0.081163,0.093222,0.134699,0.426278
1231,0.094163,0.041336,0.056112,0.077902,0.081691,0.093394,0.134539,0.420862
1232,0.096078,0.042791,0.057230,0.078537,0.082230,0.093563,0.134349,0.415222
1233,0.095377,0.042254,0.056822,0.078305,0.082034,0.093504,0.134422,0.417282
1234,0.095319,0.042210,0.056789,0.078285,0.082017,0.093498,0.134427,0.417456
1235,0.098086,0.044341,0.058398,0.079184,0.082777,0.093723,0.134126,0.409366
1236,0.096193,0.042878,0.057297,0.078573,0.082261,0.093572,0.134337,0.414889
1237,0.087815,0.036677,0.052389,0.075692,0.079784,0.092732,0.134998,0.439912
1238,0.087824,0.036684,0.052394,0.075695,0.079787,0.092733,0.134997,0.439885
1239,0.089918,0.038191,0.053627,0.076441,0.080436,0.092968,0.134876,0.433543
1240,0.083508,0.033664,0.049846,0.074094,0.078382,0.092181,0.135148,0.453177
1241,0.086810,0.035963,0.051797,0.075325,0.079464,0.092609,0.135044,0.442987
1242,0.081355,0.032200,0.048569,0.073265,0.077646,0.091875,0.135171,0.459918
1243,0.079133,0.030721,0.047248,0.072386,0.076862,0.091537,0.135157,0.466956
1244,0.082266,0.032816,0.049109,0.073618,0.077960,0.092008,0.135166,0.457056
1245,0.079129,0.030719,0.047246,0.072385,0.076860,0.091537,0.135157,0.466968
1246,0.079169,0.030745,0.047269,0.072401,0.076875,0.091544,0.135158,0.466838
1247,0.087630,0.036546,0.052278,0.075625,0.079726,0.092710,0.135007,0.440478
1248,0.082098,0.032704,0.049008,0.073555,0.077904,0.091986,0.135168,0.457577
1249,0.087597,0.036523,0.052259,0.075614,0.079716,0.092706,0.135009,0.440576
1250,0.084297,0.034208,0.050310,0.074395,0.078647,0.092291,0.135131,0.450721
1251,0.089659,0.038005,0.053472,0.076352,0.080358,0.092943,0.134893,0.434318
1252,0.086958,0.036069,0.051881,0.075381,0.079513,0.092629,0.135038,0.442529
1253,0.092116,0.039805,0.054914,0.077208,0.081097,0.093200,0.134717,0.426944
1254,0.086501,0.035747,0.051612,0.075215,0.079368,0.092575,0.135058,0.443924
1255,0.090203,0.038400,0.053791,0.076544,0.080525,0.093002,0.134858,0.432677
1256,0.089459,0.037860,0.053354,0.076281,0.080297,0.092921,0.134906,0.434922
1257,0.087543,0.036485,0.052227,0.075594,0.079700,0.092700,0.135011,0.440740
1258,0.084982,0.034682,0.050715,0.074651,0.078873,0.092379,0.135112,0.448606
1259,0.087589,0.036519,0.052253,0.075612,0.079715,0.092705,0.135009,0.440599
1260,0.085747,0.035219,0.051165,0.074938,0.079126,0.092479,0.135087,0.446240
1261,0.077484,0.029648,0.046262,0.071725,0.076268,0.091274,0.135121,0.472219
1262,0.088292,0.037022,0.052666,0.075867,0.079938,0.092789,0.134973,0.438453
1263,0.077370,0.029573,0.046194,0.071677,0.076226,0.091254,0.135118,0.472588
1264,0.079586,0.031024,0.047513,0.072572,0.077029,0.091610,0.135164,0.465502
1265,0.081640,0.032397,0.048734,0.073380,0.077750,0.091920,0.135170,0.459009
1266,0.081697,0.032435,0.048767,0.073403,0.077770,0.091930,0.135171,0.458828
1267,0.083104,0.033390,0.049602,0.073945,0.078250,0.092131,0.135156,0.454424
1268,0.083070,0.033366,0.049582,0.073932,0.078238,0.092126,0.135156,0.454530
1269,0.082181,0.032760,0.049056,0.073588,0.077933,0.091999,0.135167,0.457316
1270,0.079250,0.030798,0.047316,0.072435,0.076905,0.091559,0.135160,0.466576
1271,0.083502,0.033659,0.049840,0.074093,0.078380,0.092184,0.135149,0.453193
1272,0.077891,0.029909,0.046507,0.071887,0.076414,0.091339,0.135132,0.470921
1273,0.082186,0.032763,0.049060,0.073589,0.077935,0.091998,0.135167,0.457302
1274,0.084309,0.034216,0.050317,0.074398,0.078650,0.092291,0.135130,0.450689
1275,0.084311,0.034218,0.050318,0.074399,0.078651,0.092291,0.135130,0.450681
1276,0.082149,0.032738,0.049038,0.073574,0.077921,0.091990,0.135166,0.457424
1277,0.084297,0.034208,0.050311,0.074393,0.078646,0.092287,0.135130,0.450728
1278,0.086459,0.035717,0.051588,0.075197,0.079353,0.092565,0.135059,0.444062
1279,0.084384,0.034268,0.050362,0.074427,0.078676,0.092300,0.135128,0.450455
1280,0.088613,0.037250,0.052857,0.075978,0.080034,0.092822,0.134955,0.437491
1281,0.084302,0.034211,0.050314,0.074395,0.078648,0.092288,0.135130,0.450712
1282,0.085641,0.035141,0.051106,0.074895,0.079087,0.092463,0.135090,0.446578
1283,0.086438,0.035702,0.051575,0.075190,0.079347,0.092564,0.135060,0.444124
1284,0.086396,0.035672,0.051550,0.075175,0.079333,0.092559,0.135062,0.444254
1285,0.084239,0.034168,0.050276,0.074372,0.078627,0.092281,0.135132,0.450906
1286,0.086333,0.035628,0.051513,0.075151,0.079312,0.092550,0.135064,0.444449
1287,0.082036,0.032661,0.048971,0.073529,0.077881,0.091973,0.135167,0.457781
1288,0.079837,0.031187,0.047665,0.072667,0.077113,0.091646,0.135165,0.464719
1289,0.084003,0.034004,0.050137,0.074281,0.078547,0.092247,0.135137,0.451643
1290,0.086318,0.035618,0.051506,0.075145,0.079307,0.092547,0.135065,0.444494
1291,0.086253,0.035572,0.051467,0.075122,0.079287,0.092542,0.135068,0.444690
1292,0.086396,0.035672,0.051550,0.075175,0.079333,0.092560,0.135062,0.444251
1293,0.083446,0.033620,0.049809,0.074070,0.078360,0.092173,0.135149,0.453373
1294,0.081297,0.032161,0.048535,0.073242,0.077626,0.091867,0.135171,0.460101
1295,0.083684,0.033783,0.049950,0.074160,0.078440,0.092206,0.135144,0.452633
1296,0.083726,0.033813,0.049975,0.074178,0.078455,0.092214,0.135143,0.452496
1297,0.083821,0.033879,0.050031,0.074215,0.078488,0.092228,0.135142,0.452197
1298,0.085989,0.035385,0.051312,0.075026,0.079202,0.092513,0.135078,0.445495
1299,0.086346,0.035636,0.051521,0.075157,0.079317,0.092555,0.135064,0.444404
1300,0.084145,0.034102,0.050221,0.074338,0.078596,0.092273,0.135135,0.451190
1301,0.086277,0.035588,0.051481,0.075131,0.079294,0.092547,0.135067,0.444616
1302,0.086167,0.035511,0.051417,0.075091,0.079259,0.092532,0.135071,0.444953
1303,0.086216,0.035545,0.051446,0.075109,0.079275,0.092539,0.135069,0.444801
1304,0.086221,0.035549,0.051448,0.075111,0.079277,0.092541,0.135069,0.444784
1305,0.085928,0.035344,0.051274,0.075004,0.079182,0.092504,0.135081,0.445683
1306,0.083907,0.033939,0.050079,0.074247,0.078516,0.092238,0.135140,0.451934
1307,0.083741,0.033824,0.049982,0.074184,0.078461,0.092216,0.135144,0.452448
1308,0.081596,0.032363,0.048710,0.073359,0.077730,0.091912,0.135170,0.459159
1309,0.081338,0.032189,0.048558,0.073258,0.077640,0.091872,0.135171,0.459974
1310,0.077066,0.029373,0.046017,0.071548,0.076109,0.091199,0.135108,0.473580
1311,0.081330,0.032183,0.048553,0.073254,0.077637,0.091871,0.135171,0.460001
1312,0.083469,0.033636,0.049822,0.074078,0.078367,0.092175,0.135148,0.453305
1313,0.081304,0.032166,0.048537,0.073245,0.077628,0.091869,0.135171,0.460079
1314,0.083449,0.033623,0.049809,0.074072,0.078362,0.092175,0.135149,0.453362
1315,0.083484,0.033647,0.049829,0.074085,0.078374,0.092180,0.135148,0.453253
1316,0.083437,0.033615,0.049802,0.074067,0.078357,0.092173,0.135149,0.453400
1317,0.083438,0.033615,0.049802,0.074067,0.078358,0.092173,0.135149,0.453398
1318,0.085596,0.035110,0.051078,0.074878,0.079072,0.092459,0.135092,0.446714
1319,0.079138,0.030724,0.047250,0.072389,0.076864,0.091540,0.135158,0.466938
1320,0.083369,0.033568,0.049762,0.074041,0.078334,0.092164,0.135150,0.453613
1321,0.079096,0.030697,0.047225,0.072372,0.076848,0.091533,0.135157,0.467073
1322,0.081287,0.032154,0.048527,0.073238,0.077622,0.091867,0.135172,0.460133
1323,0.083473,0.033639,0.049824,0.074081,0.078370,0.092177,0.135148,0.453287
1324,0.081917,0.032580,0.048899,0.073485,0.077841,0.091961,0.135169,0.458147
1325,0.079722,0.031111,0.047595,0.072623,0.077073,0.091633,0.135165,0.465078
1326,0.081910,0.032576,0.048894,0.073482,0.077839,0.091961,0.135169,0.458170
1327,0.079830,0.031183,0.047659,0.072667,0.077112,0.091651,0.135167,0.464732
1328,0.079855,0.031200,0.047674,0.072677,0.077121,0.091655,0.135167,0.464652
1329,0.082086,0.032695,0.049000,0.073551,0.077900,0.091987,0.135168,0.457614
1330,0.084309,0.034216,0.050316,0.074400,0.078652,0.092297,0.135131,0.450679
1331,0.082249,0.032806,0.049096,0.073615,0.077957,0.092011,0.135167,0.457100
1332,0.080075,0.031346,0.047805,0.072765,0.077200,0.091690,0.135169,0.463952
1333,0.077977,0.029965,0.046556,0.071923,0.076446,0.091357,0.135135,0.470641
1334,0.079662,0.031071,0.047562,0.072599,0.077052,0.091622,0.135164,0.465268
1335,0.082658,0.033084,0.049341,0.073771,0.078096,0.092065,0.135161,0.455825
1336,0.080423,0.031578,0.048015,0.072901,0.077322,0.091737,0.135170,0.462854
1337,0.086849,0.035992,0.051820,0.075341,0.079478,0.092613,0.135042,0.442866
1338,0.084629,0.034437,0.050509,0.074518,0.078756,0.092332,0.135121,0.449698
1339,0.086705,0.035891,0.051734,0.075289,0.079433,0.092598,0.135049,0.443300
1340,0.082400,0.032909,0.049188,0.073671,0.078007,0.092026,0.135164,0.456636
1341,0.084459,0.034320,0.050408,0.074454,0.078700,0.092309,0.135126,0.450224
1342,0.082331,0.032861,0.049147,0.073644,0.077983,0.092016,0.135164,0.456854
1343,0.084374,0.034261,0.050358,0.074422,0.078671,0.092297,0.135128,0.450490
1344,0.086494,0.035741,0.051611,0.075209,0.079363,0.092568,0.135057,0.443956
1345,0.083385,0.033579,0.049773,0.074046,0.078339,0.092162,0.135150,0.453566
1346,0.085577,0.035096,0.051069,0.074870,0.079065,0.092454,0.135092,0.446777
1347,0.079899,0.031229,0.047703,0.072692,0.077136,0.091655,0.135166,0.464521
1348,0.079872,0.031211,0.047686,0.072681,0.077126,0.091651,0.135166,0.464606
1349,0.080612,0.031705,0.048123,0.072976,0.077389,0.091769,0.135171,0.462255
1350,0.082845,0.033212,0.049448,0.073844,0.078161,0.092094,0.135159,0.455237
1351,0.080720,0.031777,0.048187,0.073020,0.077428,0.091786,0.135172,0.461910
1352,0.084953,0.034664,0.050695,0.074642,0.078865,0.092379,0.135113,0.448689
1353,0.082892,0.033245,0.049475,0.073863,0.078177,0.092102,0.135159,0.455087
1354,0.078639,0.030399,0.046949,0.072193,0.076688,0.091466,0.135150,0.468515
1355,0.078665,0.030417,0.046965,0.072203,0.076698,0.091470,0.135150,0.468432
1356,0.078705,0.030442,0.046988,0.072219,0.076712,0.091476,0.135151,0.468307
1357,0.080073,0.031345,0.047803,0.072765,0.077200,0.091692,0.135170,0.463951
1358,0.080065,0.031340,0.047799,0.072762,0.077197,0.091689,0.135169,0.463979
1359,0.077169,0.029440,0.046077,0.071593,0.076149,0.091222,0.135112,0.473239
1360,0.075052,0.028085,0.044813,0.070714,0.075355,0.090856,0.135027,0.480098
1361,0.077194,0.029456,0.046091,0.071603,0.076158,0.091227,0.135114,0.473156
1362,0.073724,0.027251,0.044017,0.070154,0.074846,0.090617,0.134954,0.484438
1363,0.075579,0.028420,0.045126,0.070936,0.075556,0.090951,0.135052,0.478380
1364,0.077698,0.029783,0.046390,0.071810,0.076344,0.091311,0.135128,0.471536
1365,0.075495,0.028367,0.045076,0.070900,0.075523,0.090935,0.135048,0.478655
1366,0.073616,0.027183,0.043953,0.070106,0.074803,0.090595,0.134946,0.484799
1367,0.075588,0.028426,0.045132,0.070939,0.075559,0.090951,0.135052,0.478353
1368,0.073438,0.027072,0.043846,0.070030,0.074733,0.090562,0.134935,0.485384
1369,0.073628,0.027191,0.043960,0.070111,0.074808,0.090596,0.134947,0.484758
1370,0.073446,0.027077,0.043851,0.070033,0.074736,0.090563,0.134935,0.485358
1371,0.073481,0.027099,0.043872,0.070047,0.074750,0.090568,0.134937,0.485246
1372,0.072867,0.026716,0.043506,0.069783,0.074509,0.090452,0.134896,0.487271
1373,0.070761,0.025425,0.042244,0.068863,0.073667,0.090039,0.134730,0.494271
1374,0.069435,0.024627,0.041446,0.068274,0.073126,0.089771,0.134604,0.498718
1375,0.073623,0.027188,0.043957,0.070110,0.074806,0.090599,0.134947,0.484770
1376,0.075730,0.028517,0.045216,0.070999,0.075613,0.090979,0.135059,0.477888
1377,0.071500,0.025876,0.042685,0.069190,0.073967,0.090191,0.134793,0.491798
1378,0.075624,0.028449,0.045153,0.070954,0.075572,0.090959,0.135054,0.478235
1379,0.075663,0.028474,0.045176,0.070971,0.075587,0.090967,0.135056,0.478108
1380,0.080772,0.031812,0.048217,0.073042,0.077447,0.091799,0.135173,0.461738
1381,0.080790,0.031824,0.048227,0.073048,0.077453,0.091801,0.135173,0.461684
1382,0.081859,0.032544,0.048858,0.073472,0.077829,0.091972,0.135173,0.458292
1383,0.089009,0.037538,0.053081,0.076129,0.080164,0.092890,0.134936,0.436252
1384,0.090301,0.038474,0.053840,0.076586,0.080560,0.093033,0.134855,0.432351
1385,0.090129,0.038350,0.053738,0.076526,0.080508,0.093014,0.134866,0.432869
1386,0.092033,0.039749,0.054854,0.077189,0.081079,0.093210,0.134727,0.427159
1387,0.093222,0.040634,0.055550,0.077595,0.081427,0.093327,0.134628,0.423617
1388,0.092586,0.040160,0.055176,0.077378,0.081242,0.093266,0.134682,0.425510
1389,0.095644,0.042465,0.056964,0.078403,0.082117,0.093546,0.134398,0.416463
1390,0.090219,0.038416,0.053790,0.076558,0.080535,0.093024,0.134860,0.432598
1391,0.091254,0.039173,0.054397,0.076919,0.080846,0.093133,0.134787,0.429491
1392,0.089986,0.038244,0.053660,0.076469,0.080459,0.092983,0.134872,0.433325
1393,0.083237,0.033481,0.049679,0.073995,0.078294,0.092152,0.135153,0.454008
1394,0.082552,0.033012,0.049275,0.073731,0.078060,0.092053,0.135163,0.456154
1395,0.080962,0.031938,0.048331,0.073114,0.077511,0.091822,0.135172,0.461150
1396,0.078407,0.030245,0.046813,0.072096,0.076601,0.091425,0.135144,0.469268
1397,0.077903,0.029917,0.046513,0.071893,0.076419,0.091345,0.135133,0.470878
1398,0.077739,0.029810,0.046415,0.071826,0.076358,0.091318,0.135129,0.471405
1399,0.077806,0.029853,0.046455,0.071853,0.076383,0.091329,0.135130,0.471191
1400,0.077797,0.029848,0.046450,0.071850,0.076380,0.091328,0.135130,0.471217
1401,0.077739,0.029810,0.046416,0.071826,0.076358,0.091318,0.135128,0.471406
1402,0.079882,0.031218,0.047690,0.072688,0.077131,0.091660,0.135167,0.464563
1403,0.079702,0.031098,0.047583,0.072615,0.077066,0.091631,0.135165,0.465141
1404,0.079746,0.031127,0.047609,0.072633,0.077082,0.091637,0.135166,0.464999
1405,0.079169,0.030745,0.047269,0.072401,0.076875,0.091543,0.135158,0.466840
1406,0.079201,0.030766,0.047288,0.072414,0.076887,0.091549,0.135158,0.466735
1407,0.085629,0.035133,0.051098,0.074891,0.079084,0.092464,0.135091,0.446610
1408,0.085600,0.035113,0.051082,0.074880,0.079074,0.092460,0.135092,0.446700
1409,0.084188,0.034133,0.050244,0.074354,0.078611,0.092278,0.135134,0.451059
1410,0.082874,0.033232,0.049464,0.073856,0.078171,0.092101,0.135159,0.455143
1411,0.085034,0.034721,0.050743,0.074674,0.078893,0.092392,0.135111,0.448433
1412,0.087145,0.036204,0.051989,0.075452,0.079575,0.092657,0.135030,0.441948
1413,0.087217,0.036255,0.052031,0.075479,0.079598,0.092667,0.135028,0.441727
1414,0.088501,0.037171,0.052787,0.075942,0.080002,0.092817,0.134962,0.437818
1415,0.087142,0.036201,0.051987,0.075451,0.079574,0.092657,0.135031,0.441958
1416,0.089945,0.038214,0.053637,0.076455,0.080448,0.092978,0.134875,0.433448
1417,0.087022,0.036116,0.051916,0.075407,0.079535,0.092641,0.135036,0.442325
1418,0.087187,0.036233,0.052013,0.075467,0.079588,0.092662,0.135029,0.441822
1419,0.088504,0.037171,0.052790,0.075942,0.080001,0.092817,0.134962,0.437812
1420,0.089920,0.038192,0.053627,0.076442,0.080436,0.092969,0.134876,0.433539
1421,0.087814,0.036676,0.052387,0.075691,0.079784,0.092732,0.134998,0.439917
1422,0.085648,0.035146,0.051110,0.074898,0.079090,0.092466,0.135090,0.446551
1423,0.085646,0.035145,0.051109,0.074898,0.079089,0.092466,0.135090,0.446557
1424,0.083489,0.033650,0.049833,0.074087,0.078375,0.092180,0.135148,0.453237
1425,0.083490,0.033651,0.049834,0.074088,0.078376,0.092181,0.135148,0.453232
1426,0.083787,0.033855,0.050008,0.074200,0.078475,0.092220,0.135142,0.452314
1427,0.081546,0.032329,0.048680,0.073340,0.077713,0.091905,0.135171,0.459317
1428,0.081586,0.032357,0.048704,0.073356,0.077727,0.091912,0.135171,0.459187
1429,0.077206,0.029464,0.046099,0.071607,0.076162,0.091225,0.135113,0.473125
1430,0.085991,0.035387,0.051312,0.075026,0.079202,0.092511,0.135078,0.445492
1431,0.082450,0.032941,0.049217,0.073690,0.078024,0.092036,0.135164,0.456477
1432,0.080823,0.031844,0.048252,0.073057,0.077461,0.091798,0.135172,0.461593
1433,0.084669,0.034467,0.050528,0.074535,0.078771,0.092339,0.135121,0.449570
1434,0.083661,0.033771,0.049933,0.074155,0.078435,0.092204,0.135145,0.452696
1435,0.090077,0.038309,0.053716,0.076500,0.080487,0.092988,0.134866,0.433057
1436,0.084430,0.034300,0.050388,0.074446,0.078693,0.092311,0.135128,0.450305
1437,0.085900,0.035325,0.051257,0.074994,0.079174,0.092500,0.135082,0.445768
1438,0.085344,0.034935,0.050930,0.074787,0.078993,0.092429,0.135100,0.447482
1439,0.088920,0.037471,0.053038,0.076090,0.080131,0.092862,0.134938,0.436551
1440,0.086773,0.035939,0.051773,0.075314,0.079455,0.092608,0.135046,0.443091
1441,0.086740,0.035915,0.051754,0.075302,0.079444,0.092604,0.135047,0.443193
1442,0.085503,0.035043,0.051009,0.074850,0.079043,0.092474,0.135097,0.446981
1443,0.082260,0.032809,0.049091,0.073619,0.077956,0.092035,0.135167,0.457064
1444,0.080076,0.031342,0.047794,0.072766,0.077196,0.091712,0.135169,0.463944
1445,0.077900,0.029911,0.046499,0.071892,0.076413,0.091366,0.135133,0.470886
1446,0.084297,0.034202,0.050295,0.074395,0.078641,0.092315,0.135131,0.450724
1447,0.079964,0.031267,0.047726,0.072719,0.077154,0.091693,0.135167,0.464311
1448,0.079941,0.031252,0.047712,0.072710,0.077145,0.091689,0.135166,0.464385
1449,0.077783,0.029834,0.046428,0.071843,0.076368,0.091345,0.135128,0.471270
1450,0.076827,0.029217,0.045860,0.071450,0.076016,0.091174,0.135097,0.474359
1451,0.077926,0.029931,0.046515,0.071901,0.076423,0.091355,0.135129,0.470819
1452,0.078171,0.030091,0.046664,0.072002,0.076515,0.091397,0.135137,0.470022
1453,0.082526,0.032994,0.049252,0.073722,0.078051,0.092059,0.135162,0.456235
1454,0.090382,0.038529,0.053881,0.076607,0.080575,0.093036,0.134844,0.432148
1455,0.091879,0.039631,0.054762,0.077130,0.081028,0.093190,0.134735,0.427646
1456,0.090300,0.038473,0.053836,0.076583,0.080556,0.093027,0.134850,0.432375
1457,0.092584,0.040155,0.055175,0.077373,0.081237,0.093261,0.134679,0.425536
1458,0.091190,0.039126,0.054356,0.076894,0.080826,0.093121,0.134788,0.429699
1459,0.091009,0.038994,0.054249,0.076832,0.080772,0.093102,0.134801,0.430242
1460,0.092432,0.040042,0.055085,0.077322,0.081193,0.093248,0.134692,0.425987
1461,0.093547,0.040873,0.055738,0.077700,0.081516,0.093357,0.134597,0.422672
1462,0.091479,0.039336,0.054526,0.076994,0.080910,0.093154,0.134767,0.428834
1463,0.089428,0.037838,0.053323,0.076275,0.080290,0.092935,0.134908,0.435002
1464,0.086164,0.035514,0.051407,0.075102,0.079269,0.092556,0.135077,0.444912
1465,0.088213,0.036966,0.052619,0.075839,0.079914,0.092778,0.134977,0.438693
1466,0.087387,0.036376,0.052134,0.075540,0.079652,0.092681,0.135019,0.441211
1467,0.089562,0.037937,0.053414,0.076320,0.080331,0.092932,0.134899,0.434606
1468,0.088688,0.037304,0.052901,0.076007,0.080059,0.092834,0.134951,0.437255
1469,0.088722,0.037328,0.052921,0.076020,0.080070,0.092838,0.134950,0.437151
1470,0.088719,0.037326,0.052919,0.076019,0.080069,0.092838,0.134950,0.437160
1471,0.090862,0.038882,0.054179,0.076775,0.080724,0.093072,0.134812,0.430695
1472,0.093243,0.040645,0.055573,0.077593,0.081427,0.093311,0.134623,0.423585
1473,0.091811,0.039582,0.054734,0.077105,0.081009,0.093169,0.134741,0.427848
1474,0.089589,0.037956,0.053430,0.076328,0.080339,0.092933,0.134897,0.434529
1475,0.086542,0.035776,0.051637,0.075229,0.079381,0.092578,0.135056,0.443802
1476,0.087462,0.036429,0.052178,0.075566,0.079676,0.092689,0.135015,0.440985
1477,0.087375,0.036367,0.052127,0.075534,0.079648,0.092677,0.135019,0.441252
1478,0.087361,0.036357,0.052119,0.075529,0.079643,0.092675,0.135019,0.441296
1479,0.091762,0.039546,0.054706,0.077086,0.080993,0.093161,0.134744,0.428001
1480,0.095665,0.042475,0.056990,0.078402,0.082117,0.093528,0.134394,0.416430
1481,0.097825,0.044140,0.058248,0.079103,0.082709,0.093703,0.134157,0.410115
1482,0.097731,0.044065,0.058193,0.079072,0.082683,0.093695,0.134167,0.410395
1483,0.101380,0.046941,0.060310,0.080214,0.083636,0.093951,0.133705,0.399864
1484,0.103527,0.048674,0.061550,0.080863,0.084172,0.094079,0.133396,0.393737
1485,0.105655,0.050422,0.062775,0.081489,0.084683,0.094189,0.133063,0.387724
1486,0.102854,0.048126,0.061164,0.080660,0.084005,0.094040,0.133495,0.395655
1487,0.102872,0.048140,0.061174,0.080666,0.084009,0.094042,0.133493,0.395605
1488,0.107158,0.051672,0.063639,0.081921,0.085033,0.094259,0.132814,0.383505
1489,0.106297,0.050951,0.063126,0.081683,0.084835,0.094254,0.132964,0.385890
1490,0.104149,0.049179,0.061891,0.081055,0.084324,0.094146,0.133307,0.391950
1491,0.104169,0.049196,0.061903,0.081062,0.084330,0.094149,0.133304,0.391888
1492,0.106367,0.051010,0.063166,0.081704,0.084853,0.094259,0.132953,0.385689
1493,0.104302,0.049305,0.061980,0.081101,0.084363,0.094154,0.133284,0.391511
1494,0.102182,0.047584,0.060762,0.080472,0.083845,0.094045,0.133602,0.397508
1495,0.097887,0.044185,0.058274,0.079134,0.082730,0.093749,0.134158,0.409883
1496,0.099201,0.045215,0.059039,0.079553,0.083083,0.093845,0.133999,0.406065
1497,0.096219,0.042902,0.057307,0.078600,0.082283,0.093613,0.134344,0.414730
1498,0.091861,0.039621,0.054761,0.077138,0.081036,0.093213,0.134747,0.427624
1499,0.080487,0.031622,0.048043,0.072937,0.077352,0.091776,0.135177,0.462607
1500,0.077775,0.029836,0.046430,0.071850,0.076378,0.091347,0.135135,0.471250
1501,0.066651,0.022989,0.039765,0.067012,0.071959,0.089189,0.134286,0.508151
1502,0.067071,0.023234,0.040021,0.067210,0.072143,0.089288,0.134342,0.506691
1503,0.069708,0.024793,0.041605,0.068407,0.073248,0.089853,0.134637,0.497748
1504,0.068935,0.024333,0.041144,0.068065,0.072935,0.089691,0.134560,0.500337
1505,0.068994,0.024368,0.041179,0.068089,0.072956,0.089701,0.134564,0.500149
1506,0.067867,0.023698,0.040502,0.067574,0.072480,0.089459,0.134438,0.503982
1507,0.068944,0.024334,0.041149,0.068063,0.072930,0.089697,0.134560,0.500323
1508,0.069020,0.024379,0.041194,0.068097,0.072961,0.089712,0.134567,0.500069
1509,0.073638,0.027199,0.043967,0.070132,0.074826,0.090630,0.134957,0.484651
1510,0.070939,0.025533,0.042343,0.068950,0.073743,0.090110,0.134752,0.493631
1511,0.078065,0.030019,0.046598,0.071958,0.076473,0.091388,0.135137,0.470362
1512,0.079233,0.030785,0.047293,0.072429,0.076895,0.091576,0.135160,0.466628
1513,0.080005,0.031296,0.047752,0.072736,0.077170,0.091696,0.135168,0.464176
1514,0.088880,0.037438,0.053001,0.076077,0.080115,0.092877,0.134942,0.436669
1515,0.088211,0.036957,0.052607,0.075836,0.079905,0.092799,0.134979,0.438706
1516,0.090959,0.038949,0.054223,0.076809,0.080749,0.093102,0.134807,0.430401
1517,0.093673,0.040962,0.055813,0.077738,0.081546,0.093369,0.134586,0.422314
1518,0.096432,0.043057,0.057423,0.078652,0.082323,0.093611,0.134314,0.414187
1519,0.099303,0.045291,0.059094,0.079570,0.083097,0.093830,0.133978,0.405838
1520,0.102092,0.047512,0.060710,0.080436,0.083816,0.094021,0.133608,0.397805
1521,0.102925,0.048184,0.061203,0.080681,0.084022,0.094045,0.133485,0.395455
1522,0.105583,0.050360,0.062733,0.081466,0.084664,0.094185,0.133075,0.387934
1523,0.105615,0.050387,0.062751,0.081476,0.084672,0.094188,0.133070,0.387842
1524,0.105616,0.050388,0.062752,0.081476,0.084672,0.094188,0.133070,0.387840
1525,0.105647,0.050414,0.062769,0.081486,0.084680,0.094190,0.133065,0.387750
1526,0.102965,0.048217,0.061225,0.080694,0.084032,0.094048,0.133479,0.395340
1527,0.102967,0.048218,0.061226,0.080694,0.084032,0.094048,0.133479,0.395336
1528,0.100235,0.046028,0.059648,0.079859,0.083341,0.093875,0.133858,0.403156
1529,0.098513,0.044674,0.058647,0.079319,0.082890,0.093752,0.134074,0.408130
1530,0.104212,0.049236,0.061942,0.081067,0.084339,0.094116,0.133291,0.391796
1531,0.094242,0.041395,0.056159,0.077927,0.081713,0.093399,0.134532,0.420633
1532,0.093473,0.040818,0.055709,0.077670,0.081493,0.093329,0.134602,0.422906
1533,0.089718,0.038048,0.053508,0.076371,0.080375,0.092944,0.134888,0.434148
1534,0.086225,0.035553,0.051450,0.075112,0.079278,0.092536,0.135068,0.444777
1535,0.082582,0.033032,0.049295,0.073740,0.078069,0.092050,0.135162,0.456071
1536,0.082670,0.033092,0.049347,0.073775,0.078100,0.092063,0.135161,0.455792
1537,0.082653,0.033081,0.049337,0.073768,0.078094,0.092061,0.135161,0.455845
1538,0.082702,0.033114,0.049366,0.073788,0.078111,0.092069,0.135161,0.455689
1539,0.084967,0.034671,0.050709,0.074645,0.078867,0.092378,0.135113,0.448651
1540,0.081384,0.032220,0.048586,0.073277,0.077657,0.091881,0.135172,0.459823
1541,0.081335,0.032187,0.048558,0.073257,0.077639,0.091872,0.135171,0.459980
1542,0.086282,0.035593,0.051483,0.075134,0.079297,0.092544,0.135066,0.444600
1543,0.086357,0.035646,0.051527,0.075162,0.079322,0.092555,0.135064,0.444366
1544,0.086394,0.035673,0.051549,0.075176,0.079334,0.092560,0.135062,0.444252
1545,0.082793,0.033177,0.049420,0.073824,0.078143,0.092084,0.135160,0.455398
1546,0.082728,0.033132,0.049381,0.073798,0.078120,0.092073,0.135161,0.455606
1547,0.082718,0.033126,0.049376,0.073794,0.078117,0.092072,0.135161,0.455636
1548,0.082737,0.033139,0.049387,0.073802,0.078124,0.092075,0.135160,0.455577
1549,0.075476,0.028356,0.045067,0.070891,0.075516,0.090926,0.135046,0.478721
1550,0.075466,0.028349,0.045061,0.070887,0.075512,0.090924,0.135046,0.478755
1551,0.072012,0.026190,0.042995,0.069413,0.074171,0.090284,0.134833,0.490102
1552,0.074364,0.027651,0.044405,0.070422,0.075091,0.090726,0.134990,0.482352
1553,0.070863,0.025487,0.042309,0.068906,0.073708,0.090054,0.134738,0.493936
1554,0.070805,0.025451,0.042274,0.068880,0.073684,0.090041,0.134733,0.494134
1555,0.074314,0.027619,0.044376,0.070400,0.075071,0.090715,0.134986,0.482520
1556,0.077823,0.029864,0.046469,0.071858,0.076388,0.091326,0.135130,0.471142
1557,0.074366,0.027652,0.044405,0.070423,0.075092,0.090729,0.134990,0.482343
1558,0.074346,0.027639,0.044393,0.070415,0.075084,0.090724,0.134989,0.482410
1559,0.074381,0.027661,0.044414,0.070429,0.075097,0.090731,0.134991,0.482295
1560,0.077890,0.029907,0.046508,0.071886,0.076413,0.091338,0.135132,0.470926
1561,0.081448,0.032263,0.048624,0.073301,0.077679,0.091888,0.135171,0.459625
1562,0.071041,0.025596,0.042413,0.068988,0.073782,0.090097,0.134755,0.493329
1563,0.076286,0.028872,0.045551,0.071230,0.075822,0.091072,0.135082,0.476086
1564,0.081674,0.032416,0.048756,0.073393,0.077760,0.091929,0.135172,0.458899
1565,0.076235,0.028839,0.045520,0.071208,0.075802,0.091063,0.135080,0.476253
1566,0.070965,0.025549,0.042367,0.068953,0.073751,0.090079,0.134748,0.493588
1567,0.076087,0.028744,0.045433,0.071144,0.075745,0.091033,0.135073,0.476742
1568,0.070865,0.025488,0.042308,0.068908,0.073709,0.090057,0.134739,0.493926
1569,0.076038,0.028712,0.045404,0.071124,0.075726,0.091025,0.135071,0.476900
1570,0.076039,0.028713,0.045405,0.071125,0.075727,0.091025,0.135071,0.476896
1571,0.076111,0.028759,0.045447,0.071156,0.075755,0.091040,0.135074,0.476657
1572,0.083306,0.033528,0.049722,0.074021,0.078318,0.092157,0.135152,0.453796
1573,0.077868,0.029896,0.046491,0.071880,0.076408,0.091337,0.135132,0.470987
1574,0.072524,0.026507,0.043299,0.069637,0.074376,0.090386,0.134872,0.488398
1575,0.072425,0.026445,0.043239,0.069594,0.074336,0.090367,0.134865,0.488728
1576,0.072563,0.026530,0.043322,0.069654,0.074391,0.090394,0.134875,0.488271
1577,0.067319,0.023377,0.040173,0.067312,0.072239,0.089313,0.134366,0.505901
1578,0.072409,0.026435,0.043229,0.069587,0.074330,0.090364,0.134864,0.488783
1579,0.067528,0.023499,0.040299,0.067407,0.072328,0.089357,0.134391,0.505192
1580,0.067307,0.023370,0.040166,0.067306,0.072234,0.089311,0.134364,0.505942
1581,0.067398,0.023423,0.040221,0.067347,0.072272,0.089328,0.134375,0.505636
1582,0.065885,0.022542,0.039313,0.066643,0.071619,0.088987,0.134178,0.510833
1583,0.070983,0.025560,0.042378,0.068962,0.073759,0.090085,0.134750,0.493523
1584,0.070978,0.025557,0.042375,0.068960,0.073757,0.090084,0.134750,0.493540
1585,0.070978,0.025557,0.042375,0.068960,0.073757,0.090084,0.134750,0.493539
1586,0.076212,0.028824,0.045507,0.071199,0.075794,0.091060,0.135079,0.476324
1587,0.081451,0.032266,0.048626,0.073304,0.077681,0.091892,0.135172,0.459608
1588,0.083488,0.033654,0.049830,0.074091,0.078380,0.092182,0.135149,0.453225
1589,0.083411,0.033600,0.049785,0.074061,0.078353,0.092169,0.135150,0.453471
1590,0.083349,0.033558,0.049749,0.074036,0.078331,0.092158,0.135150,0.453668
1591,0.088696,0.037312,0.052906,0.076010,0.080062,0.092831,0.134950,0.437233
1592,0.083148,0.033420,0.049631,0.073958,0.078262,0.092128,0.135153,0.454299
1593,0.077842,0.029879,0.046478,0.071866,0.076396,0.091326,0.135129,0.471082
1594,0.077970,0.029962,0.046553,0.071918,0.076443,0.091346,0.135132,0.470676
1595,0.083367,0.033570,0.049759,0.074043,0.078337,0.092161,0.135150,0.453613
1596,0.083374,0.033575,0.049763,0.074045,0.078339,0.092162,0.135150,0.453592
1597,0.078091,0.030042,0.046625,0.071969,0.076488,0.091368,0.135136,0.470280
1598,0.070778,0.025435,0.042256,0.068868,0.073673,0.090037,0.134730,0.494222
1599,0.076078,0.028738,0.045428,0.071141,0.075742,0.091032,0.135072,0.476769
1600,0.070920,0.025522,0.042341,0.068934,0.073733,0.090071,0.134744,0.493736
1601,0.065894,0.022547,0.039318,0.066648,0.071623,0.088990,0.134180,0.510800
1602,0.066016,0.022618,0.039391,0.066706,0.071678,0.089020,0.134197,0.510374
1603,0.066006,0.022612,0.039385,0.066701,0.071673,0.089018,0.134196,0.510409
1604,0.071017,0.025581,0.042399,0.068978,0.073773,0.090092,0.134753,0.493407
1605,0.070995,0.025568,0.042385,0.068968,0.073764,0.090088,0.134751,0.493482
1606,0.070992,0.025566,0.042384,0.068967,0.073763,0.090087,0.134751,0.493490
1607,0.071064,0.025610,0.042426,0.068999,0.073793,0.090104,0.134758,0.493245
1608,0.071060,0.025607,0.042423,0.068997,0.073791,0.090104,0.134758,0.493260
1609,0.065971,0.022592,0.039364,0.066685,0.071658,0.089010,0.134191,0.510529
1610,0.065878,0.022538,0.039309,0.066640,0.071617,0.088987,0.134178,0.510853
1611,0.070893,0.025505,0.042324,0.068922,0.073722,0.090066,0.134742,0.493826
1612,0.070824,0.025463,0.042284,0.068890,0.073693,0.090048,0.134735,0.494063
1613,0.070827,0.025465,0.042285,0.068891,0.073694,0.090049,0.134735,0.494055
1614,0.070897,0.025508,0.042327,0.068923,0.073723,0.090065,0.134742,0.493814
1615,0.070899,0.025509,0.042328,0.068924,0.073724,0.090066,0.134742,0.493809
1616,0.070899,0.025509,0.042328,0.068924,0.073724,0.090066,0.134742,0.493808
1617,0.076048,0.028719,0.045411,0.071128,0.075730,0.091026,0.135071,0.476866
1618,0.081367,0.032208,0.048577,0.073269,0.077651,0.091877,0.135171,0.459880
1619,0.086688,0.035877,0.051726,0.075280,0.079425,0.092592,0.135050,0.443361
1620,0.092165,0.039840,0.054946,0.077223,0.081110,0.093203,0.134713,0.426799
1621,0.092167,0.039841,0.054947,0.077224,0.081110,0.093203,0.134713,0.426794
1622,0.097697,0.044037,0.058174,0.079060,0.082672,0.093695,0.134172,0.410492
1623,0.103090,0.048319,0.061297,0.080734,0.084065,0.094059,0.133462,0.394975
1624,0.103100,0.048327,0.061303,0.080737,0.084067,0.094059,0.133460,0.394947
1625,0.097625,0.043981,0.058132,0.079036,0.082651,0.093687,0.134179,0.410708
1626,0.097705,0.044044,0.058178,0.079062,0.082674,0.093695,0.134171,0.410471
1627,0.097695,0.044036,0.058172,0.079059,0.082671,0.093694,0.134172,0.410499
1628,0.097760,0.044086,0.058209,0.079081,0.082690,0.093702,0.134165,0.410307
1629,0.092355,0.039981,0.055055,0.077291,0.081168,0.093226,0.134699,0.426225
1630,0.086921,0.036042,0.051861,0.075369,0.079503,0.092628,0.135041,0.442634
1631,0.088994,0.037528,0.053079,0.076121,0.080158,0.092872,0.134935,0.436313
1632,0.088962,0.037504,0.053060,0.076109,0.080148,0.092868,0.134936,0.436413
1633,0.083591,0.033725,0.049890,0.074132,0.078416,0.092199,0.135148,0.452900
1634,0.078193,0.030108,0.046685,0.072012,0.076527,0.091390,0.135140,0.469945
1635,0.078195,0.030109,0.046686,0.072013,0.076528,0.091390,0.135140,0.469938
1636,0.078088,0.030039,0.046623,0.071969,0.076488,0.091371,0.135137,0.470286
1637,0.072970,0.026783,0.043566,0.069831,0.074553,0.090472,0.134904,0.486920
1638,0.067789,0.023652,0.040457,0.067527,0.072438,0.089412,0.134421,0.504304
1639,0.069843,0.024876,0.041688,0.068460,0.073299,0.089850,0.134643,0.497342
1640,0.074964,0.028035,0.044756,0.070681,0.075327,0.090837,0.135021,0.480378
1641,0.067842,0.023684,0.040488,0.067552,0.072462,0.089426,0.134428,0.504118
1642,0.069795,0.024847,0.041660,0.068438,0.073279,0.089839,0.134638,0.497505
1643,0.069786,0.024842,0.041655,0.068434,0.073275,0.089838,0.134637,0.497533
1644,0.069782,0.024840,0.041652,0.068432,0.073274,0.089837,0.134637,0.497546
1645,0.069822,0.024863,0.041676,0.068450,0.073290,0.089846,0.134641,0.497413
1646,0.069894,0.024907,0.041719,0.068484,0.073321,0.089864,0.134649,0.497163
1647,0.069763,0.024828,0.041640,0.068424,0.073265,0.089834,0.134635,0.497611
1648,0.075023,0.028073,0.044791,0.070707,0.075350,0.090851,0.135025,0.480182
1649,0.073062,0.026840,0.043621,0.069871,0.074590,0.090492,0.134910,0.486613
1650,0.072953,0.026773,0.043556,0.069823,0.074546,0.090469,0.134902,0.486977
1651,0.078140,0.030074,0.046654,0.071990,0.076507,0.091379,0.135138,0.470117
1652,0.070863,0.025487,0.042307,0.068907,0.073709,0.090057,0.134738,0.493931
1653,0.076086,0.028743,0.045433,0.071144,0.075744,0.091034,0.135072,0.476743
1654,0.076159,0.028790,0.045476,0.071176,0.075773,0.091049,0.135076,0.476503
1655,0.076103,0.028754,0.045443,0.071152,0.075752,0.091038,0.135074,0.476683
1656,0.070883,0.025499,0.042319,0.068917,0.073718,0.090063,0.134741,0.493860
1657,0.070957,0.025545,0.042363,0.068951,0.073749,0.090080,0.134748,0.493607
1658,0.070896,0.025507,0.042326,0.068923,0.073723,0.090065,0.134742,0.493819
1659,0.070891,0.025504,0.042324,0.068921,0.073721,0.090065,0.134742,0.493833
1660,0.070893,0.025505,0.042325,0.068921,0.073722,0.090065,0.134742,0.493827
1661,0.070959,0.025546,0.042364,0.068952,0.073749,0.090081,0.134748,0.493601
1662,0.076181,0.028804,0.045489,0.071186,0.075782,0.091055,0.135078,0.476425
1663,0.071032,0.025590,0.042407,0.068985,0.073780,0.090098,0.134756,0.493352
1664,0.070961,0.025547,0.042365,0.068953,0.073750,0.090081,0.134749,0.493593
1665,0.076179,0.028803,0.045488,0.071185,0.075782,0.091054,0.135078,0.476431
1666,0.081432,0.032253,0.048615,0.073297,0.077674,0.091890,0.135172,0.459667
1667,0.081486,0.032288,0.048647,0.073316,0.077692,0.091897,0.135171,0.459503
1668,0.076161,0.028791,0.045477,0.071177,0.075774,0.091050,0.135076,0.476495
1669,0.081519,0.032310,0.048667,0.073329,0.077703,0.091902,0.135171,0.459399
1670,0.076188,0.028808,0.045494,0.071187,0.075783,0.091052,0.135077,0.476411
1671,0.078298,0.030176,0.046751,0.072053,0.076563,0.091402,0.135140,0.469616
1672,0.073074,0.026847,0.043630,0.069874,0.074592,0.090489,0.134910,0.486585
1673,0.078225,0.030128,0.046707,0.072023,0.076537,0.091390,0.135139,0.469851
1674,0.078243,0.030140,0.046718,0.072030,0.076543,0.091393,0.135139,0.469794
1675,0.078256,0.030149,0.046724,0.072037,0.076549,0.091397,0.135140,0.469747
1676,0.078231,0.030133,0.046710,0.072026,0.076540,0.091393,0.135140,0.469827
1677,0.078029,0.030001,0.046588,0.071945,0.076466,0.091361,0.135135,0.470475
1678,0.078103,0.030049,0.046632,0.071974,0.076493,0.091372,0.135137,0.470239
1679,0.072919,0.026752,0.043536,0.069808,0.074533,0.090462,0.134900,0.487091
1680,0.078171,0.030094,0.046672,0.072003,0.076519,0.091386,0.135139,0.470017
1681,0.070970,0.025552,0.042370,0.068957,0.073753,0.090083,0.134749,0.493566
1682,0.070961,0.025547,0.042364,0.068952,0.073750,0.090081,0.134748,0.493597
1683,0.066359,0.022815,0.039600,0.066864,0.071825,0.089096,0.134242,0.509199
1684,0.071501,0.025876,0.042691,0.069191,0.073968,0.090191,0.134794,0.491788
1685,0.066351,0.022811,0.039596,0.066861,0.071821,0.089094,0.134241,0.509224
1686,0.063272,0.021060,0.037736,0.065400,0.070461,0.088364,0.133778,0.519928
1687,0.063257,0.021052,0.037726,0.065394,0.070455,0.088363,0.133777,0.519976
1688,0.063353,0.021105,0.037785,0.065439,0.070498,0.088384,0.133792,0.519644
1689,0.068162,0.023872,0.040682,0.067699,0.072597,0.089498,0.134465,0.503026
1690,0.063440,0.021154,0.037837,0.065483,0.070539,0.088408,0.133807,0.519332
1691,0.068165,0.023874,0.040685,0.067700,0.072598,0.089499,0.134465,0.503013
1692,0.068248,0.023923,0.040735,0.067737,0.072632,0.089514,0.134474,0.502737
1693,0.072881,0.026728,0.043513,0.069792,0.074518,0.090454,0.134897,0.487217
1694,0.069587,0.024722,0.041534,0.068344,0.073192,0.089796,0.134617,0.498207
1695,0.074798,0.027930,0.044657,0.070611,0.075263,0.090808,0.135012,0.480920
1696,0.072847,0.026706,0.043492,0.069776,0.074503,0.090447,0.134894,0.487334
1697,0.077985,0.029972,0.046562,0.071926,0.076449,0.091352,0.135134,0.470620
1698,0.083396,0.033590,0.049776,0.074055,0.078348,0.092168,0.135150,0.453516
1699,0.078061,0.030021,0.046607,0.071957,0.076477,0.091365,0.135136,0.470377
1700,0.083232,0.033478,0.049680,0.073990,0.078291,0.092141,0.135152,0.454036
1701,0.083227,0.033474,0.049677,0.073988,0.078289,0.092141,0.135152,0.454052
1702,0.083366,0.033569,0.049758,0.074042,0.078337,0.092162,0.135150,0.453616
1703,0.083365,0.033569,0.049758,0.074042,0.078337,0.092162,0.135150,0.453617
1704,0.086678,0.035870,0.051720,0.075277,0.079422,0.092593,0.135050,0.443392
1705,0.088726,0.037333,0.052923,0.076021,0.080072,0.092835,0.134948,0.437143
1706,0.094114,0.041300,0.056083,0.077886,0.081678,0.093388,0.134544,0.421007
1707,0.088720,0.037329,0.052920,0.076019,0.080070,0.092834,0.134949,0.437160
1708,0.083386,0.033583,0.049770,0.074050,0.078343,0.092163,0.135149,0.453556
1709,0.083387,0.033583,0.049771,0.074050,0.078344,0.092163,0.135149,0.453553
1710,0.078071,0.030028,0.046613,0.071960,0.076481,0.091365,0.135136,0.470346
1711,0.074959,0.028032,0.044753,0.070678,0.075324,0.090834,0.135020,0.480400
1712,0.074918,0.028006,0.044729,0.070661,0.075309,0.090827,0.135018,0.480533
1713,0.069796,0.024848,0.041661,0.068437,0.073279,0.089838,0.134638,0.497504
1714,0.069882,0.024900,0.041712,0.068477,0.073315,0.089858,0.134647,0.497208
1715,0.067855,0.023692,0.040496,0.067559,0.072468,0.089429,0.134430,0.504071
1716,0.067940,0.023742,0.040547,0.067598,0.072504,0.089450,0.134441,0.503777
1717,0.073060,0.026840,0.043619,0.069871,0.074589,0.090492,0.134911,0.486618
1718,0.078291,0.030173,0.046743,0.072054,0.076564,0.091409,0.135143,0.469624
