frame,p0,p1,p2,p3,p4,p5,p6,p7
0,0.154096,0.117440,0.104761,0.105482,0.104061,0.098667,0.113559,0.201935
1,0.154093,0.117443,0.104758,0.105491,0.104068,0.098674,0.113562,0.201911
2,0.154093,0.117443,0.104758,0.105490,0.104067,0.098674,0.113562,0.201913
3,0.154094,0.117442,0.104759,0.105488,0.104065,0.098672,0.113561,0.201918
4,0.154096,0.117440,0.104761,0.105482,0.104060,0.098667,0.113559,0.201935
5,0.154096,0.117439,0.104762,0.105481,0.104059,0.098665,0.113558,0.201939
6,0.154096,0.117440,0.104761,0.105482,0.104061,0.098667,0.113559,0.201934
7,0.154096,0.117440,0.104761,0.105482,0.104061,0.098667,0.113559,0.201935
8,0.154096,0.117440,0.104761,0.105482,0.104060,0.098667,0.113559,0.201935
9,0.154096,0.117440,0.104761,0.105482,0.104061,0.098667,0.113559,0.201934
10,0.154095,0.117441,0.104761,0.105484,0.104062,0.098668,0.113559,0.201930
11,0.154096,0.117440,0.104761,0.105482,0.104061,0.098667,0.113559,0.201934
12,0.154097,0.117439,0.104762,0.105480,0.104059,0.098665,0.113557,0.201942
13,0.154097,0.117439,0.104762,0.105480,0.104059,0.098664,0.113557,0.201942
14,0.154093,0.117443,0.104758,0.105490,0.104067,0.098673,0.113562,0.201914
15,0.154093,0.117443,0.104758,0.105490,0.104067,0.098674,0.113562,0.201912
16,0.154093,0.117443,0.104758,0.105490,0.104067,0.098674,0.113562,0.201913
17,0.154093,0.117443,0.104758,0.105490,0.104067,0.098673,0.113562,0.201914
18,0.154093,0.117443,0.104758,0.105490,0.104067,0.098674,0.113562,0.201913
19,0.154093,0.117443,0.104758,0.105489,0.104066,0.098673,0.113562,0.201915
20,0.154094,0.117442,0.104759,0.105488,0.104065,0.098671,0.113561,0.201920
21,0.154095,0.117441,0.104760,0.105485,0.104063,0.098669,0.113560,0.201928
22,0.154095,0.117441,0.104761,0.105484,0.104062,0.098668,0.113559,0.201930
23,0.154098,0.117438,0.104763,0.105477,0.104056,0.098662,0.113557,0.201949
24,0.154097,0.117438,0.104763,0.105478,0.104057,0.098663,0.113557,0.201946
25,0.154099,0.117436,0.104765,0.105473,0.104053,0.098659,0.113555,0.201960
26,0.154099,0.117436,0.104765,0.105473,0.104053,0.098659,0.113554,0.201961
27,0.154101,0.117435,0.104767,0.105469,0.104050,0.098656,0.113553,0.201971
28,0.154102,0.117433,0.104769,0.105465,0.104046,0.098651,0.113551,0.201984
29,0.154102,0.117433,0.104768,0.105466,0.104047,0.098652,0.113551,0.201981
30,0.154102,0.117432,0.104769,0.105465,0.104046,0.098651,0.113551,0.201984
31,0.154103,0.117432,0.104769,0.105463,0.104044,0.098650,0.113550,0.201990
32,0.154102,0.117433,0.104768,0.105465,0.104047,0.098652,0.113551,0.201982
33,0.154101,0.117433,0.104768,0.105467,0.104048,0.098653,0.113552,0.201978
34,0.154102,0.117432,0.104769,0.105464,0.104046,0.098651,0.113551,0.201985
35,0.154103,0.117432,0.104769,0.105463,0.104045,0.098650,0.113550,0.201988
36,0.154103,0.117432,0.104769,0.105463,0.104045,0.098650,0.113550,0.201989
37,0.154100,0.117435,0.104766,0.105470,0.104051,0.098656,0.113553,0.201969
38,0.154098,0.117438,0.104764,0.105477,0.104056,0.098662,0.113556,0.201951
39,0.154099,0.117436,0.104765,0.105472,0.104052,0.098658,0.113554,0.201962
40,0.154100,0.117435,0.104766,0.105472,0.104052,0.098658,0.113554,0.201964
41,0.154099,0.117437,0.104764,0.105475,0.104055,0.098660,0.113555,0.201955
42,0.154100,0.117435,0.104765,0.105472,0.104052,0.098658,0.113554,0.201963
43,0.154098,0.117438,0.104763,0.105477,0.104056,0.098662,0.113556,0.201949
44,0.154100,0.117435,0.104766,0.105472,0.104052,0.098657,0.113554,0.201965
45,0.154099,0.117437,0.104764,0.105475,0.104054,0.098660,0.113555,0.201956
46,0.154099,0.117437,0.104765,0.105474,0.104054,0.098660,0.113555,0.201957
47,0.154101,0.117434,0.104767,0.105467,0.104048,0.098654,0.113552,0.201976
48,0.154102,0.117433,0.104768,0.105466,0.104047,0.098652,0.113551,0.201981
49,0.154100,0.117435,0.104766,0.105470,0.104051,0.098657,0.113553,0.201967
50,0.154102,0.117433,0.104769,0.105465,0.104046,0.098651,0.113551,0.201984
51,0.154100,0.117435,0.104766,0.105471,0.104051,0.098657,0.113554,0.201966
52,0.154102,0.117433,0.104768,0.105466,0.104047,0.098652,0.113551,0.201981
53,0.154103,0.117432,0.104769,0.105463,0.104045,0.098650,0.113550,0.201988
54,0.154100,0.117434,0.104767,0.105470,0.104050,0.098656,0.113553,0.201970
55,0.154098,0.117438,0.104764,0.105477,0.104056,0.098662,0.113556,0.201950
56,0.154100,0.117435,0.104766,0.105470,0.104051,0.098656,0.113553,0.201968
57,0.154098,0.117437,0.104764,0.105475,0.104055,0.098661,0.113555,0.201954
58,0.154101,0.117434,0.104767,0.105468,0.104049,0.098655,0.113552,0.201974
59,0.154102,0.117433,0.104768,0.105466,0.104047,0.098652,0.113551,0.201981
60,0.154099,0.117436,0.104765,0.105473,0.104053,0.098659,0.113555,0.201960
61,0.154101,0.117434,0.104767,0.105469,0.104050,0.098655,0.113553,0.201972
62,0.154100,0.117435,0.104766,0.105471,0.104051,0.098657,0.113554,0.201966
63,0.154101,0.117434,0.104767,0.105469,0.104049,0.098655,0.113553,0.201973
64,0.154103,0.117431,0.104770,0.105462,0.104044,0.098649,0.113550,0.201991
65,0.154104,0.117430,0.104771,0.105460,0.104042,0.098647,0.113548,0.201999
66,0.154103,0.117432,0.104769,0.105463,0.104044,0.098650,0.113550,0.201990
67,0.154103,0.117432,0.104769,0.105463,0.104045,0.098650,0.113550,0.201988
68,0.154102,0.117433,0.104768,0.105465,0.104046,0.098652,0.113551,0.201983
69,0.154104,0.117430,0.104771,0.105459,0.104041,0.098647,0.113548,0.201999
70,0.154105,0.117429,0.104772,0.105456,0.104039,0.098643,0.113547,0.202009
71,0.154104,0.117430,0.104771,0.105460,0.104042,0.098647,0.113548,0.201998
72,0.154104,0.117430,0.104771,0.105459,0.104041,0.098647,0.113548,0.201999
73,0.154103,0.117431,0.104770,0.105462,0.104044,0.098649,0.113549,0.201992
74,0.154101,0.117434,0.104768,0.105467,0.104048,0.098654,0.113552,0.201977
75,0.154103,0.117431,0.104770,0.105461,0.104043,0.098648,0.113549,0.201993
76,0.154104,0.117430,0.104771,0.105459,0.104041,0.098647,0.113548,0.201999
77,0.154107,0.117427,0.104774,0.105452,0.104036,0.098640,0.113545,0.202019
78,0.154107,0.117427,0.104774,0.105451,0.104035,0.098640,0.113545,0.202022
79,0.154104,0.117430,0.104771,0.105459,0.104041,0.098646,0.113548,0.202001
80,0.154103,0.117431,0.104770,0.105462,0.104044,0.098649,0.113549,0.201992
81,0.154104,0.117430,0.104770,0.105460,0.104042,0.098647,0.113549,0.201997
82,0.154102,0.117432,0.104769,0.105465,0.104046,0.098651,0.113551,0.201984
83,0.154103,0.117432,0.104769,0.105463,0.104044,0.098649,0.113550,0.201990
84,0.154104,0.117430,0.104771,0.105460,0.104042,0.098647,0.113548,0.201997
85,0.154103,0.117432,0.104769,0.105464,0.104045,0.098650,0.113550,0.201987
86,0.154102,0.117432,0.104769,0.105464,0.104046,0.098651,0.113550,0.201985
87,0.154100,0.117435,0.104766,0.105472,0.104052,0.098658,0.113554,0.201964
88,0.154097,0.117439,0.104763,0.105479,0.104058,0.098664,0.113557,0.201944
89,0.154098,0.117437,0.104764,0.105477,0.104056,0.098662,0.113556,0.201951
90,0.154100,0.117435,0.104766,0.105471,0.104051,0.098657,0.113554,0.201967
91,0.154100,0.117435,0.104766,0.105471,0.104051,0.098657,0.113554,0.201966
92,0.154100,0.117435,0.104766,0.105471,0.104051,0.098657,0.113554,0.201966
93,0.154100,0.117435,0.104766,0.105471,0.104051,0.098657,0.113554,0.201967
94,0.154102,0.117433,0.104768,0.105466,0.104047,0.098653,0.113552,0.201979
95,0.154103,0.117432,0.104769,0.105464,0.104045,0.098650,0.113550,0.201987
96,0.154101,0.117434,0.104767,0.105468,0.104049,0.098654,0.113552,0.201975
97,0.154102,0.117432,0.104769,0.105465,0.104046,0.098651,0.113551,0.201984
98,0.154101,0.117433,0.104768,0.105467,0.104048,0.098654,0.113552,0.201977
99,0.154101,0.117434,0.104767,0.105469,0.104049,0.098655,0.113552,0.201973
100,0.154100,0.117435,0.104766,0.105472,0.104052,0.098657,0.113554,0.201965
101,0.154103,0.117431,0.104770,0.105462,0.104043,0.098648,0.113549,0.201993
102,0.154103,0.117431,0.104770,0.105462,0.104044,0.098649,0.113549,0.201992
103,0.154103,0.117432,0.104769,0.105463,0.104045,0.098650,0.113550,0.201989
104,0.154101,0.117434,0.104767,0.105469,0.104050,0.098655,0.113553,0.201972
105,0.154099,0.117436,0.104765,0.105473,0.104053,0.098659,0.113555,0.201959
106,0.154100,0.117435,0.104766,0.105471,0.104051,0.098657,0.113553,0.201967
107,0.154100,0.117435,0.104766,0.105470,0.104050,0.098656,0.113553,0.201970
108,0.154103,0.117432,0.104769,0.105463,0.104044,0.098650,0.113550,0.201990
109,0.154101,0.117434,0.104767,0.105468,0.104049,0.098654,0.113552,0.201975
110,0.154102,0.117433,0.104768,0.105466,0.104047,0.098652,0.113551,0.201980
111,0.154101,0.117434,0.104767,0.105467,0.104048,0.098654,0.113552,0.201976
112,0.154102,0.117432,0.104769,0.105464,0.104046,0.098651,0.113551,0.201985
113,0.154102,0.117433,0.104768,0.105465,0.104046,0.098652,0.113551,0.201982
114,0.154104,0.117431,0.104770,0.105461,0.104043,0.098648,0.113549,0.201994
115,0.154106,0.117429,0.104772,0.105456,0.104038,0.098643,0.113547,0.202009
116,0.154106,0.117429,0.104772,0.105456,0.104038,0.098644,0.113547,0.202009
117,0.154105,0.117429,0.104772,0.105456,0.104039,0.098644,0.113547,0.202007
118,0.154105,0.117429,0.104772,0.105456,0.104039,0.098644,0.113547,0.202008
119,0.154108,0.117426,0.104775,0.105448,0.104032,0.098637,0.113543,0.202030
120,0.154107,0.117427,0.104774,0.105451,0.104035,0.098639,0.113545,0.202023
121,0.154107,0.117427,0.104774,0.105451,0.104035,0.098639,0.113545,0.202022
122,0.154108,0.117426,0.104775,0.105449,0.104033,0.098638,0.113544,0.202027
123,0.154108,0.117426,0.104775,0.105449,0.104033,0.098638,0.113544,0.202028
124,0.154107,0.117427,0.104774,0.105452,0.104035,0.098640,0.113545,0.202020
125,0.154106,0.117428,0.104773,0.105453,0.104037,0.098641,0.113546,0.202016
126,0.154104,0.117430,0.104771,0.105459,0.104041,0.098646,0.113548,0.202000
127,0.154106,0.117428,0.104773,0.105453,0.104037,0.098641,0.113545,0.202016
128,0.154106,0.117428,0.104772,0.105456,0.104039,0.098643,0.113547,0.202010
129,0.154104,0.117431,0.104770,0.105461,0.104043,0.098648,0.113549,0.201995
130,0.154103,0.117432,0.104769,0.105463,0.104045,0.098650,0.113550,0.201989
131,0.154101,0.117434,0.104767,0.105470,0.104050,0.098655,0.113553,0.201971
132,0.154100,0.117435,0.104766,0.105471,0.104052,0.098657,0.113554,0.201966
133,0.154100,0.117435,0.104766,0.105471,0.104051,0.098657,0.113554,0.201966
134,0.154100,0.117435,0.104766,0.105470,0.104051,0.098656,0.113553,0.201969
135,0.154098,0.117437,0.104764,0.105476,0.104056,0.098661,0.113556,0.201951
136,0.154098,0.117438,0.104763,0.105478,0.104057,0.098663,0.113557,0.201947
137,0.154097,0.117438,0.104763,0.105479,0.104058,0.098664,0.113557,0.201944
138,0.154098,0.117438,0.104763,0.105477,0.104056,0.098662,0.113556,0.201949
139,0.154100,0.117435,0.104766,0.105471,0.104051,0.098657,0.113553,0.201967
140,0.154101,0.117434,0.104767,0.105468,0.104049,0.098655,0.113552,0.201974
141,0.154102,0.117432,0.104769,0.105465,0.104046,0.098651,0.113551,0.201984
142,0.154100,0.117435,0.104766,0.105472,0.104052,0.098657,0.113554,0.201965
143,0.154097,0.117439,0.104763,0.105479,0.104058,0.098664,0.113557,0.201943
144,0.154097,0.117439,0.104762,0.105480,0.104058,0.098664,0.113557,0.201942
145,0.154098,0.117438,0.104764,0.105477,0.104056,0.098662,0.113556,0.201950
146,0.154100,0.117434,0.104767,0.105470,0.104050,0.098656,0.113553,0.201970
147,0.154100,0.117435,0.104766,0.105472,0.104052,0.098658,0.113554,0.201964
148,0.154097,0.117438,0.104763,0.105478,0.104057,0.098663,0.113557,0.201946
149,0.154095,0.117441,0.104760,0.105485,0.104063,0.098669,0.113560,0.201928
150,0.154097,0.117439,0.104762,0.105480,0.104058,0.098664,0.113558,0.201942
151,0.154096,0.117439,0.104762,0.105481,0.104059,0.098665,0.113558,0.201939
152,0.154097,0.117439,0.104762,0.105480,0.104059,0.098665,0.113558,0.201942
153,0.154098,0.117437,0.104764,0.105476,0.104056,0.098661,0.113556,0.201952
154,0.154098,0.117437,0.104764,0.105476,0.104056,0.098662,0.113556,0.201951
155,0.154100,0.117435,0.104766,0.105471,0.104051,0.098657,0.113554,0.201966
156,0.154098,0.117438,0.104763,0.105477,0.104056,0.098662,0.113556,0.201949
157,0.154099,0.117436,0.104765,0.105473,0.104053,0.098659,0.113555,0.201960
158,0.154102,0.117433,0.104768,0.105466,0.104047,0.098653,0.113551,0.201980
159,0.154101,0.117433,0.104768,0.105467,0.104048,0.098654,0.113552,0.201977
160,0.154098,0.117438,0.104764,0.105477,0.104056,0.098662,0.113556,0.201950
161,0.154097,0.117438,0.104763,0.105478,0.104057,0.098663,0.113557,0.201946
162,0.154098,0.117438,0.104763,0.105477,0.104056,0.098662,0.113556,0.201949
163,0.154098,0.117438,0.104763,0.105477,0.104057,0.098662,0.113556,0.201949
164,0.154098,0.117437,0.104764,0.105475,0.104055,0.098660,0.113555,0.201955
165,0.154097,0.117439,0.104763,0.105479,0.104058,0.098664,0.113557,0.201943
166,0.154097,0.117439,0.104763,0.105479,0.104058,0.098664,0.113557,0.201943
167,0.154097,0.117439,0.104762,0.105480,0.104058,0.098664,0.113557,0.201942
168,0.154095,0.117441,0.104760,0.105485,0.104063,0.098669,0.113560,0.201926
169,0.154096,0.117440,0.104761,0.105483,0.104061,0.098667,0.113559,0.201933
170,0.154098,0.117438,0.104763,0.105477,0.104056,0.098662,0.113556,0.201949
171,0.154099,0.117436,0.104765,0.105473,0.104053,0.098659,0.113554,0.201961
172,0.154102,0.117433,0.104768,0.105466,0.104047,0.098653,0.113551,0.201980
173,0.154104,0.117430,0.104771,0.105459,0.104041,0.098646,0.113548,0.202001
174,0.154104,0.117431,0.104770,0.105461,0.104043,0.098648,0.113549,0.201995
175,0.154101,0.117434,0.104767,0.105468,0.104049,0.098655,0.113552,0.201974
176,0.154101,0.117434,0.104767,0.105469,0.104049,0.098655,0.113553,0.201973
177,0.154102,0.117433,0.104768,0.105466,0.104047,0.098653,0.113551,0.201979
178,0.154103,0.117431,0.104770,0.105461,0.104043,0.098648,0.113549,0.201993
179,0.154103,0.117431,0.104770,0.105462,0.104044,0.098649,0.113549,0.201992
180,0.154102,0.117433,0.104768,0.105467,0.104048,0.098653,0.113551,0.201979
181,0.154101,0.117433,0.104768,0.105467,0.104048,0.098653,0.113552,0.201977
182,0.154100,0.117435,0.104766,0.105470,0.104051,0.098656,0.113553,0.201968
183,0.154099,0.117437,0.104764,0.105475,0.104054,0.098660,0.113555,0.201956
184,0.154099,0.117436,0.104765,0.105473,0.104053,0.098659,0.113555,0.201959
185,0.154100,0.117435,0.104767,0.105470,0.104050,0.098656,0.113553,0.201970
186,0.154101,0.117434,0.104767,0.105468,0.104048,0.098654,0.113552,0.201976
187,0.154100,0.117435,0.104766,0.105470,0.104050,0.098656,0.113553,0.201969
188,0.154099,0.117436,0.104765,0.105474,0.104053,0.098659,0.113555,0.201959
189,0.154100,0.117436,0.104766,0.105472,0.104052,0.098658,0.113554,0.201963
190,0.154100,0.117435,0.104766,0.105471,0.104051,0.098656,0.113553,0.201968
191,0.154098,0.117437,0.104764,0.105475,0.104055,0.098660,0.113555,0.201955
192,0.154096,0.117439,0.104762,0.105481,0.104059,0.098665,0.113558,0.201939
193,0.154095,0.117440,0.104761,0.105484,0.104062,0.098668,0.113559,0.201931
194,0.154095,0.117440,0.104761,0.105484,0.104062,0.098668,0.113559,0.201930
195,0.154094,0.117441,0.104760,0.105486,0.104064,0.098670,0.113560,0.201923
196,0.154094,0.117442,0.104759,0.105488,0.104065,0.098672,0.113561,0.201919
197,0.154095,0.117441,0.104760,0.105486,0.104064,0.098670,0.113560,0.201925
198,0.154094,0.117442,0.104760,0.105486,0.104064,0.098670,0.113560,0.201923
199,0.154094,0.117442,0.104760,0.105486,0.104064,0.098670,0.113561,0.201923
200,0.154094,0.117442,0.104759,0.105488,0.104065,0.098672,0.113561,0.201918
201,0.154096,0.117440,0.104761,0.105483,0.104061,0.098667,0.113559,0.201933
202,0.154096,0.117440,0.104761,0.105482,0.104061,0.098667,0.113559,0.201934
203,0.154096,0.117440,0.104761,0.105482,0.104061,0.098667,0.113559,0.201935
204,0.154098,0.117438,0.104764,0.105477,0.104056,0.098662,0.113556,0.201950
205,0.154099,0.117436,0.104765,0.105474,0.104054,0.098659,0.113555,0.201958
206,0.154098,0.117437,0.104764,0.105475,0.104055,0.098661,0.113556,0.201954
207,0.154098,0.117438,0.104764,0.105477,0.104056,0.098662,0.113556,0.201950
208,0.154099,0.117436,0.104765,0.105473,0.104053,0.098659,0.113555,0.201959
209,0.154100,0.117435,0.104766,0.105470,0.104051,0.098656,0.113553,0.201968
210,0.154100,0.117435,0.104766,0.105470,0.104050,0.098656,0.113553,0.201969
211,0.154099,0.117436,0.104765,0.105474,0.104054,0.098660,0.113555,0.201957
212,0.154100,0.117435,0.104766,0.105472,0.104052,0.098657,0.113554,0.201964
213,0.154102,0.117432,0.104768,0.105465,0.104046,0.098652,0.113551,0.201983
214,0.154102,0.117433,0.104768,0.105466,0.104047,0.098652,0.113551,0.201981
215,0.154100,0.117435,0.104766,0.105470,0.104050,0.098656,0.113553,0.201969
216,0.154102,0.117433,0.104768,0.105466,0.104047,0.098652,0.113551,0.201981
217,0.154104,0.117431,0.104770,0.105461,0.104043,0.098648,0.113549,0.201995
218,0.154101,0.117434,0.104768,0.105467,0.104048,0.098654,0.113552,0.201977
219,0.154100,0.117435,0.104766,0.105470,0.104051,0.098656,0.113553,0.201968
220,0.154100,0.117435,0.104767,0.105470,0.104050,0.098656,0.113553,0.201970
221,0.154103,0.117432,0.104769,0.105462,0.104044,0.098649,0.113550,0.201990
222,0.154106,0.117428,0.104773,0.105455,0.104038,0.098642,0.113546,0.202013
223,0.154103,0.117431,0.104770,0.105462,0.104043,0.098648,0.113549,0.201993
224,0.154102,0.117433,0.104768,0.105466,0.104047,0.098653,0.113551,0.201980
225,0.154101,0.117434,0.104767,0.105469,0.104050,0.098655,0.113553,0.201971
226,0.154103,0.117432,0.104769,0.105464,0.104045,0.098650,0.113550,0.201987
227,0.154101,0.117434,0.104767,0.105468,0.104049,0.098654,0.113552,0.201975
228,0.154102,0.117433,0.104768,0.105466,0.104047,0.098653,0.113551,0.201979
229,0.154101,0.117434,0.104767,0.105468,0.104048,0.098654,0.113552,0.201976
230,0.154102,0.117433,0.104768,0.105466,0.104048,0.098653,0.113551,0.201980
231,0.154102,0.117433,0.104768,0.105467,0.104048,0.098653,0.113552,0.201979
232,0.154101,0.117434,0.104767,0.105468,0.104049,0.098655,0.113553,0.201973
233,0.154102,0.117433,0.104769,0.105465,0.104046,0.098652,0.113551,0.201984
234,0.154103,0.117432,0.104769,0.105463,0.104045,0.098650,0.113550,0.201989
235,0.154105,0.117429,0.104771,0.105458,0.104041,0.098645,0.113548,0.202003
236,0.154101,0.117434,0.104767,0.105467,0.104048,0.098654,0.113552,0.201976
237,0.154101,0.117434,0.104767,0.105467,0.104048,0.098654,0.113552,0.201976
238,0.154103,0.117431,0.104770,0.105462,0.104044,0.098649,0.113550,0.201991
239,0.154104,0.117431,0.104770,0.105461,0.104043,0.098648,0.113549,0.201994
240,0.154108,0.117426,0.104775,0.105449,0.104033,0.098637,0.113543,0.202028
241,0.154106,0.117427,0.104773,0.105453,0.104036,0.098641,0.113545,0.202017
242,0.154104,0.117430,0.104771,0.105459,0.104042,0.098647,0.113548,0.201999
243,0.154103,0.117431,0.104770,0.105462,0.104044,0.098649,0.113550,0.201992
244,0.154105,0.117429,0.104772,0.105456,0.104039,0.098644,0.113547,0.202007
245,0.154107,0.117427,0.104774,0.105451,0.104035,0.098640,0.113545,0.202021
246,0.154111,0.117423,0.104778,0.105442,0.104027,0.098631,0.113540,0.202048
247,0.154109,0.117424,0.104777,0.105445,0.104030,0.098634,0.113542,0.202038
248,0.154109,0.117425,0.104776,0.105446,0.104030,0.098635,0.113542,0.202036
249,0.154111,0.117422,0.104779,0.105440,0.104026,0.098630,0.113540,0.202053
250,0.154108,0.117425,0.104776,0.105448,0.104032,0.098637,0.113543,0.202031
251,0.154107,0.117426,0.104774,0.105451,0.104034,0.098639,0.113544,0.202023
252,0.154106,0.117428,0.104773,0.105454,0.104037,0.098642,0.113546,0.202015
253,0.154104,0.117430,0.104771,0.105460,0.104042,0.098647,0.113548,0.201998
254,0.154105,0.117430,0.104771,0.105458,0.104041,0.098646,0.113548,0.202002
255,0.154103,0.117431,0.104770,0.105462,0.104044,0.098649,0.113549,0.201992
256,0.154104,0.117430,0.104771,0.105460,0.104042,0.098647,0.113548,0.201997
257,0.154104,0.117430,0.104771,0.105459,0.104041,0.098646,0.113548,0.202000
258,0.154101,0.117433,0.104768,0.105467,0.104048,0.098654,0.113552,0.201977
259,0.154102,0.117433,0.104768,0.105466,0.104047,0.098653,0.113552,0.201980
260,0.154101,0.117434,0.104767,0.105468,0.104048,0.098654,0.113552,0.201975
261,0.154101,0.117434,0.104768,0.105467,0.104048,0.098654,0.113552,0.201977
262,0.154102,0.117433,0.104768,0.105466,0.104047,0.098653,0.113551,0.201980
263,0.154103,0.117432,0.104769,0.105463,0.104045,0.098650,0.113550,0.201989
264,0.154100,0.117435,0.104766,0.105471,0.104051,0.098657,0.113553,0.201967
265,0.154100,0.117434,0.104767,0.105470,0.104050,0.098656,0.113553,0.201970
266,0.154098,0.117437,0.104764,0.105476,0.104056,0.098661,0.113556,0.201952
267,0.154096,0.117440,0.104761,0.105482,0.104061,0.098667,0.113559,0.201934
268,0.154096,0.117439,0.104762,0.105482,0.104060,0.098666,0.113558,0.201937
269,0.154093,0.117443,0.104758,0.105489,0.104066,0.098673,0.113562,0.201915
270,0.154094,0.117442,0.104759,0.105488,0.104066,0.098672,0.113561,0.201918
271,0.154094,0.117442,0.104759,0.105488,0.104065,0.098671,0.113561,0.201920
272,0.154094,0.117442,0.104759,0.105487,0.104065,0.098671,0.113561,0.201921
273,0.154094,0.117443,0.104759,0.105489,0.104066,0.098673,0.113562,0.201916
274,0.154094,0.117442,0.104759,0.105487,0.104065,0.098671,0.113561,0.201920
275,0.154094,0.117442,0.104759,0.105487,0.104065,0.098671,0.113561,0.201921
276,0.154094,0.117442,0.104760,0.105486,0.104064,0.098670,0.113560,0.201923
277,0.154095,0.117441,0.104760,0.105485,0.104063,0.098669,0.113560,0.201928
278,0.154096,0.117440,0.104761,0.105483,0.104061,0.098668,0.113559,0.201932
279,0.154098,0.117437,0.104764,0.105476,0.104055,0.098661,0.113556,0.201953
280,0.154099,0.117436,0.104765,0.105472,0.104052,0.098658,0.113554,0.201962
281,0.154101,0.117434,0.104767,0.105467,0.104048,0.098654,0.113552,0.201976
282,0.154101,0.117434,0.104767,0.105468,0.104049,0.098655,0.113552,0.201974
283,0.154102,0.117433,0.104768,0.105467,0.104048,0.098653,0.113552,0.201978
284,0.154101,0.117434,0.104767,0.105468,0.104049,0.098654,0.113552,0.201975
285,0.154101,0.117434,0.104767,0.105468,0.104049,0.098655,0.113552,0.201973
286,0.154101,0.117434,0.104767,0.105467,0.104048,0.098654,0.113552,0.201976
287,0.154101,0.117433,0.104768,0.105467,0.104048,0.098653,0.113552,0.201978
288,0.154102,0.117432,0.104769,0.105465,0.104046,0.098651,0.113551,0.201984
289,0.154099,0.117436,0.104765,0.105473,0.104053,0.098659,0.113554,0.201961
290,0.154098,0.117437,0.104764,0.105476,0.104056,0.098661,0.113556,0.201952
291,0.154098,0.117437,0.104764,0.105476,0.104056,0.098661,0.113556,0.201952
292,0.154099,0.117436,0.104765,0.105473,0.104053,0.098659,0.113555,0.201960
293,0.154099,0.117437,0.104764,0.105475,0.104054,0.098660,0.113555,0.201955
294,0.154099,0.117436,0.104765,0.105473,0.104053,0.098659,0.113555,0.201960
295,0.154099,0.117436,0.104765,0.105472,0.104052,0.098658,0.113554,0.201963
296,0.154099,0.117436,0.104765,0.105474,0.104053,0.098659,0.113555,0.201959
297,0.154098,0.117437,0.104764,0.105476,0.104055,0.098661,0.113556,0.201952
298,0.154098,0.117438,0.104763,0.105477,0.104056,0.098662,0.113556,0.201949
299,0.154099,0.117436,0.104765,0.105474,0.104053,0.098659,0.113555,0.201959
300,0.154100,0.117435,0.104766,0.105471,0.104052,0.098657,0.113554,0.201966
301,0.154098,0.117437,0.104764,0.105476,0.104056,0.098662,0.113556,0.201951
302,0.154098,0.117437,0.104764,0.105476,0.104055,0.098661,0.113556,0.201953
303,0.154098,0.117438,0.104763,0.105477,0.104057,0.098662,0.113556,0.201948
304,0.154098,0.117438,0.104763,0.105478,0.104057,0.098663,0.113557,0.201947
305,0.154098,0.117437,0.104764,0.105475,0.104055,0.098661,0.113556,0.201954
306,0.154098,0.117437,0.104764,0.105476,0.104056,0.098661,0.113556,0.201952
307,0.154098,0.117438,0.104764,0.105477,0.104056,0.098662,0.113556,0.201950
308,0.154097,0.117438,0.104763,0.105478,0.104057,0.098663,0.113557,0.201947
309,0.154098,0.117438,0.104764,0.105477,0.104056,0.098662,0.113556,0.201950
310,0.154098,0.117437,0.104764,0.105476,0.104056,0.098661,0.113556,0.201953
311,0.154098,0.117437,0.104764,0.105477,0.104056,0.098662,0.113556,0.201950
312,0.154096,0.117440,0.104761,0.105483,0.104061,0.098667,0.113559,0.201932
313,0.154096,0.117439,0.104762,0.105481,0.104060,0.098666,0.113558,0.201938
314,0.154098,0.117438,0.104763,0.105477,0.104056,0.098662,0.113556,0.201949
315,0.154096,0.117440,0.104761,0.105483,0.104061,0.098667,0.113559,0.201933
316,0.154096,0.117440,0.104761,0.105483,0.104061,0.098667,0.113559,0.201933
317,0.154096,0.117439,0.104762,0.105481,0.104060,0.098666,0.113558,0.201938
318,0.154096,0.117440,0.104761,0.105482,0.104060,0.098666,0.113559,0.201936
319,0.154096,0.117439,0.104762,0.105481,0.104060,0.098666,0.113558,0.201937
320,0.154097,0.117439,0.104762,0.105480,0.104059,0.098665,0.113558,0.201941
321,0.154095,0.117441,0.104760,0.105484,0.104062,0.098669,0.113560,0.201929
322,0.154096,0.117439,0.104762,0.105481,0.104060,0.098666,0.113558,0.201938
323,0.154096,0.117439,0.104762,0.105481,0.104060,0.098666,0.113558,0.201938
324,0.154095,0.117441,0.104760,0.105485,0.104063,0.098669,0.113560,0.201928
325,0.154096,0.117440,0.104761,0.105483,0.104061,0.098668,0.113559,0.201932
326,0.154097,0.117438,0.104763,0.105479,0.104058,0.098663,0.113557,0.201945
327,0.154097,0.117438,0.104763,0.105479,0.104058,0.098664,0.113557,0.201944
328,0.154097,0.117439,0.104762,0.105480,0.104059,0.098665,0.113558,0.201940
329,0.154097,0.117439,0.104762,0.105480,0.104059,0.098665,0.113558,0.201941
330,0.154098,0.117437,0.104764,0.105476,0.104055,0.098661,0.113556,0.201952
331,0.154098,0.117437,0.104764,0.105476,0.104056,0.098662,0.113556,0.201951
332,0.154096,0.117439,0.104762,0.105481,0.104060,0.098666,0.113558,0.201938
333,0.154097,0.117438,0.104763,0.105478,0.104057,0.098663,0.113557,0.201947
334,0.154098,0.117438,0.104763,0.105478,0.104057,0.098663,0.113557,0.201947
335,0.154100,0.117435,0.104766,0.105470,0.104051,0.098656,0.113553,0.201969
336,0.154099,0.117437,0.104764,0.105475,0.104055,0.098660,0.113555,0.201955
337,0.154097,0.117438,0.104763,0.105478,0.104057,0.098663,0.113557,0.201946
338,0.154099,0.117437,0.104764,0.105475,0.104055,0.098660,0.113555,0.201955
339,0.154098,0.117437,0.104764,0.105475,0.104055,0.098660,0.113555,0.201955
340,0.154098,0.117438,0.104763,0.105477,0.104056,0.098662,0.113556,0.201949
341,0.154098,0.117438,0.104764,0.105477,0.104056,0.098662,0.113556,0.201950
342,0.154098,0.117437,0.104764,0.105477,0.104056,0.098662,0.113556,0.201951
343,0.154098,0.117437,0.104764,0.105476,0.104056,0.098661,0.113556,0.201952
344,0.154099,0.117437,0.104764,0.105475,0.104055,0.098660,0.113555,0.201955
345,0.154097,0.117439,0.104762,0.105480,0.104059,0.098665,0.113558,0.201941
346,0.154097,0.117439,0.104762,0.105480,0.104059,0.098665,0.113558,0.201940
347,0.154097,0.117439,0.104762,0.105480,0.104059,0.098665,0.113558,0.201940
348,0.154097,0.117438,0.104763,0.105478,0.104057,0.098663,0.113557,0.201946
349,0.154097,0.117439,0.104763,0.105479,0.104058,0.098664,0.113557,0.201943
350,0.154096,0.117439,0.104762,0.105481,0.104060,0.098666,0.113558,0.201937
351,0.154098,0.117437,0.104764,0.105475,0.104055,0.098661,0.113555,0.201955
352,0.154098,0.117437,0.104764,0.105476,0.104056,0.098661,0.113556,0.201952
353,0.154097,0.117439,0.104762,0.105480,0.104058,0.098664,0.113557,0.201942
354,0.154097,0.117438,0.104763,0.105478,0.104057,0.098663,0.113557,0.201947
355,0.154097,0.117438,0.104763,0.105479,0.104058,0.098664,0.113557,0.201944
356,0.154099,0.117436,0.104765,0.105474,0.104054,0.098659,0.113555,0.201958
357,0.154099,0.117436,0.104765,0.105473,0.104053,0.098658,0.113554,0.201962
358,0.154097,0.117438,0.104763,0.105479,0.104058,0.098664,0.113557,0.201944
359,0.154098,0.117437,0.104764,0.105476,0.104055,0.098661,0.113556,0.201952
360,0.154098,0.117437,0.104764,0.105477,0.104056,0.098662,0.113556,0.201951
361,0.154096,0.117439,0.104762,0.105481,0.104060,0.098666,0.113558,0.201937
362,0.154097,0.117439,0.104762,0.105480,0.104059,0.098665,0.113558,0.201941
363,0.154097,0.117439,0.104762,0.105480,0.104058,0.098664,0.113557,0.201942
364,0.154098,0.117438,0.104763,0.105478,0.104057,0.098662,0.113556,0.201948
365,0.154097,0.117438,0.104763,0.105479,0.104058,0.098664,0.113557,0.201943
366,0.154094,0.117442,0.104759,0.105487,0.104065,0.098671,0.113561,0.201921
367,0.154095,0.117441,0.104760,0.105484,0.104062,0.098669,0.113560,0.201928
368,0.154095,0.117441,0.104761,0.105484,0.104062,0.098668,0.113559,0.201929
369,0.154095,0.117441,0.104760,0.105484,0.104062,0.098669,0.113560,0.201929
370,0.154095,0.117441,0.104761,0.105484,0.104062,0.098668,0.113559,0.201930
371,0.154095,0.117441,0.104760,0.105485,0.104063,0.098669,0.113560,0.201926
372,0.154096,0.117440,0.104761,0.105483,0.104061,0.098667,0.113559,0.201933
373,0.154095,0.117441,0.104760,0.105485,0.104063,0.098670,0.113560,0.201926
374,0.154096,0.117440,0.104761,0.105483,0.104061,0.098667,0.113559,0.201932
375,0.154096,0.117440,0.104761,0.105482,0.104061,0.098667,0.113559,0.201934
376,0.154097,0.117439,0.104763,0.105480,0.104058,0.098664,0.113557,0.201943
377,0.154096,0.117440,0.104761,0.105483,0.104061,0.098667,0.113559,0.201933
378,0.154096,0.117439,0.104762,0.105481,0.104059,0.098665,0.113558,0.201939
379,0.154096,0.117439,0.104762,0.105481,0.104060,0.098666,0.113558,0.201937
380,0.154097,0.117439,0.104762,0.105480,0.104059,0.098665,0.113558,0.201941
381,0.154099,0.117436,0.104765,0.105473,0.104053,0.098659,0.113555,0.201959
382,0.154098,0.117437,0.104764,0.105477,0.104056,0.098662,0.113556,0.201950
383,0.154098,0.117437,0.104764,0.105476,0.104056,0.098661,0.113556,0.201952
384,0.154096,0.117439,0.104762,0.105481,0.104060,0.098666,0.113558,0.201938
385,0.154097,0.117439,0.104762,0.105480,0.104059,0.098665,0.113558,0.201941
386,0.154100,0.117436,0.104766,0.105472,0.104052,0.098658,0.113554,0.201963
387,0.154100,0.117436,0.104765,0.105472,0.104052,0.098658,0.113554,0.201963
388,0.154099,0.117436,0.104765,0.105474,0.104054,0.098659,0.113555,0.201958
389,0.154101,0.117434,0.104767,0.105469,0.104050,0.098655,0.113553,0.201971
390,0.154100,0.117435,0.104766,0.105470,0.104050,0.098656,0.113553,0.201970
391,0.154100,0.117436,0.104766,0.105472,0.104052,0.098658,0.113554,0.201964
392,0.154101,0.117435,0.104767,0.105469,0.104050,0.098656,0.113553,0.201970
393,0.154101,0.117434,0.104767,0.105469,0.104049,0.098655,0.113553,0.201972
394,0.154102,0.117432,0.104769,0.105465,0.104046,0.098651,0.113551,0.201984
395,0.154102,0.117433,0.104768,0.105466,0.104047,0.098652,0.113551,0.201981
396,0.154099,0.117436,0.104765,0.105474,0.104053,0.098659,0.113555,0.201959
397,0.154101,0.117433,0.104768,0.105467,0.104048,0.098654,0.113552,0.201977
398,0.154101,0.117433,0.104768,0.105467,0.104048,0.098653,0.113552,0.201977
399,0.154102,0.117433,0.104768,0.105466,0.104047,0.098653,0.113551,0.201980
400,0.154103,0.117431,0.104770,0.105462,0.104044,0.098649,0.113550,0.201991
401,0.154100,0.117435,0.104766,0.105470,0.104051,0.098656,0.113553,0.201968
402,0.154100,0.117435,0.104766,0.105471,0.104052,0.098657,0.113554,0.201965
403,0.154101,0.117434,0.104767,0.105469,0.104050,0.098655,0.113553,0.201972
404,0.154099,0.117436,0.104765,0.105474,0.104054,0.098659,0.113555,0.201958
405,0.154101,0.117434,0.104767,0.105468,0.104049,0.098654,0.113552,0.201975
406,0.154102,0.117432,0.104769,0.105464,0.104046,0.098651,0.113550,0.201986
407,0.154101,0.117434,0.104767,0.105469,0.104050,0.098656,0.113553,0.201971
408,0.154101,0.117434,0.104767,0.105469,0.104049,0.098655,0.113552,0.201973
409,0.154099,0.117437,0.104764,0.105475,0.104054,0.098660,0.113555,0.201956
410,0.154096,0.117440,0.104761,0.105482,0.104061,0.098667,0.113559,0.201935
411,0.154097,0.117439,0.104763,0.105479,0.104058,0.098664,0.113557,0.201943
412,0.154098,0.117437,0.104764,0.105477,0.104056,0.098662,0.113556,0.201951
413,0.154098,0.117438,0.104763,0.105477,0.104057,0.098662,0.113556,0.201949
414,0.154098,0.117437,0.104764,0.105476,0.104056,0.098661,0.113556,0.201952
415,0.154097,0.117439,0.104762,0.105481,0.104059,0.098665,0.113558,0.201939
416,0.154095,0.117441,0.104760,0.105486,0.104063,0.098670,0.113560,0.201925
417,0.154095,0.117441,0.104760,0.105484,0.104062,0.098669,0.113560,0.201929
418,0.154096,0.117440,0.104761,0.105483,0.104061,0.098667,0.113559,0.201934
419,0.154097,0.117438,0.104763,0.105479,0.104058,0.098664,0.113557,0.201945
420,0.154097,0.117439,0.104763,0.105479,0.104058,0.098664,0.113557,0.201943
421,0.154095,0.117441,0.104760,0.105484,0.104062,0.098669,0.113560,0.201928
422,0.154095,0.117440,0.104761,0.105484,0.104062,0.098668,0.113559,0.201931
423,0.154097,0.117439,0.104762,0.105480,0.104059,0.098665,0.113558,0.201940
424,0.154097,0.117438,0.104763,0.105479,0.104058,0.098664,0.113557,0.201944
425,0.154098,0.117438,0.104763,0.105477,0.104057,0.098663,0.113557,0.201948
426,0.154097,0.117438,0.104763,0.105479,0.104058,0.098664,0.113557,0.201944
427,0.154097,0.117438,0.104763,0.105478,0.104057,0.098663,0.113557,0.201947
428,0.154098,0.117437,0.104764,0.105476,0.104056,0.098662,0.113556,0.201951
429,0.154096,0.117440,0.104761,0.105483,0.104061,0.098667,0.113559,0.201933
430,0.154096,0.117440,0.104761,0.105482,0.104061,0.098667,0.113559,0.201934
431,0.154096,0.117440,0.104762,0.105482,0.104060,0.098666,0.113558,0.201937
432,0.154096,0.117439,0.104762,0.105481,0.104059,0.098665,0.113558,0.201939
433,0.154097,0.117438,0.104763,0.105479,0.104058,0.098664,0.113557,0.201945
434,0.154099,0.117436,0.104765,0.105474,0.104054,0.098659,0.113555,0.201959
435,0.154097,0.117439,0.104762,0.105480,0.104059,0.098665,0.113558,0.201940
436,0.154096,0.117439,0.104762,0.105481,0.104059,0.098665,0.113558,0.201939
437,0.154096,0.117440,0.104761,0.105482,0.104060,0.098666,0.113558,0.201936
438,0.154098,0.117438,0.104763,0.105478,0.104057,0.098663,0.113557,0.201947
439,0.154098,0.117437,0.104764,0.105476,0.104055,0.098661,0.113556,0.201952
440,0.154098,0.117438,0.104763,0.105477,0.104056,0.098662,0.113556,0.201949
441,0.154099,0.117436,0.104765,0.105473,0.104053,0.098658,0.113554,0.201962
442,0.154099,0.117436,0.104765,0.105473,0.104053,0.098659,0.113555,0.201960
443,0.154099,0.117436,0.104765,0.105474,0.104054,0.098660,0.113555,0.201957
444,0.154097,0.117439,0.104763,0.105479,0.104058,0.098664,0.113557,0.201943
445,0.154097,0.117439,0.104762,0.105479,0.104058,0.098664,0.113557,0.201943
446,0.154097,0.117439,0.104762,0.105481,0.104059,0.098665,0.113558,0.201940
447,0.154097,0.117439,0.104762,0.105480,0.104059,0.098664,0.113557,0.201942
448,0.154096,0.117440,0.104761,0.105483,0.104062,0.098668,0.113559,0.201932
449,0.154097,0.117438,0.104763,0.105479,0.104058,0.098664,0.113557,0.201945
450,0.154098,0.117438,0.104763,0.105478,0.104057,0.098662,0.113556,0.201948
451,0.154096,0.117440,0.104761,0.105482,0.104061,0.098667,0.113559,0.201934
452,0.154096,0.117440,0.104761,0.105482,0.104061,0.098667,0.113559,0.201935
453,0.154097,0.117438,0.104763,0.105478,0.104057,0.098663,0.113557,0.201946
454,0.154098,0.117437,0.104764,0.105477,0.104056,0.098662,0.113556,0.201951
455,0.154099,0.117437,0.104764,0.105475,0.104054,0.098660,0.113555,0.201956
456,0.154099,0.117437,0.104765,0.105474,0.104054,0.098660,0.113555,0.201957
457,0.154100,0.117435,0.104766,0.105470,0.104051,0.098656,0.113553,0.201968
458,0.154101,0.117434,0.104767,0.105468,0.104049,0.098655,0.113552,0.201974
459,0.154099,0.117436,0.104765,0.105473,0.104053,0.098659,0.113555,0.201960
460,0.154099,0.117436,0.104765,0.105473,0.104053,0.098659,0.113554,0.201961
461,0.154099,0.117436,0.104765,0.105473,0.104053,0.098659,0.113555,0.201960
462,0.154100,0.117435,0.104766,0.105472,0.104052,0.098657,0.113554,0.201965
463,0.154098,0.117437,0.104764,0.105476,0.104055,0.098661,0.113555,0.201954
464,0.154097,0.117438,0.104763,0.105479,0.104058,0.098663,0.113557,0.201945
465,0.154095,0.117441,0.104761,0.105484,0.104062,0.098668,0.113559,0.201929
466,0.154096,0.117440,0.104761,0.105482,0.104061,0.098667,0.113559,0.201935
467,0.154096,0.117440,0.104761,0.105483,0.104061,0.098667,0.113559,0.201932
468,0.154095,0.117440,0.104761,0.105483,0.104062,0.098668,0.113559,0.201931
469,0.154098,0.117438,0.104763,0.105478,0.104057,0.098663,0.113557,0.201948
470,0.154096,0.117439,0.104762,0.105481,0.104060,0.098666,0.113558,0.201938
471,0.154097,0.117439,0.104762,0.105480,0.104059,0.098665,0.113558,0.201941
472,0.154096,0.117439,0.104762,0.105481,0.104060,0.098666,0.113558,0.201938
473,0.154096,0.117440,0.104762,0.105482,0.104060,0.098666,0.113558,0.201936
474,0.154096,0.117440,0.104761,0.105482,0.104061,0.098667,0.113559,0.201934
475,0.154096,0.117439,0.104762,0.105481,0.104060,0.098666,0.113558,0.201937
476,0.154096,0.117440,0.104761,0.105482,0.104060,0.098666,0.113558,0.201936
477,0.154097,0.117438,0.104763,0.105478,0.104057,0.098663,0.113557,0.201947
478,0.154098,0.117437,0.104764,0.105477,0.104056,0.098662,0.113556,0.201950
479,0.154097,0.117439,0.104762,0.105480,0.104059,0.098665,0.113558,0.201940
480,0.154096,0.117440,0.104761,0.105482,0.104061,0.098667,0.113559,0.201935
481,0.154096,0.117440,0.104761,0.105482,0.104061,0.098667,0.113559,0.201934
482,0.154096,0.117439,0.104762,0.105481,0.104060,0.098666,0.113558,0.201938
483,0.154099,0.117437,0.104765,0.105474,0.104054,0.098660,0.113555,0.201957
484,0.154098,0.117437,0.104764,0.105475,0.104055,0.098661,0.113556,0.201954
485,0.154099,0.117436,0.104765,0.105474,0.104053,0.098659,0.113555,0.201959
486,0.154100,0.117435,0.104766,0.105472,0.104052,0.098658,0.113554,0.201964
487,0.154099,0.117436,0.104765,0.105474,0.104053,0.098659,0.113555,0.201959
488,0.154099,0.117436,0.104765,0.105473,0.104053,0.098658,0.113554,0.201962
489,0.154098,0.117438,0.104763,0.105477,0.104056,0.098662,0.113556,0.201949
490,0.154098,0.117437,0.104764,0.105476,0.104055,0.098661,0.113556,0.201952
491,0.154100,0.117436,0.104765,0.105472,0.104052,0.098658,0.113554,0.201963
492,0.154101,0.117434,0.104767,0.105468,0.104049,0.098654,0.113552,0.201974
493,0.154098,0.117437,0.104764,0.105476,0.104055,0.098661,0.113556,0.201953
494,0.154100,0.117435,0.104766,0.105471,0.104051,0.098657,0.113554,0.201965
495,0.154100,0.117435,0.104766,0.105471,0.104051,0.098657,0.113553,0.201967
496,0.154102,0.117433,0.104768,0.105465,0.104046,0.098652,0.113551,0.201983
497,0.154103,0.117432,0.104769,0.105463,0.104044,0.098650,0.113550,0.201989
498,0.154104,0.117431,0.104770,0.105461,0.104043,0.098648,0.113549,0.201994
499,0.154104,0.117431,0.104770,0.105461,0.104043,0.098648,0.113549,0.201994
500,0.154105,0.117429,0.104772,0.105456,0.104039,0.098644,0.113547,0.202008
501,0.154106,0.117428,0.104773,0.105454,0.104037,0.098642,0.113546,0.202014
502,0.154105,0.117429,0.104772,0.105457,0.104040,0.098645,0.113547,0.202005
503,0.154107,0.117427,0.104774,0.105452,0.104035,0.098640,0.113545,0.202021
504,0.154108,0.117426,0.104775,0.105449,0.104033,0.098638,0.113544,0.202028
505,0.154106,0.117428,0.104773,0.105454,0.104037,0.098642,0.113546,0.202014
506,0.154105,0.117430,0.104771,0.105458,0.104041,0.098646,0.113548,0.202002
507,0.154104,0.117430,0.104771,0.105460,0.104042,0.098647,0.113548,0.201998
508,0.154103,0.117432,0.104769,0.105463,0.104045,0.098650,0.113550,0.201988
509,0.154103,0.117431,0.104770,0.105462,0.104044,0.098649,0.113549,0.201992
510,0.154102,0.117432,0.104768,0.105465,0.104046,0.098652,0.113551,0.201983
511,0.154101,0.117434,0.104767,0.105469,0.104050,0.098655,0.113553,0.201972
512,0.154101,0.117434,0.104767,0.105468,0.104049,0.098654,0.113552,0.201974
513,0.154099,0.117436,0.104765,0.105473,0.104053,0.098658,0.113554,0.201961
514,0.154097,0.117438,0.104763,0.105478,0.104057,0.098663,0.113557,0.201946
515,0.154098,0.117437,0.104764,0.105476,0.104055,0.098661,0.113556,0.201952
516,0.154098,0.117437,0.104764,0.105476,0.104056,0.098661,0.113556,0.201952
517,0.154097,0.117438,0.104763,0.105479,0.104058,0.098664,0.113557,0.201944
518,0.154098,0.117437,0.104764,0.105476,0.104056,0.098662,0.113556,0.201951
519,0.154097,0.117439,0.104762,0.105480,0.104059,0.098665,0.113558,0.201940
520,0.154097,0.117439,0.104762,0.105480,0.104058,0.098664,0.113557,0.201942
521,0.154096,0.117440,0.104761,0.105483,0.104061,0.098667,0.113559,0.201933
522,0.154095,0.117441,0.104760,0.105485,0.104063,0.098669,0.113560,0.201928
523,0.154095,0.117440,0.104761,0.105484,0.104062,0.098668,0.113559,0.201931
524,0.154095,0.117441,0.104760,0.105485,0.104063,0.098669,0.113560,0.201927
525,0.154095,0.117440,0.104761,0.105484,0.104062,0.098668,0.113559,0.201930
526,0.154097,0.117439,0.104762,0.105480,0.104058,0.098664,0.113557,0.201942
527,0.154096,0.117440,0.104762,0.105482,0.104060,0.098666,0.113558,0.201936
528,0.154096,0.117440,0.104762,0.105482,0.104060,0.098666,0.113558,0.201936
529,0.154096,0.117439,0.104762,0.105481,0.104059,0.098665,0.113558,0.201939
530,0.154097,0.117438,0.104763,0.105478,0.104057,0.098663,0.113557,0.201946
531,0.154099,0.117437,0.104765,0.105474,0.104054,0.098660,0.113555,0.201956
532,0.154101,0.117434,0.104767,0.105468,0.104048,0.098654,0.113552,0.201975
533,0.154103,0.117432,0.104769,0.105464,0.104045,0.098651,0.113550,0.201987
534,0.154103,0.117431,0.104770,0.105461,0.104043,0.098648,0.113549,0.201993
535,0.154103,0.117431,0.104770,0.105462,0.104043,0.098649,0.113549,0.201993
536,0.154103,0.117432,0.104769,0.105463,0.104045,0.098650,0.113550,0.201988
537,0.154103,0.117431,0.104770,0.105461,0.104043,0.098649,0.113550,0.201992
538,0.154104,0.117431,0.104770,0.105460,0.104042,0.098647,0.113549,0.201997
539,0.154107,0.117426,0.104774,0.105450,0.104034,0.098639,0.113544,0.202024
540,0.154108,0.117426,0.104775,0.105449,0.104033,0.098638,0.113544,0.202028
541,0.154106,0.117428,0.104773,0.105454,0.104037,0.098642,0.113546,0.202013
542,0.154105,0.117429,0.104772,0.105456,0.104039,0.098644,0.113547,0.202007
543,0.154106,0.117428,0.104773,0.105453,0.104036,0.098641,0.113546,0.202016
544,0.154109,0.117425,0.104776,0.105447,0.104031,0.098636,0.113543,0.202034
545,0.154111,0.117423,0.104778,0.105442,0.104027,0.098631,0.113540,0.202049
546,0.154110,0.117423,0.104777,0.105443,0.104028,0.098633,0.113541,0.202044
547,0.154107,0.117426,0.104774,0.105450,0.104034,0.098639,0.113544,0.202024
548,0.154110,0.117423,0.104777,0.105444,0.104029,0.098633,0.113541,0.202044
549,0.154109,0.117424,0.104776,0.105446,0.104031,0.098635,0.113542,0.202036
550,0.154108,0.117425,0.104776,0.105447,0.104032,0.098636,0.113543,0.202032
551,0.154111,0.117422,0.104778,0.105442,0.104027,0.098631,0.113540,0.202049
552,0.154094,0.117443,0.104759,0.105489,0.104066,0.098672,0.113562,0.201916
553,0.154096,0.117440,0.104762,0.105482,0.104060,0.098666,0.113558,0.201936
554,0.154099,0.117436,0.104765,0.105473,0.104053,0.098659,0.113555,0.201959
555,0.154096,0.117439,0.104762,0.105481,0.104059,0.098666,0.113558,0.201938
556,0.154095,0.117441,0.104760,0.105485,0.104063,0.098669,0.113560,0.201927
557,0.154102,0.117432,0.104769,0.105465,0.104046,0.098651,0.113550,0.201985
558,0.154101,0.117434,0.104767,0.105468,0.104049,0.098654,0.113552,0.201976
559,0.154099,0.117436,0.104765,0.105473,0.104053,0.098658,0.113554,0.201961
560,0.154096,0.117439,0.104762,0.105481,0.104060,0.098666,0.113558,0.201938
561,0.154095,0.117441,0.104760,0.105484,0.104062,0.098669,0.113560,0.201929
562,0.154094,0.117442,0.104760,0.105486,0.104064,0.098670,0.113561,0.201923
563,0.154096,0.117440,0.104761,0.105482,0.104060,0.098666,0.113558,0.201936
564,0.154097,0.117438,0.104763,0.105479,0.104058,0.098664,0.113557,0.201945
565,0.154097,0.117438,0.104763,0.105479,0.104058,0.098664,0.113557,0.201945
566,0.154100,0.117435,0.104766,0.105470,0.104051,0.098656,0.113553,0.201969
567,0.154098,0.117437,0.104764,0.105475,0.104055,0.098661,0.113555,0.201955
568,0.154099,0.117437,0.104765,0.105474,0.104054,0.098660,0.113555,0.201956
569,0.154098,0.117437,0.104764,0.105475,0.104055,0.098661,0.113556,0.201954
570,0.154098,0.117437,0.104764,0.105476,0.104055,0.098661,0.113556,0.201952
571,0.154098,0.117438,0.104764,0.105477,0.104056,0.098662,0.113556,0.201950
572,0.154098,0.117437,0.104764,0.105475,0.104055,0.098660,0.113555,0.201955
573,0.154098,0.117438,0.104763,0.105477,0.104057,0.098662,0.113556,0.201949
574,0.154095,0.117440,0.104761,0.105484,0.104062,0.098668,0.113559,0.201931
575,0.154096,0.117439,0.104762,0.105482,0.104060,0.098666,0.113558,0.201937
576,0.154095,0.117441,0.104760,0.105485,0.104063,0.098669,0.113560,0.201928
577,0.154094,0.117442,0.104760,0.105486,0.104064,0.098670,0.113561,0.201923
578,0.154094,0.117442,0.104759,0.105488,0.104065,0.098671,0.113561,0.201920
579,0.154094,0.117442,0.104759,0.105487,0.104065,0.098671,0.113561,0.201921
580,0.154096,0.117440,0.104761,0.105482,0.104060,0.098666,0.113558,0.201936
581,0.154096,0.117439,0.104762,0.105481,0.104060,0.098666,0.113558,0.201938
582,0.154097,0.117439,0.104763,0.105479,0.104058,0.098664,0.113557,0.201943
583,0.154099,0.117437,0.104765,0.105474,0.104054,0.098660,0.113555,0.201957
584,0.154100,0.117436,0.104765,0.105472,0.104052,0.098658,0.113554,0.201963
585,0.154100,0.117435,0.104766,0.105472,0.104052,0.098657,0.113554,0.201965
586,0.154100,0.117435,0.104766,0.105471,0.104051,0.098657,0.113554,0.201966
587,0.154100,0.117436,0.104766,0.105472,0.104052,0.098658,0.113554,0.201964
588,0.154100,0.117435,0.104766,0.105470,0.104050,0.098656,0.113553,0.201970
589,0.154101,0.117434,0.104767,0.105468,0.104049,0.098654,0.113552,0.201975
590,0.154100,0.117435,0.104766,0.105470,0.104051,0.098656,0.113553,0.201968
591,0.154100,0.117435,0.104766,0.105470,0.104051,0.098656,0.113553,0.201968
592,0.154101,0.117434,0.104767,0.105469,0.104049,0.098655,0.113552,0.201973
593,0.154100,0.117435,0.104766,0.105471,0.104051,0.098657,0.113554,0.201965
594,0.154100,0.117435,0.104766,0.105472,0.104052,0.098658,0.113554,0.201964
595,0.154101,0.117434,0.104767,0.105468,0.104049,0.098654,0.113552,0.201976
596,0.154099,0.117436,0.104765,0.105474,0.104054,0.098660,0.113555,0.201957
597,0.154101,0.117434,0.104767,0.105468,0.104049,0.098654,0.113552,0.201974
598,0.154102,0.117432,0.104769,0.105465,0.104046,0.098651,0.113551,0.201984
599,0.154101,0.117434,0.104767,0.105467,0.104048,0.098654,0.113552,0.201976
600,0.154100,0.117435,0.104766,0.105471,0.104051,0.098657,0.113553,0.201967
601,0.154100,0.117435,0.104766,0.105470,0.104050,0.098656,0.113553,0.201970
602,0.154100,0.117435,0.104766,0.105471,0.104051,0.098657,0.113553,0.201967
603,0.154097,0.117438,0.104763,0.105478,0.104057,0.098663,0.113557,0.201947
604,0.154099,0.117436,0.104765,0.105472,0.104052,0.098658,0.113554,0.201962
605,0.154101,0.117434,0.104767,0.105468,0.104048,0.098654,0.113552,0.201975
606,0.154102,0.117432,0.104769,0.105465,0.104046,0.098651,0.113550,0.201985
607,0.154101,0.117434,0.104767,0.105469,0.104050,0.098655,0.113553,0.201972
608,0.154099,0.117436,0.104765,0.105474,0.104054,0.098659,0.113555,0.201958
609,0.154099,0.117437,0.104765,0.105474,0.104054,0.098660,0.113555,0.201957
610,0.154099,0.117436,0.104765,0.105473,0.104053,0.098659,0.113555,0.201961
611,0.154100,0.117435,0.104766,0.105471,0.104052,0.098657,0.113554,0.201965
612,0.154101,0.117434,0.104767,0.105469,0.104050,0.098656,0.113553,0.201971
613,0.154103,0.117431,0.104770,0.105462,0.104044,0.098649,0.113550,0.201991
614,0.154103,0.117432,0.104769,0.105463,0.104045,0.098650,0.113550,0.201989
615,0.154099,0.117437,0.104765,0.105475,0.104054,0.098660,0.113555,0.201956
616,0.154098,0.117437,0.104764,0.105476,0.104055,0.098661,0.113556,0.201953
617,0.154097,0.117438,0.104763,0.105479,0.104058,0.098664,0.113557,0.201944
618,0.154097,0.117438,0.104763,0.105478,0.104057,0.098663,0.113557,0.201947
619,0.154098,0.117437,0.104763,0.105477,0.104057,0.098662,0.113556,0.201949
620,0.154097,0.117439,0.104762,0.105480,0.104059,0.098664,0.113557,0.201942
621,0.154098,0.117437,0.104764,0.105476,0.104055,0.098661,0.113556,0.201952
622,0.154100,0.117435,0.104766,0.105470,0.104050,0.098656,0.113553,0.201970
623,0.154102,0.117433,0.104768,0.105466,0.104047,0.098652,0.113551,0.201980
624,0.154102,0.117432,0.104769,0.105464,0.104046,0.098651,0.113551,0.201985
625,0.154105,0.117430,0.104771,0.105458,0.104041,0.098646,0.113548,0.202002
626,0.154106,0.117428,0.104773,0.105453,0.104037,0.098642,0.113546,0.202015
627,0.154108,0.117426,0.104776,0.105447,0.104032,0.098637,0.113543,0.202031
628,0.154111,0.117423,0.104778,0.105441,0.104026,0.098631,0.113540,0.202050
629,0.154113,0.117419,0.104781,0.105434,0.104020,0.098624,0.113537,0.202071
630,0.154115,0.117418,0.104783,0.105430,0.104017,0.098621,0.113535,0.202082
631,0.154114,0.117418,0.104782,0.105431,0.104018,0.098622,0.113536,0.202078
632,0.154116,0.117416,0.104784,0.105426,0.104014,0.098618,0.113533,0.202091
633,0.154115,0.117417,0.104783,0.105429,0.104016,0.098620,0.113534,0.202085
634,0.154115,0.117417,0.104783,0.105429,0.104016,0.098620,0.113535,0.202084
635,0.154116,0.117417,0.104784,0.105428,0.104015,0.098619,0.113534,0.202088
636,0.154115,0.117418,0.104783,0.105430,0.104017,0.098621,0.113535,0.202082
637,0.154114,0.117419,0.104782,0.105433,0.104020,0.098623,0.113536,0.202073
638,0.154114,0.117418,0.104782,0.105431,0.104018,0.098622,0.113536,0.202077
639,0.154115,0.117417,0.104783,0.105429,0.104016,0.098620,0.113535,0.202084
640,0.154114,0.117418,0.104782,0.105432,0.104019,0.098622,0.113536,0.202077
641,0.154115,0.117418,0.104783,0.105431,0.104018,0.098621,0.113535,0.202080
642,0.154114,0.117419,0.104782,0.105432,0.104019,0.098623,0.113536,0.202076
643,0.154112,0.117421,0.104780,0.105437,0.104023,0.098627,0.113538,0.202061
644,0.154112,0.117421,0.104780,0.105437,0.104023,0.098627,0.113538,0.202061
645,0.154109,0.117425,0.104776,0.105447,0.104032,0.098636,0.113543,0.202034
646,0.154107,0.117426,0.104775,0.105450,0.104034,0.098639,0.113544,0.202024
647,0.154106,0.117427,0.104773,0.105453,0.104037,0.098641,0.113545,0.202016
648,0.154094,0.117442,0.104759,0.105488,0.104065,0.098671,0.113561,0.201920
649,0.154093,0.117443,0.104759,0.105489,0.104066,0.098673,0.113562,0.201916
650,0.154094,0.117442,0.104759,0.105488,0.104065,0.098671,0.113561,0.201920
651,0.154095,0.117440,0.104761,0.105484,0.104062,0.098668,0.113559,0.201930
652,0.154097,0.117439,0.104762,0.105480,0.104058,0.098665,0.113558,0.201942
653,0.154096,0.117440,0.104761,0.105482,0.104060,0.098667,0.113559,0.201935
654,0.154096,0.117440,0.104761,0.105482,0.104060,0.098667,0.113559,0.201935
655,0.154097,0.117438,0.104763,0.105479,0.104058,0.098664,0.113557,0.201945
656,0.154097,0.117438,0.104763,0.105478,0.104057,0.098663,0.113557,0.201946
657,0.154099,0.117436,0.104765,0.105474,0.104053,0.098659,0.113555,0.201959
658,0.154098,0.117437,0.104764,0.105475,0.104055,0.098661,0.113555,0.201955
659,0.154099,0.117436,0.104765,0.105474,0.104053,0.098659,0.113555,0.201959
660,0.154101,0.117433,0.104768,0.105467,0.104048,0.098653,0.113552,0.201978
661,0.154101,0.117434,0.104767,0.105469,0.104049,0.098655,0.113552,0.201973
662,0.154099,0.117437,0.104765,0.105474,0.104054,0.098660,0.113555,0.201957
663,0.154099,0.117437,0.104764,0.105475,0.104054,0.098660,0.113555,0.201956
664,0.154099,0.117436,0.104765,0.105474,0.104053,0.098659,0.113555,0.201959
665,0.154099,0.117436,0.104765,0.105474,0.104054,0.098660,0.113555,0.201957
666,0.154099,0.117436,0.104765,0.105473,0.104053,0.098659,0.113554,0.201961
667,0.154098,0.117437,0.104764,0.105476,0.104056,0.098662,0.113556,0.201951
668,0.154096,0.117440,0.104761,0.105483,0.104061,0.098668,0.113559,0.201932
669,0.154096,0.117440,0.104761,0.105483,0.104061,0.098667,0.113559,0.201932
670,0.154094,0.117442,0.104760,0.105486,0.104064,0.098670,0.113561,0.201923
671,0.154094,0.117442,0.104760,0.105486,0.104064,0.098670,0.113561,0.201923
672,0.154094,0.117442,0.104759,0.105488,0.104065,0.098671,0.113561,0.201920
673,0.154094,0.117443,0.104759,0.105489,0.104066,0.098672,0.113562,0.201917
674,0.154093,0.117443,0.104759,0.105489,0.104066,0.098673,0.113562,0.201916
675,0.154093,0.117443,0.104758,0.105489,0.104066,0.098673,0.113562,0.201915
676,0.154094,0.117442,0.104759,0.105488,0.104066,0.098672,0.113561,0.201917
677,0.154093,0.117443,0.104758,0.105490,0.104067,0.098673,0.113562,0.201914
678,0.154095,0.117441,0.104760,0.105485,0.104063,0.098669,0.113560,0.201928
679,0.154097,0.117439,0.104763,0.105479,0.104058,0.098664,0.113557,0.201944
680,0.154099,0.117437,0.104764,0.105475,0.104054,0.098660,0.113555,0.201956
681,0.154101,0.117434,0.104768,0.105467,0.104048,0.098654,0.113552,0.201977
682,0.154103,0.117432,0.104769,0.105464,0.104045,0.098651,0.113551,0.201986
683,0.154105,0.117430,0.104771,0.105458,0.104040,0.098646,0.113548,0.202003
684,0.154105,0.117430,0.104772,0.105457,0.104040,0.098645,0.113548,0.202005
685,0.154107,0.117427,0.104774,0.105451,0.104035,0.098640,0.113545,0.202020
686,0.154109,0.117425,0.104776,0.105447,0.104031,0.098636,0.113543,0.202033
687,0.154111,0.117422,0.104779,0.105440,0.104025,0.098629,0.113539,0.202054
688,0.154111,0.117422,0.104778,0.105441,0.104026,0.098630,0.113540,0.202051
689,0.154111,0.117423,0.104778,0.105441,0.104027,0.098631,0.113540,0.202049
690,0.154110,0.117424,0.104777,0.105444,0.104029,0.098633,0.113541,0.202041
691,0.154109,0.117425,0.104776,0.105447,0.104031,0.098636,0.113543,0.202034
692,0.154110,0.117423,0.104777,0.105443,0.104028,0.098632,0.113541,0.202044
693,0.154109,0.117425,0.104776,0.105446,0.104031,0.098635,0.113542,0.202036
694,0.154110,0.117423,0.104778,0.105443,0.104028,0.098632,0.113541,0.202045
695,0.154109,0.117424,0.104777,0.105445,0.104030,0.098634,0.113542,0.202039
696,0.154111,0.117423,0.104778,0.105442,0.104027,0.098631,0.113540,0.202049
697,0.154111,0.117422,0.104779,0.105440,0.104025,0.098630,0.113540,0.202054
698,0.154111,0.117422,0.104779,0.105440,0.104026,0.098630,0.113540,0.202052
699,0.154111,0.117423,0.104778,0.105441,0.104027,0.098631,0.113540,0.202049
700,0.154110,0.117423,0.104778,0.105442,0.104027,0.098632,0.113541,0.202047
701,0.154108,0.117425,0.104776,0.105448,0.104032,0.098636,0.113543,0.202032
702,0.154108,0.117426,0.104775,0.105449,0.104033,0.098638,0.113544,0.202028
703,0.154110,0.117423,0.104777,0.105443,0.104028,0.098632,0.113541,0.202044
704,0.154108,0.117425,0.104775,0.105448,0.104033,0.098637,0.113543,0.202030
705,0.154107,0.117427,0.104774,0.105451,0.104035,0.098639,0.113545,0.202022
706,0.154107,0.117427,0.104774,0.105453,0.104036,0.098641,0.113545,0.202018
707,0.154105,0.117429,0.104772,0.105458,0.104040,0.098645,0.113547,0.202004
708,0.154104,0.117431,0.104770,0.105461,0.104043,0.098648,0.113549,0.201994
709,0.154101,0.117434,0.104767,0.105468,0.104049,0.098655,0.113552,0.201973
710,0.154101,0.117433,0.104768,0.105467,0.104048,0.098654,0.113552,0.201977
711,0.154102,0.117433,0.104768,0.105467,0.104048,0.098653,0.113551,0.201979
712,0.154100,0.117435,0.104766,0.105471,0.104052,0.098657,0.113553,0.201966
713,0.154096,0.117439,0.104762,0.105481,0.104060,0.098666,0.113558,0.201938
714,0.154096,0.117439,0.104762,0.105481,0.104060,0.098665,0.113558,0.201939
715,0.154097,0.117438,0.104762,0.105480,0.104059,0.098664,0.113557,0.201942
716,0.154094,0.117442,0.104759,0.105487,0.104064,0.098671,0.113561,0.201922
717,0.154094,0.117442,0.104760,0.105486,0.104064,0.098670,0.113560,0.201923
718,0.154094,0.117442,0.104759,0.105487,0.104065,0.098671,0.113561,0.201920
719,0.154095,0.117441,0.104760,0.105485,0.104063,0.098670,0.113560,0.201926
720,0.154094,0.117442,0.104760,0.105486,0.104064,0.098670,0.113561,0.201923
721,0.154095,0.117441,0.104760,0.105486,0.104064,0.098670,0.113560,0.201925
722,0.154095,0.117441,0.104760,0.105486,0.104063,0.098670,0.113560,0.201925
723,0.154094,0.117442,0.104760,0.105486,0.104064,0.098670,0.113561,0.201923
724,0.154094,0.117442,0.104759,0.105488,0.104065,0.098672,0.113561,0.201919
725,0.154094,0.117442,0.104759,0.105488,0.104065,0.098672,0.113561,0.201919
726,0.154094,0.117442,0.104759,0.105488,0.104065,0.098672,0.113561,0.201918
727,0.154094,0.117442,0.104759,0.105487,0.104065,0.098671,0.113561,0.201920
728,0.154094,0.117442,0.104759,0.105488,0.104065,0.098672,0.113561,0.201919
729,0.154093,0.117443,0.104758,0.105490,0.104067,0.098673,0.113562,0.201913
730,0.154094,0.117443,0.104759,0.105489,0.104066,0.098673,0.113562,0.201916
731,0.154094,0.117442,0.104759,0.105488,0.104065,0.098672,0.113561,0.201918
732,0.154094,0.117443,0.104759,0.105489,0.104066,0.098672,0.113562,0.201917
733,0.154094,0.117442,0.104759,0.105488,0.104066,0.098672,0.113561,0.201918
734,0.154094,0.117443,0.104759,0.105488,0.104066,0.098672,0.113562,0.201917
735,0.154094,0.117442,0.104759,0.105487,0.104065,0.098671,0.113561,0.201921
736,0.154094,0.117442,0.104760,0.105487,0.104064,0.098671,0.113561,0.201923
737,0.154094,0.117442,0.104759,0.105488,0.104066,0.098672,0.113561,0.201918
738,0.154093,0.117443,0.104758,0.105490,0.104067,0.098673,0.113562,0.201914
739,0.154094,0.117442,0.104759,0.105488,0.104065,0.098672,0.113561,0.201919
740,0.154094,0.117442,0.104759,0.105488,0.104066,0.098672,0.113561,0.201917
741,0.154093,0.117443,0.104758,0.105489,0.104067,0.098673,0.113562,0.201915
742,0.154094,0.117442,0.104759,0.105488,0.104065,0.098672,0.113561,0.201919
743,0.154093,0.117443,0.104758,0.105489,0.104066,0.098673,0.113562,0.201916
744,0.154094,0.117442,0.104759,0.105487,0.104065,0.098671,0.113561,0.201921
745,0.154095,0.117441,0.104760,0.105486,0.104064,0.098670,0.113560,0.201924
746,0.154095,0.117441,0.104760,0.105484,0.104062,0.098669,0.113560,0.201929
747,0.154096,0.117439,0.104762,0.105481,0.104059,0.098665,0.113558,0.201939
748,0.154097,0.117439,0.104763,0.105479,0.104058,0.098664,0.113557,0.201944
749,0.154097,0.117439,0.104763,0.105479,0.104058,0.098664,0.113557,0.201944
750,0.154098,0.117438,0.104763,0.105477,0.104056,0.098662,0.113556,0.201949
751,0.154098,0.117437,0.104764,0.105476,0.104056,0.098662,0.113556,0.201951
752,0.154098,0.117438,0.104763,0.105477,0.104057,0.098663,0.113556,0.201948
753,0.154099,0.117436,0.104765,0.105474,0.104054,0.098660,0.113555,0.201957
754,0.154099,0.117436,0.104765,0.105474,0.104053,0.098659,0.113555,0.201959
755,0.154099,0.117436,0.104765,0.105473,0.104053,0.098658,0.113554,0.201962
756,0.154100,0.117436,0.104765,0.105472,0.104052,0.098658,0.113554,0.201963
757,0.154099,0.117436,0.104765,0.105474,0.104054,0.098660,0.113555,0.201957
758,0.154099,0.117437,0.104765,0.105475,0.104054,0.098660,0.113555,0.201956
759,0.154097,0.117438,0.104763,0.105478,0.104057,0.098663,0.113557,0.201947
760,0.154097,0.117438,0.104763,0.105478,0.104057,0.098663,0.113557,0.201946
761,0.154097,0.117438,0.104763,0.105479,0.104058,0.098664,0.113557,0.201944
762,0.154099,0.117437,0.104765,0.105474,0.104054,0.098660,0.113555,0.201957
763,0.154099,0.117436,0.104765,0.105474,0.104054,0.098659,0.113555,0.201958
764,0.154100,0.117435,0.104766,0.105471,0.104052,0.098657,0.113554,0.201965
765,0.154098,0.117437,0.104764,0.105476,0.104055,0.098661,0.113556,0.201952
766,0.154097,0.117438,0.104763,0.105478,0.104057,0.098663,0.113557,0.201945
767,0.154097,0.117439,0.104762,0.105480,0.104058,0.098665,0.113558,0.201942
768,0.154096,0.117440,0.104761,0.105482,0.104061,0.098667,0.113559,0.201934
769,0.154096,0.117440,0.104761,0.105483,0.104061,0.098668,0.113559,0.201932
770,0.154095,0.117441,0.104760,0.105485,0.104063,0.098669,0.113560,0.201926
771,0.154096,0.117440,0.104761,0.105483,0.104061,0.098667,0.113559,0.201934
772,0.154095,0.117441,0.104760,0.105485,0.104063,0.098669,0.113560,0.201928
773,0.154094,0.117442,0.104759,0.105488,0.104065,0.098672,0.113561,0.201919
774,0.154092,0.117445,0.104756,0.105494,0.104070,0.098677,0.113564,0.201902
775,0.154092,0.117444,0.104757,0.105493,0.104069,0.098676,0.113563,0.201905
776,0.154093,0.117443,0.104758,0.105490,0.104067,0.098674,0.113562,0.201912
777,0.154093,0.117443,0.104758,0.105489,0.104066,0.098673,0.113562,0.201915
778,0.154093,0.117443,0.104758,0.105489,0.104066,0.098673,0.113562,0.201915
779,0.154094,0.117442,0.104760,0.105486,0.104064,0.098670,0.113560,0.201923
780,0.154095,0.117441,0.104760,0.105486,0.104063,0.098670,0.113560,0.201925
781,0.154095,0.117441,0.104760,0.105486,0.104064,0.098670,0.113560,0.201925
782,0.154097,0.117439,0.104762,0.105480,0.104059,0.098665,0.113558,0.201940
783,0.154097,0.117438,0.104763,0.105478,0.104057,0.098663,0.113557,0.201945
784,0.154098,0.117438,0.104764,0.105477,0.104056,0.098662,0.113556,0.201950
785,0.154099,0.117436,0.104765,0.105474,0.104054,0.098660,0.113555,0.201958
786,0.154098,0.117437,0.104764,0.105476,0.104056,0.098662,0.113556,0.201951
787,0.154099,0.117436,0.104765,0.105474,0.104054,0.098659,0.113555,0.201958
788,0.154100,0.117435,0.104766,0.105472,0.104052,0.098657,0.113554,0.201965
789,0.154099,0.117437,0.104765,0.105474,0.104054,0.098660,0.113555,0.201956
790,0.154100,0.117436,0.104765,0.105472,0.104052,0.098658,0.113554,0.201963
791,0.154100,0.117436,0.104765,0.105472,0.104052,0.098658,0.113554,0.201963
792,0.154099,0.117436,0.104765,0.105473,0.104053,0.098659,0.113554,0.201961
793,0.154100,0.117435,0.104766,0.105470,0.104051,0.098656,0.113553,0.201968
794,0.154098,0.117437,0.104764,0.105477,0.104056,0.098662,0.113556,0.201951
795,0.154098,0.117438,0.104763,0.105478,0.104057,0.098663,0.113556,0.201948
796,0.154099,0.117436,0.104765,0.105473,0.104053,0.098659,0.113554,0.201961
797,0.154099,0.117436,0.104765,0.105474,0.104053,0.098659,0.113555,0.201959
798,0.154098,0.117437,0.104764,0.105475,0.104055,0.098661,0.113556,0.201954
799,0.154100,0.117436,0.104766,0.105472,0.104052,0.098658,0.113554,0.201964
800,0.154100,0.117435,0.104766,0.105472,0.104052,0.098657,0.113554,0.201964
801,0.154100,0.117436,0.104766,0.105472,0.104052,0.098658,0.113554,0.201964
802,0.154101,0.117434,0.104767,0.105468,0.104048,0.098654,0.113552,0.201976
803,0.154102,0.117433,0.104768,0.105465,0.104046,0.098652,0.113551,0.201983
804,0.154103,0.117431,0.104770,0.105462,0.104044,0.098649,0.113550,0.201991
805,0.154102,0.117432,0.104769,0.105464,0.104046,0.098651,0.113551,0.201985
806,0.154103,0.117431,0.104770,0.105461,0.104043,0.098648,0.113549,0.201993
807,0.154102,0.117433,0.104768,0.105467,0.104048,0.098653,0.113552,0.201978
808,0.154100,0.117435,0.104766,0.105470,0.104051,0.098656,0.113553,0.201968
809,0.154100,0.117435,0.104766,0.105470,0.104051,0.098656,0.113553,0.201968
810,0.154101,0.117434,0.104767,0.105468,0.104049,0.098654,0.113552,0.201974
811,0.154100,0.117435,0.104766,0.105470,0.104051,0.098656,0.113553,0.201968
812,0.154099,0.117436,0.104765,0.105474,0.104054,0.098659,0.113555,0.201958
813,0.154098,0.117437,0.104764,0.105476,0.104055,0.098661,0.113556,0.201953
814,0.154096,0.117440,0.104761,0.105482,0.104060,0.098666,0.113558,0.201936
815,0.154096,0.117439,0.104762,0.105481,0.104060,0.098666,0.113558,0.201938
816,0.154094,0.117442,0.104759,0.105488,0.104065,0.098672,0.113561,0.201918
817,0.154095,0.117441,0.104761,0.105484,0.104062,0.098668,0.113559,0.201930
818,0.154095,0.117441,0.104760,0.105485,0.104063,0.098669,0.113560,0.201927
819,0.154094,0.117442,0.104760,0.105486,0.104064,0.098670,0.113561,0.201923
820,0.154094,0.117442,0.104759,0.105488,0.104065,0.098671,0.113561,0.201920
821,0.154094,0.117442,0.104759,0.105488,0.104065,0.098672,0.113561,0.201919
822,0.154095,0.117441,0.104760,0.105485,0.104062,0.098669,0.113560,0.201928
823,0.154095,0.117441,0.104760,0.105486,0.104064,0.098670,0.113560,0.201924
824,0.154096,0.117440,0.104761,0.105482,0.104061,0.098667,0.113559,0.201935
825,0.154096,0.117439,0.104762,0.105481,0.104060,0.098666,0.113558,0.201937
826,0.154097,0.117438,0.104763,0.105479,0.104058,0.098664,0.113557,0.201944
827,0.154096,0.117440,0.104762,0.105481,0.104060,0.098666,0.113558,0.201937
828,0.154096,0.117440,0.104762,0.105482,0.104060,0.098666,0.113558,0.201936
829,0.154096,0.117440,0.104762,0.105482,0.104060,0.098666,0.113558,0.201936
830,0.154097,0.117438,0.104763,0.105478,0.104057,0.098663,0.113557,0.201946
831,0.154098,0.117437,0.104764,0.105476,0.104055,0.098661,0.113555,0.201954
832,0.154098,0.117438,0.104763,0.105478,0.104057,0.098663,0.113557,0.201948
833,0.154099,0.117436,0.104765,0.105474,0.104053,0.098659,0.113555,0.201959
834,0.154097,0.117438,0.104763,0.105478,0.104057,0.098663,0.113557,0.201946
835,0.154098,0.117437,0.104764,0.105477,0.104056,0.098662,0.113556,0.201950
836,0.154098,0.117437,0.104764,0.105476,0.104056,0.098661,0.113556,0.201952
837,0.154098,0.117438,0.104763,0.105478,0.104057,0.098663,0.113557,0.201947
838,0.154098,0.117437,0.104764,0.105476,0.104055,0.098661,0.113556,0.201952
839,0.154100,0.117435,0.104766,0.105471,0.104051,0.098657,0.113554,0.201966
840,0.154101,0.117434,0.104767,0.105469,0.104050,0.098655,0.113553,0.201971
841,0.154100,0.117435,0.104766,0.105471,0.104051,0.098657,0.113553,0.201967
842,0.154099,0.117436,0.104765,0.105474,0.104053,0.098659,0.113555,0.201959
843,0.154099,0.117436,0.104765,0.105473,0.104053,0.098659,0.113555,0.201960
844,0.154101,0.117434,0.104767,0.105469,0.104049,0.098655,0.113553,0.201973
845,0.154101,0.117433,0.104768,0.105467,0.104048,0.098653,0.113552,0.201978
846,0.154102,0.117433,0.104768,0.105466,0.104047,0.098652,0.113551,0.201981
847,0.154101,0.117433,0.104768,0.105467,0.104048,0.098653,0.113552,0.201977
848,0.154099,0.117436,0.104765,0.105473,0.104053,0.098658,0.113554,0.201961
849,0.154098,0.117438,0.104763,0.105478,0.104057,0.098663,0.113557,0.201948
850,0.154102,0.117433,0.104768,0.105465,0.104046,0.098652,0.113551,0.201983
851,0.154104,0.117431,0.104770,0.105460,0.104042,0.098648,0.113549,0.201996
852,0.154105,0.117429,0.104772,0.105457,0.104040,0.098645,0.113547,0.202005
853,0.154104,0.117431,0.104770,0.105461,0.104043,0.098648,0.113549,0.201994
854,0.154104,0.117431,0.104770,0.105461,0.104043,0.098648,0.113549,0.201994
855,0.154105,0.117430,0.104771,0.105458,0.104040,0.098645,0.113548,0.202003
856,0.154101,0.117434,0.104767,0.105468,0.104049,0.098655,0.113553,0.201973
857,0.154105,0.117429,0.104772,0.105456,0.104039,0.098644,0.113547,0.202008
858,0.154099,0.117437,0.104765,0.105474,0.104054,0.098660,0.113555,0.201956
859,0.154106,0.117428,0.104773,0.105454,0.104037,0.098642,0.113546,0.202013
860,0.154105,0.117429,0.104772,0.105457,0.104040,0.098645,0.113547,0.202005
861,0.154103,0.117432,0.104769,0.105462,0.104044,0.098649,0.113550,0.201990
862,0.154101,0.117434,0.104768,0.105467,0.104048,0.098653,0.113552,0.201977
863,0.154109,0.117425,0.104776,0.105446,0.104031,0.098635,0.113542,0.202035
864,0.154107,0.117427,0.104774,0.105451,0.104035,0.098640,0.113545,0.202021
865,0.154107,0.117427,0.104774,0.105452,0.104035,0.098640,0.113545,0.202020
866,0.154106,0.117428,0.104773,0.105454,0.104037,0.098642,0.113546,0.202013
867,0.154103,0.117431,0.104770,0.105462,0.104043,0.098649,0.113549,0.201992
868,0.154106,0.117428,0.104773,0.105455,0.104038,0.098643,0.113546,0.202012
869,0.154105,0.117429,0.104772,0.105456,0.104039,0.098644,0.113547,0.202008
870,0.154106,0.117428,0.104773,0.105453,0.104037,0.098641,0.113545,0.202016
871,0.154106,0.117427,0.104773,0.105453,0.104036,0.098641,0.113545,0.202017
872,0.154103,0.117432,0.104769,0.105463,0.104045,0.098650,0.113550,0.201989
873,0.154101,0.117434,0.104768,0.105467,0.104048,0.098653,0.113552,0.201977
874,0.154102,0.117433,0.104768,0.105466,0.104047,0.098652,0.113551,0.201981
875,0.154101,0.117434,0.104767,0.105469,0.104050,0.098655,0.113553,0.201972
876,0.154102,0.117433,0.104768,0.105466,0.104047,0.098653,0.113551,0.201980
877,0.154104,0.117430,0.104771,0.105459,0.104041,0.098646,0.113548,0.202000
878,0.154104,0.117430,0.104771,0.105460,0.104042,0.098647,0.113548,0.201998
879,0.154105,0.117430,0.104771,0.105458,0.104041,0.098646,0.113548,0.202002
880,0.154103,0.117432,0.104769,0.105463,0.104044,0.098650,0.113550,0.201989
881,0.154102,0.117433,0.104768,0.105465,0.104047,0.098652,0.113551,0.201982
882,0.154102,0.117433,0.104768,0.105465,0.104046,0.098652,0.113551,0.201983
883,0.154102,0.117432,0.104769,0.105464,0.104045,0.098651,0.113550,0.201986
884,0.154103,0.117432,0.104769,0.105463,0.104045,0.098650,0.113550,0.201989
885,0.154104,0.117431,0.104770,0.105460,0.104043,0.098648,0.113549,0.201996
886,0.154103,0.117432,0.104769,0.105463,0.104045,0.098650,0.113550,0.201989
887,0.154102,0.117432,0.104769,0.105465,0.104046,0.098651,0.113551,0.201984
888,0.154102,0.117432,0.104769,0.105464,0.104046,0.098651,0.113550,0.201986
889,0.154101,0.117434,0.104767,0.105468,0.104048,0.098654,0.113552,0.201976
890,0.154099,0.117436,0.104765,0.105473,0.104053,0.098659,0.113555,0.201959
891,0.154099,0.117436,0.104765,0.105474,0.104053,0.098659,0.113555,0.201959
892,0.154100,0.117435,0.104766,0.105470,0.104050,0.098656,0.113553,0.201969
893,0.154101,0.117434,0.104767,0.105468,0.104049,0.098654,0.113552,0.201974
894,0.154102,0.117433,0.104768,0.105467,0.104048,0.098653,0.113551,0.201979
895,0.154100,0.117435,0.104766,0.105472,0.104052,0.098657,0.113554,0.201964
896,0.154098,0.117437,0.104764,0.105475,0.104055,0.098661,0.113555,0.201954
897,0.154100,0.117435,0.104766,0.105471,0.104051,0.098657,0.113554,0.201966
898,0.154100,0.117435,0.104766,0.105471,0.104051,0.098657,0.113553,0.201967
899,0.154099,0.117436,0.104765,0.105474,0.104053,0.098659,0.113555,0.201959
900,0.154101,0.117434,0.104767,0.105469,0.104049,0.098655,0.113552,0.201973
901,0.154102,0.117432,0.104769,0.105464,0.104046,0.098651,0.113550,0.201985
902,0.154101,0.117434,0.104767,0.105468,0.104049,0.098654,0.113552,0.201974
903,0.154100,0.117435,0.104766,0.105471,0.104051,0.098657,0.113553,0.201967
904,0.154100,0.117435,0.104766,0.105471,0.104051,0.098657,0.113554,0.201966
905,0.154100,0.117435,0.104766,0.105470,0.104050,0.098656,0.113553,0.201970
906,0.154102,0.117433,0.104768,0.105466,0.104047,0.098652,0.113551,0.201981
907,0.154102,0.117433,0.104768,0.105466,0.104047,0.098652,0.113551,0.201981
908,0.154102,0.117433,0.104768,0.105466,0.104047,0.098653,0.113552,0.201979
909,0.154103,0.117432,0.104769,0.105463,0.104044,0.098650,0.113550,0.201989
910,0.154104,0.117431,0.104770,0.105461,0.104043,0.098648,0.113549,0.201994
911,0.154103,0.117432,0.104769,0.105464,0.104045,0.098651,0.113550,0.201986
912,0.154103,0.117432,0.104769,0.105463,0.104045,0.098650,0.113550,0.201987
913,0.154102,0.117433,0.104768,0.105466,0.104047,0.098653,0.113551,0.201979
914,0.154102,0.117432,0.104769,0.105464,0.104046,0.098651,0.113551,0.201985
915,0.154103,0.117431,0.104770,0.105462,0.104044,0.098649,0.113549,0.201992
916,0.154103,0.117432,0.104769,0.105463,0.104045,0.098650,0.113550,0.201988
917,0.154099,0.117437,0.104764,0.105475,0.104054,0.098660,0.113555,0.201956
918,0.154102,0.117433,0.104768,0.105465,0.104046,0.098652,0.113551,0.201983
919,0.154103,0.117432,0.104769,0.105464,0.104045,0.098650,0.113550,0.201987
920,0.154102,0.117433,0.104768,0.105466,0.104047,0.098652,0.113551,0.201981
921,0.154096,0.117439,0.104762,0.105481,0.104060,0.098666,0.113558,0.201937
922,0.154102,0.117432,0.104769,0.105465,0.104046,0.098651,0.113551,0.201984
923,0.154101,0.117434,0.104767,0.105468,0.104049,0.098655,0.113552,0.201974
924,0.154102,0.117433,0.104768,0.105465,0.104046,0.098652,0.113551,0.201983
925,0.154103,0.117432,0.104769,0.105463,0.104044,0.098650,0.113550,0.201989
926,0.154104,0.117431,0.104770,0.105461,0.104043,0.098648,0.113549,0.201995
927,0.154101,0.117433,0.104768,0.105467,0.104048,0.098653,0.113552,0.201978
928,0.154100,0.117435,0.104766,0.105471,0.104051,0.098657,0.113553,0.201967
929,0.154100,0.117435,0.104766,0.105470,0.104051,0.098656,0.113553,0.201968
930,0.154102,0.117433,0.104768,0.105465,0.104047,0.098652,0.113551,0.201982
931,0.154105,0.117430,0.104771,0.105458,0.104041,0.098646,0.113548,0.202002
932,0.154103,0.117431,0.104770,0.105461,0.104043,0.098648,0.113549,0.201993
933,0.154103,0.117431,0.104770,0.105462,0.104044,0.098649,0.113549,0.201992
934,0.154101,0.117434,0.104768,0.105467,0.104048,0.098654,0.113552,0.201977
935,0.154103,0.117432,0.104769,0.105464,0.104045,0.098651,0.113551,0.201985
936,0.154105,0.117430,0.104771,0.105458,0.104041,0.098646,0.113548,0.202002
937,0.154107,0.117427,0.104774,0.105453,0.104036,0.098641,0.113545,0.202017
938,0.154108,0.117426,0.104775,0.105448,0.104032,0.098637,0.113543,0.202030
939,0.154107,0.117426,0.104775,0.105450,0.104034,0.098639,0.113544,0.202024
940,0.154108,0.117426,0.104775,0.105450,0.104034,0.098638,0.113544,0.202025
941,0.154106,0.117428,0.104773,0.105454,0.104037,0.098642,0.113546,0.202013
942,0.154106,0.117428,0.104773,0.105454,0.104037,0.098642,0.113546,0.202015
943,0.154105,0.117429,0.104772,0.105457,0.104039,0.098644,0.113547,0.202007
944,0.154106,0.117428,0.104773,0.105455,0.104038,0.098643,0.113546,0.202012
945,0.154105,0.117429,0.104772,0.105456,0.104039,0.098644,0.113547,0.202008
946,0.154106,0.117428,0.104773,0.105455,0.104038,0.098643,0.113546,0.202011
947,0.154105,0.117430,0.104771,0.105458,0.104041,0.098645,0.113548,0.202003
948,0.154103,0.117432,0.104769,0.105463,0.104045,0.098650,0.113550,0.201988
949,0.154103,0.117432,0.104769,0.105463,0.104045,0.098650,0.113550,0.201988
950,0.154102,0.117433,0.104768,0.105466,0.104047,0.098653,0.113551,0.201980
951,0.154104,0.117431,0.104770,0.105461,0.104043,0.098648,0.113549,0.201995
952,0.154101,0.117434,0.104767,0.105468,0.104049,0.098654,0.113552,0.201975
953,0.154103,0.117431,0.104770,0.105462,0.104043,0.098649,0.113549,0.201993
954,0.154101,0.117434,0.104767,0.105469,0.104050,0.098655,0.113553,0.201972
955,0.154102,0.117433,0.104768,0.105467,0.104048,0.098653,0.113552,0.201979
956,0.154100,0.117435,0.104766,0.105470,0.104051,0.098656,0.113553,0.201969
957,0.154100,0.117435,0.104766,0.105471,0.104051,0.098657,0.113554,0.201966
958,0.154101,0.117434,0.104767,0.105468,0.104048,0.098654,0.113552,0.201976
959,0.154101,0.117434,0.104767,0.105469,0.104050,0.098655,0.113553,0.201971
960,0.154101,0.117434,0.104767,0.105469,0.104050,0.098655,0.113553,0.201971
961,0.154101,0.117434,0.104767,0.105469,0.104050,0.098655,0.113553,0.201971
962,0.154101,0.117434,0.104767,0.105469,0.104050,0.098655,0.113552,0.201972
963,0.154100,0.117435,0.104766,0.105470,0.104051,0.098656,0.113553,0.201969
964,0.154100,0.117435,0.104766,0.105472,0.104052,0.098658,0.113554,0.201964
965,0.154100,0.117435,0.104766,0.105472,0.104052,0.098658,0.113554,0.201964
966,0.154101,0.117434,0.104767,0.105468,0.104049,0.098654,0.113552,0.201974
967,0.154100,0.117435,0.104766,0.105470,0.104051,0.098656,0.113553,0.201968
968,0.154100,0.117435,0.104766,0.105471,0.104051,0.098657,0.113554,0.201966
969,0.154100,0.117435,0.104766,0.105472,0.104052,0.098658,0.113554,0.201964
970,0.154102,0.117433,0.104768,0.105466,0.104047,0.098653,0.113552,0.201979
971,0.154102,0.117433,0.104768,0.105465,0.104047,0.098652,0.113551,0.201982
972,0.154101,0.117434,0.104767,0.105469,0.104050,0.098655,0.113553,0.201971
973,0.154100,0.117435,0.104766,0.105471,0.104051,0.098657,0.113554,0.201966
974,0.154102,0.117433,0.104768,0.105466,0.104047,0.098652,0.113551,0.201981
975,0.154104,0.117430,0.104770,0.105460,0.104042,0.098647,0.113549,0.201997
976,0.154109,0.117425,0.104776,0.105447,0.104031,0.098635,0.113543,0.202035
977,0.154109,0.117425,0.104776,0.105447,0.104031,0.098635,0.113543,0.202035
978,0.154105,0.117430,0.104771,0.105458,0.104040,0.098645,0.113548,0.202003
979,0.154104,0.117431,0.104770,0.105461,0.104043,0.098648,0.113549,0.201995
980,0.154110,0.117424,0.104777,0.105444,0.104029,0.098634,0.113542,0.202041
981,0.154113,0.117419,0.104781,0.105434,0.104020,0.098624,0.113537,0.202071
982,0.154103,0.117432,0.104769,0.105463,0.104045,0.098650,0.113550,0.201988
983,0.154107,0.117427,0.104774,0.105452,0.104035,0.098640,0.113545,0.202021
984,0.154106,0.117428,0.104773,0.105454,0.104037,0.098642,0.113546,0.202015
985,0.154106,0.117428,0.104773,0.105454,0.104037,0.098642,0.113546,0.202014
986,0.154108,0.117426,0.104775,0.105450,0.104034,0.098638,0.113544,0.202026
987,0.154109,0.117425,0.104776,0.105446,0.104031,0.098635,0.113543,0.202035
988,0.154114,0.117418,0.104782,0.105431,0.104018,0.098622,0.113536,0.202078
989,0.154111,0.117422,0.104779,0.105440,0.104026,0.098630,0.113540,0.202052
990,0.154108,0.117426,0.104775,0.105450,0.104034,0.098638,0.113544,0.202026
991,0.154104,0.117430,0.104771,0.105460,0.104042,0.098647,0.113548,0.201998
992,0.154104,0.117430,0.104771,0.105459,0.104041,0.098647,0.113548,0.201999
993,0.154107,0.117426,0.104774,0.105451,0.104034,0.098639,0.113544,0.202024
994,0.154108,0.117426,0.104775,0.105450,0.104034,0.098638,0.113544,0.202026
995,0.154108,0.117426,0.104775,0.105449,0.104033,0.098637,0.113543,0.202028
996,0.154107,0.117427,0.104774,0.105452,0.104036,0.098640,0.113545,0.202020
997,0.154104,0.117430,0.104771,0.105460,0.104042,0.098647,0.113548,0.201998
998,0.154103,0.117432,0.104769,0.105463,0.104045,0.098650,0.113550,0.201987
999,0.154103,0.117431,0.104770,0.105462,0.104044,0.098649,0.113550,0.201991
1000,0.154104,0.117431,0.104770,0.105460,0.104043,0.098648,0.113549,0.201996
1001,0.154105,0.117429,0.104772,0.105457,0.104040,0.098645,0.113547,0.202005
1002,0.154103,0.117431,0.104770,0.105462,0.104044,0.098649,0.113549,0.201993
1003,0.154102,0.117433,0.104768,0.105465,0.104047,0.098652,0.113551,0.201982
1004,0.154102,0.117433,0.104768,0.105467,0.104048,0.098653,0.113551,0.201979
1005,0.154102,0.117433,0.104768,0.105466,0.104047,0.098652,0.113551,0.201982
1006,0.154102,0.117432,0.104769,0.105464,0.104046,0.098651,0.113550,0.201985
1007,0.154102,0.117433,0.104768,0.105465,0.104047,0.098652,0.113551,0.201982
1008,0.154101,0.117434,0.104767,0.105468,0.104049,0.098655,0.113552,0.201974
1009,0.154102,0.117433,0.104768,0.105467,0.104048,0.098653,0.113552,0.201979
1010,0.154102,0.117433,0.104768,0.105465,0.104047,0.098652,0.113551,0.201982
1011,0.154103,0.117432,0.104769,0.105463,0.104045,0.098650,0.113550,0.201989
1012,0.154105,0.117429,0.104772,0.105458,0.104040,0.098645,0.113547,0.202004
1013,0.154106,0.117427,0.104773,0.105453,0.104037,0.098641,0.113545,0.202016
1014,0.154105,0.117430,0.104771,0.105458,0.104041,0.098646,0.113548,0.202002
1015,0.154103,0.117432,0.104769,0.105463,0.104045,0.098650,0.113550,0.201988
1016,0.154103,0.117432,0.104769,0.105463,0.104045,0.098650,0.113550,0.201987
1017,0.154103,0.117431,0.104770,0.105462,0.104044,0.098649,0.113549,0.201992
1018,0.154104,0.117431,0.104770,0.105460,0.104043,0.098648,0.113549,0.201996
1019,0.154103,0.117431,0.104770,0.105462,0.104044,0.098649,0.113549,0.201992
1020,0.154103,0.117432,0.104769,0.105463,0.104045,0.098650,0.113550,0.201989
1021,0.154103,0.117432,0.104769,0.105464,0.104045,0.098650,0.113550,0.201987
1022,0.154101,0.117434,0.104767,0.105469,0.104050,0.098655,0.113553,0.201971
1023,0.154100,0.117435,0.104766,0.105470,0.104050,0.098656,0.113553,0.201969
1024,0.154101,0.117434,0.104767,0.105469,0.104049,0.098655,0.113553,0.201973
1025,0.154102,0.117433,0.104768,0.105466,0.104047,0.098652,0.113551,0.201981
1026,0.154100,0.117435,0.104766,0.105471,0.104051,0.098657,0.113553,0.201967
1027,0.154100,0.117435,0.104766,0.105471,0.104051,0.098656,0.113553,0.201968
1028,0.154099,0.117436,0.104765,0.105473,0.104053,0.098658,0.113554,0.201961
1029,0.154100,0.117435,0.104766,0.105472,0.104052,0.098658,0.113554,0.201963
1030,0.154100,0.117436,0.104766,0.105472,0.104052,0.098658,0.113554,0.201963
1031,0.154100,0.117435,0.104766,0.105472,0.104052,0.098658,0.113554,0.201964
1032,0.154100,0.117435,0.104766,0.105471,0.104052,0.098657,0.113554,0.201965
1033,0.154098,0.117437,0.104764,0.105476,0.104055,0.098661,0.113556,0.201953
1034,0.154099,0.117436,0.104765,0.105473,0.104053,0.098658,0.113554,0.201961
1035,0.154098,0.117437,0.104764,0.105476,0.104056,0.098661,0.113556,0.201952
1036,0.154098,0.117438,0.104763,0.105477,0.104056,0.098662,0.113556,0.201949
1037,0.154097,0.117438,0.104763,0.105478,0.104057,0.098663,0.113557,0.201947
1038,0.154098,0.117437,0.104764,0.105477,0.104056,0.098661,0.113556,0.201951
1039,0.154097,0.117438,0.104763,0.105478,0.104057,0.098663,0.113557,0.201947
1040,0.154097,0.117438,0.104763,0.105478,0.104057,0.098663,0.113557,0.201947
1041,0.154097,0.117438,0.104763,0.105478,0.104057,0.098663,0.113557,0.201946
1042,0.154098,0.117438,0.104763,0.105478,0.104057,0.098663,0.113557,0.201948
1043,0.154099,0.117436,0.104765,0.105474,0.104054,0.098660,0.113555,0.201957
1044,0.154098,0.117438,0.104764,0.105477,0.104056,0.098662,0.113556,0.201950
1045,0.154099,0.117437,0.104764,0.105475,0.104054,0.098660,0.113555,0.201956
1046,0.154099,0.117437,0.104764,0.105475,0.104055,0.098660,0.113555,0.201955
1047,0.154098,0.117438,0.104764,0.105477,0.104056,0.098662,0.113556,0.201950
1048,0.154099,0.117437,0.104765,0.105475,0.104054,0.098660,0.113555,0.201956
1049,0.154099,0.117436,0.104765,0.105473,0.104053,0.098658,0.113554,0.201961
1050,0.154099,0.117437,0.104764,0.105475,0.104055,0.098660,0.113555,0.201956
1051,0.154096,0.117439,0.104762,0.105481,0.104059,0.098666,0.113558,0.201939
1052,0.154097,0.117439,0.104762,0.105480,0.104059,0.098665,0.113557,0.201942
1053,0.154096,0.117439,0.104762,0.105481,0.104059,0.098665,0.113558,0.201939
1054,0.154097,0.117438,0.104763,0.105478,0.104057,0.098663,0.113557,0.201947
1055,0.154096,0.117440,0.104761,0.105483,0.104061,0.098667,0.113559,0.201933
1056,0.154097,0.117438,0.104763,0.105479,0.104058,0.098664,0.113557,0.201944
1057,0.154097,0.117439,0.104763,0.105479,0.104058,0.098664,0.113557,0.201943
1058,0.154097,0.117438,0.104763,0.105479,0.104058,0.098664,0.113557,0.201944
1059,0.154097,0.117438,0.104763,0.105478,0.104057,0.098663,0.113557,0.201946
1060,0.154097,0.117439,0.104762,0.105479,0.104058,0.098664,0.113557,0.201943
1061,0.154098,0.117437,0.104764,0.105476,0.104055,0.098661,0.113556,0.201953
1062,0.154099,0.117436,0.104765,0.105473,0.104053,0.098658,0.113554,0.201961
1063,0.154101,0.117434,0.104767,0.105469,0.104050,0.098655,0.113553,0.201971
1064,0.154099,0.117436,0.104765,0.105473,0.104053,0.098658,0.113554,0.201962
1065,0.154100,0.117435,0.104766,0.105471,0.104051,0.098656,0.113553,0.201967
1066,0.154099,0.117437,0.104764,0.105475,0.104054,0.098660,0.113555,0.201956
1067,0.154099,0.117436,0.104765,0.105472,0.104052,0.098658,0.113554,0.201962
1068,0.154101,0.117434,0.104767,0.105469,0.104050,0.098655,0.113553,0.201971
1069,0.154101,0.117434,0.104767,0.105469,0.104050,0.098655,0.113553,0.201971
1070,0.154101,0.117434,0.104767,0.105469,0.104049,0.098655,0.113552,0.201973
1071,0.154100,0.117435,0.104766,0.105470,0.104051,0.098656,0.113553,0.201969
1072,0.154101,0.117434,0.104767,0.105468,0.104049,0.098654,0.113552,0.201974
1073,0.154100,0.117435,0.104766,0.105471,0.104051,0.098657,0.113553,0.201967
1074,0.154100,0.117435,0.104766,0.105471,0.104052,0.098657,0.113554,0.201965
1075,0.154102,0.117433,0.104768,0.105466,0.104047,0.098652,0.113551,0.201981
1076,0.154102,0.117433,0.104768,0.105465,0.104047,0.098652,0.113551,0.201982
1077,0.154104,0.117431,0.104770,0.105460,0.104042,0.098647,0.113549,0.201996
1078,0.154104,0.117430,0.104771,0.105460,0.104042,0.098647,0.113548,0.201998
1079,0.154103,0.117431,0.104770,0.105462,0.104044,0.098649,0.113550,0.201991
1080,0.154106,0.117428,0.104773,0.105455,0.104038,0.098643,0.113546,0.202011
1081,0.154106,0.117428,0.104773,0.105455,0.104038,0.098643,0.113546,0.202011
1082,0.154104,0.117430,0.104771,0.105458,0.104041,0.098646,0.113548,0.202001
1083,0.154105,0.117429,0.104772,0.105457,0.104039,0.098644,0.113547,0.202006
1084,0.154107,0.117427,0.104774,0.105451,0.104035,0.098639,0.113545,0.202022
1085,0.154107,0.117427,0.104774,0.105452,0.104035,0.098640,0.113545,0.202020
1086,0.154101,0.117434,0.104767,0.105469,0.104050,0.098655,0.113553,0.201971
1087,0.154101,0.117434,0.104767,0.105468,0.104049,0.098654,0.113552,0.201975
1088,0.154101,0.117434,0.104767,0.105469,0.104049,0.098655,0.113552,0.201973
1089,0.154102,0.117432,0.104769,0.105464,0.104046,0.098651,0.113550,0.201985
1090,0.154102,0.117433,0.104768,0.105466,0.104047,0.098653,0.113551,0.201979
1091,0.154101,0.117434,0.104767,0.105468,0.104049,0.098654,0.113552,0.201974
1092,0.154101,0.117434,0.104767,0.105468,0.104048,0.098654,0.113552,0.201976
1093,0.154101,0.117433,0.104768,0.105467,0.104048,0.098653,0.113552,0.201977
1094,0.154100,0.117435,0.104766,0.105470,0.104051,0.098656,0.113553,0.201968
1095,0.154099,0.117437,0.104764,0.105475,0.104055,0.098660,0.113555,0.201955
1096,0.154098,0.117437,0.104764,0.105476,0.104056,0.098661,0.113556,0.201952
1097,0.154098,0.117437,0.104764,0.105476,0.104055,0.098661,0.113555,0.201954
1098,0.154099,0.117436,0.104765,0.105474,0.104053,0.098659,0.113555,0.201959
1099,0.154097,0.117438,0.104763,0.105478,0.104057,0.098663,0.113557,0.201946
1100,0.154096,0.117440,0.104762,0.105482,0.104060,0.098666,0.113558,0.201936
1101,0.154096,0.117439,0.104762,0.105481,0.104060,0.098666,0.113558,0.201937
1102,0.154096,0.117439,0.104762,0.105481,0.104060,0.098666,0.113558,0.201937
1103,0.154098,0.117437,0.104764,0.105477,0.104056,0.098662,0.113556,0.201951
1104,0.154097,0.117438,0.104763,0.105478,0.104057,0.098663,0.113557,0.201946
1105,0.154098,0.117437,0.104764,0.105476,0.104056,0.098662,0.113556,0.201951
1106,0.154099,0.117436,0.104765,0.105472,0.104052,0.098658,0.113554,0.201962
1107,0.154100,0.117435,0.104766,0.105470,0.104051,0.098656,0.113553,0.201968
1108,0.154100,0.117435,0.104767,0.105470,0.104050,0.098656,0.113553,0.201970
1109,0.154101,0.117434,0.104767,0.105467,0.104048,0.098654,0.113552,0.201976
1110,0.154102,0.117433,0.104768,0.105466,0.104047,0.098652,0.113551,0.201981
1111,0.154101,0.117434,0.104767,0.105469,0.104050,0.098655,0.113553,0.201971
1112,0.154101,0.117434,0.104767,0.105468,0.104049,0.098654,0.113552,0.201975
1113,0.154099,0.117436,0.104765,0.105472,0.104052,0.098658,0.113554,0.201962
1114,0.154100,0.117435,0.104766,0.105470,0.104051,0.098656,0.113553,0.201968
1115,0.154099,0.117436,0.104765,0.105473,0.104053,0.098658,0.113554,0.201962
1116,0.154099,0.117436,0.104765,0.105475,0.104054,0.098660,0.113555,0.201956
1117,0.154098,0.117438,0.104763,0.105478,0.104057,0.098663,0.113557,0.201947
1118,0.154096,0.117439,0.104762,0.105481,0.104060,0.098666,0.113558,0.201938
1119,0.154097,0.117439,0.104762,0.105481,0.104059,0.098665,0.113558,0.201940
1120,0.154096,0.117440,0.104761,0.105483,0.104061,0.098667,0.113559,0.201933
1121,0.154097,0.117439,0.104762,0.105480,0.104059,0.098665,0.113558,0.201940
1122,0.154096,0.117439,0.104762,0.105481,0.104059,0.098665,0.113558,0.201939
1123,0.154095,0.117441,0.104760,0.105484,0.104062,0.098669,0.113560,0.201928
1124,0.154096,0.117440,0.104761,0.105483,0.104061,0.098667,0.113559,0.201933
1125,0.154096,0.117439,0.104762,0.105481,0.104060,0.098666,0.113558,0.201938
1126,0.154096,0.117440,0.104761,0.105483,0.104061,0.098667,0.113559,0.201932
1127,0.154095,0.117441,0.104761,0.105484,0.104062,0.098668,0.113559,0.201930
1128,0.154096,0.117440,0.104761,0.105483,0.104062,0.098668,0.113559,0.201932
1129,0.154095,0.117440,0.104761,0.105484,0.104062,0.098668,0.113559,0.201930
1130,0.154097,0.117439,0.104762,0.105481,0.104059,0.098665,0.113558,0.201939
1131,0.154096,0.117439,0.104762,0.105482,0.104060,0.098666,0.113558,0.201937
1132,0.154096,0.117440,0.104761,0.105483,0.104061,0.098667,0.113559,0.201934
1133,0.154096,0.117440,0.104761,0.105482,0.104060,0.098666,0.113558,0.201936
1134,0.154095,0.117441,0.104761,0.105484,0.104062,0.098668,0.113559,0.201929
1135,0.154095,0.117440,0.104761,0.105484,0.104062,0.098668,0.113559,0.201930
1136,0.154095,0.117440,0.104761,0.105484,0.104062,0.098668,0.113559,0.201930
1137,0.154095,0.117440,0.104761,0.105484,0.104062,0.098668,0.113559,0.201930
1138,0.154096,0.117440,0.104761,0.105483,0.104061,0.098668,0.113559,0.201932
1139,0.154095,0.117440,0.104761,0.105484,0.104062,0.098668,0.113559,0.201930
1140,0.154094,0.117442,0.104760,0.105487,0.104064,0.098671,0.113561,0.201922
1141,0.154095,0.117441,0.104760,0.105485,0.104063,0.098669,0.113560,0.201928
1142,0.154095,0.117441,0.104761,0.105484,0.104062,0.098668,0.113559,0.201930
1143,0.154096,0.117439,0.104762,0.105481,0.104060,0.098666,0.113558,0.201937
1144,0.154097,0.117439,0.104762,0.105480,0.104059,0.098665,0.113558,0.201940
1145,0.154097,0.117439,0.104762,0.105480,0.104059,0.098665,0.113558,0.201940
1146,0.154097,0.117438,0.104763,0.105478,0.104057,0.098663,0.113557,0.201946
1147,0.154098,0.117438,0.104763,0.105478,0.104057,0.098663,0.113557,0.201947
1148,0.154097,0.117438,0.104763,0.105478,0.104057,0.098663,0.113557,0.201946
1149,0.154097,0.117439,0.104762,0.105480,0.104059,0.098664,0.113557,0.201942
1150,0.154097,0.117439,0.104762,0.105480,0.104058,0.098664,0.113557,0.201942
1151,0.154098,0.117438,0.104763,0.105478,0.104057,0.098663,0.113556,0.201948
1152,0.154099,0.117437,0.104764,0.105475,0.104055,0.098660,0.113555,0.201955
1153,0.154099,0.117436,0.104765,0.105474,0.104054,0.098659,0.113555,0.201958
1154,0.154100,0.117435,0.104766,0.105470,0.104050,0.098656,0.113553,0.201969
1155,0.154102,0.117433,0.104768,0.105466,0.104047,0.098653,0.113551,0.201979
1156,0.154101,0.117434,0.104767,0.105468,0.104048,0.098654,0.113552,0.201976
1157,0.154102,0.117433,0.104768,0.105466,0.104047,0.098653,0.113551,0.201980
1158,0.154102,0.117433,0.104768,0.105465,0.104047,0.098652,0.113551,0.201981
1159,0.154102,0.117432,0.104769,0.105464,0.104046,0.098651,0.113551,0.201985
1160,0.154106,0.117428,0.104773,0.105455,0.104038,0.098643,0.113546,0.202011
1161,0.154107,0.117427,0.104774,0.105452,0.104035,0.098640,0.113545,0.202020
1162,0.154107,0.117426,0.104774,0.105451,0.104035,0.098639,0.113544,0.202023
1163,0.154108,0.117426,0.104775,0.105449,0.104033,0.098638,0.113544,0.202027
1164,0.154107,0.117427,0.104774,0.105453,0.104036,0.098641,0.113545,0.202018
1165,0.154107,0.117427,0.104774,0.105453,0.104036,0.098641,0.113545,0.202017
1166,0.154107,0.117427,0.104774,0.105452,0.104035,0.098640,0.113545,0.202021
1167,0.154106,0.117428,0.104773,0.105454,0.104037,0.098642,0.113546,0.202013
1168,0.154101,0.117433,0.104768,0.105467,0.104048,0.098653,0.113552,0.201977
1169,0.154110,0.117423,0.104778,0.105443,0.104028,0.098632,0.113541,0.202045
1170,0.154109,0.117425,0.104776,0.105446,0.104031,0.098635,0.113542,0.202036
1171,0.154108,0.117426,0.104775,0.105450,0.104034,0.098638,0.113544,0.202025
1172,0.154108,0.117425,0.104776,0.105448,0.104032,0.098636,0.113543,0.202032
1173,0.154101,0.117433,0.104768,0.105467,0.104048,0.098654,0.113552,0.201977
1174,0.154108,0.117425,0.104776,0.105448,0.104032,0.098636,0.113543,0.202032
1175,0.154102,0.117433,0.104768,0.105465,0.104047,0.098652,0.113551,0.201983
1176,0.154108,0.117426,0.104775,0.105450,0.104034,0.098638,0.113544,0.202026
1177,0.154110,0.117424,0.104777,0.105445,0.104029,0.098634,0.113542,0.202040
1178,0.154101,0.117434,0.104767,0.105469,0.104049,0.098655,0.113552,0.201973
1179,0.154101,0.117433,0.104768,0.105467,0.104048,0.098653,0.113552,0.201978
1180,0.154100,0.117435,0.104766,0.105470,0.104050,0.098656,0.113553,0.201969
1181,0.154100,0.117435,0.104766,0.105470,0.104050,0.098656,0.113553,0.201969
1182,0.154104,0.117430,0.104771,0.105459,0.104042,0.098647,0.113548,0.201999
1183,0.154100,0.117435,0.104766,0.105472,0.104052,0.098658,0.113554,0.201963
1184,0.154104,0.117430,0.104771,0.105459,0.104041,0.098646,0.113548,0.202001
1185,0.154100,0.117435,0.104766,0.105472,0.104052,0.098658,0.113554,0.201963
1186,0.154104,0.117430,0.104771,0.105459,0.104041,0.098646,0.113548,0.202001
1187,0.154099,0.117436,0.104765,0.105474,0.104054,0.098659,0.113555,0.201958
1188,0.154106,0.117428,0.104773,0.105454,0.104037,0.098642,0.113546,0.202013
1189,0.154100,0.117435,0.104766,0.105471,0.104051,0.098657,0.113554,0.201965
1190,0.154108,0.117426,0.104775,0.105449,0.104033,0.098637,0.113544,0.202028
1191,0.154110,0.117423,0.104778,0.105443,0.104028,0.098632,0.113541,0.202046
1192,0.154109,0.117425,0.104776,0.105447,0.104031,0.098636,0.113543,0.202034
1193,0.154100,0.117435,0.104767,0.105470,0.104050,0.098656,0.113553,0.201970
1194,0.154110,0.117423,0.104777,0.105444,0.104029,0.098633,0.113541,0.202043
1195,0.154111,0.117422,0.104778,0.105441,0.104027,0.098631,0.113540,0.202050
1196,0.154110,0.117423,0.104777,0.105444,0.104028,0.098633,0.113541,0.202043
1197,0.154109,0.117424,0.104777,0.105446,0.104030,0.098634,0.113542,0.202038
1198,0.154108,0.117426,0.104775,0.105450,0.104034,0.098638,0.113544,0.202026
1199,0.154109,0.117424,0.104777,0.105445,0.104030,0.098634,0.113542,0.202039
1200,0.154107,0.117427,0.104774,0.105451,0.104035,0.098639,0.113544,0.202022
1201,0.154102,0.117433,0.104768,0.105467,0.104048,0.098653,0.113552,0.201978
1202,0.154106,0.117428,0.104773,0.105454,0.104037,0.098642,0.113546,0.202014
1203,0.154103,0.117431,0.104770,0.105462,0.104044,0.098649,0.113550,0.201990
1204,0.154103,0.117431,0.104770,0.105461,0.104043,0.098648,0.113549,0.201993
1205,0.154107,0.117427,0.104774,0.105452,0.104035,0.098640,0.113545,0.202020
1206,0.154100,0.117435,0.104766,0.105470,0.104051,0.098656,0.113553,0.201968
1207,0.154107,0.117427,0.104774,0.105452,0.104035,0.098640,0.113545,0.202020
1208,0.154107,0.117426,0.104774,0.105451,0.104035,0.098639,0.113544,0.202023
1209,0.154106,0.117428,0.104773,0.105455,0.104038,0.098643,0.113546,0.202012
1210,0.154105,0.117429,0.104772,0.105456,0.104039,0.098644,0.113547,0.202007
1211,0.154100,0.117435,0.104766,0.105472,0.104052,0.098658,0.113554,0.201963
1212,0.154106,0.117428,0.104773,0.105455,0.104038,0.098643,0.113546,0.202011
1213,0.154106,0.117428,0.104773,0.105455,0.104038,0.098643,0.113546,0.202010
1214,0.154104,0.117430,0.104771,0.105460,0.104042,0.098647,0.113548,0.201999
1215,0.154103,0.117431,0.104769,0.105463,0.104044,0.098649,0.113550,0.201990
1216,0.154105,0.117430,0.104771,0.105458,0.104041,0.098646,0.113548,0.202002
1217,0.154102,0.117432,0.104769,0.105464,0.104046,0.098651,0.113550,0.201985
1218,0.154103,0.117431,0.104770,0.105461,0.104043,0.098648,0.113549,0.201994
1219,0.154103,0.117432,0.104769,0.105463,0.104045,0.098650,0.113550,0.201988
1220,0.154105,0.117429,0.104772,0.105457,0.104040,0.098644,0.113547,0.202006
1221,0.154106,0.117428,0.104773,0.105455,0.104038,0.098642,0.113546,0.202012
1222,0.154103,0.117431,0.104769,0.105463,0.104044,0.098649,0.113550,0.201990
1223,0.154102,0.117432,0.104769,0.105464,0.104046,0.098651,0.113551,0.201985
1224,0.154103,0.117431,0.104770,0.105463,0.104044,0.098649,0.113550,0.201990
1225,0.154101,0.117434,0.104767,0.105469,0.104050,0.098655,0.113553,0.201972
1226,0.154104,0.117430,0.104771,0.105459,0.104042,0.098647,0.113548,0.201999
1227,0.154106,0.117428,0.104773,0.105454,0.104037,0.098642,0.113546,0.202013
1228,0.154104,0.117431,0.104770,0.105461,0.104043,0.098648,0.113549,0.201995
1229,0.154102,0.117433,0.104768,0.105467,0.104048,0.098653,0.113552,0.201978
1230,0.154102,0.117433,0.104769,0.105465,0.104046,0.098651,0.113551,0.201984
1231,0.154103,0.117432,0.104769,0.105463,0.104045,0.098650,0.113550,0.201989
1232,0.154105,0.117429,0.104772,0.105457,0.104040,0.098645,0.113547,0.202006
1233,0.154104,0.117431,0.104770,0.105460,0.104042,0.098647,0.113549,0.201997
1234,0.154106,0.117429,0.104772,0.105455,0.104038,0.098643,0.113547,0.202010
1235,0.154109,0.117425,0.104776,0.105446,0.104031,0.098635,0.113542,0.202036
1236,0.154106,0.117428,0.104772,0.105455,0.104038,0.098643,0.113546,0.202010
1237,0.154104,0.117431,0.104770,0.105461,0.104043,0.098648,0.113549,0.201995
1238,0.154104,0.117430,0.104771,0.105459,0.104042,0.098647,0.113548,0.201999
1239,0.154108,0.117426,0.104775,0.105449,0.104033,0.098637,0.113543,0.202029
1240,0.154105,0.117429,0.104772,0.105457,0.104039,0.098644,0.113547,0.202006
1241,0.154111,0.117423,0.104778,0.105442,0.104027,0.098631,0.113540,0.202048
1242,0.154104,0.117430,0.104771,0.105459,0.104041,0.098646,0.113548,0.202000
1243,0.154103,0.117432,0.104769,0.105464,0.104045,0.098651,0.113550,0.201986
1244,0.154108,0.117425,0.104775,0.105448,0.104032,0.098637,0.113543,0.202030
1245,0.154102,0.117433,0.104768,0.105467,0.104048,0.098653,0.113552,0.201978
1246,0.154102,0.117432,0.104769,0.105464,0.104046,0.098651,0.113550,0.201985
1247,0.154109,0.117425,0.104776,0.105446,0.104031,0.098635,0.113542,0.202036
1248,0.154104,0.117431,0.104770,0.105461,0.104043,0.098648,0.113549,0.201994
1249,0.154110,0.117423,0.104777,0.105444,0.104028,0.098633,0.113541,0.202044
1250,0.154102,0.117433,0.104768,0.105466,0.104047,0.098652,0.113551,0.201981
1251,0.154107,0.117427,0.104774,0.105451,0.104034,0.098639,0.113544,0.202023
1252,0.154107,0.117427,0.104774,0.105453,0.104036,0.098641,0.113545,0.202018
1253,0.154110,0.117424,0.104777,0.105444,0.104029,0.098633,0.113541,0.202043
1254,0.154102,0.117433,0.104768,0.105467,0.104048,0.098653,0.113551,0.201978
1255,0.154107,0.117427,0.104774,0.105452,0.104036,0.098640,0.113545,0.202019
1256,0.154109,0.117425,0.104776,0.105447,0.104031,0.098636,0.113543,0.202034
1257,0.154108,0.117426,0.104775,0.105449,0.104033,0.098637,0.113543,0.202029
1258,0.154108,0.117426,0.104775,0.105450,0.104034,0.098638,0.113544,0.202026
1259,0.154107,0.117427,0.104774,0.105451,0.104035,0.098639,0.113544,0.202023
1260,0.154108,0.117425,0.104776,0.105448,0.104032,0.098636,0.113543,0.202032
1261,0.154100,0.117435,0.104767,0.105470,0.104050,0.098656,0.113553,0.201970
1262,0.154108,0.117425,0.104776,0.105448,0.104032,0.098636,0.113543,0.202031
1263,0.154102,0.117433,0.104768,0.105466,0.104047,0.098653,0.113552,0.201979
1264,0.154102,0.117432,0.104769,0.105465,0.104046,0.098651,0.113551,0.201984
1265,0.154103,0.117431,0.104769,0.105463,0.104044,0.098649,0.113550,0.201990
1266,0.154102,0.117432,0.104769,0.105464,0.104046,0.098651,0.113551,0.201985
1267,0.154103,0.117431,0.104770,0.105462,0.104043,0.098649,0.113549,0.201993
1268,0.154105,0.117429,0.104771,0.105458,0.104040,0.098645,0.113548,0.202004
1269,0.154102,0.117432,0.104769,0.105465,0.104046,0.098651,0.113551,0.201984
1270,0.154101,0.117434,0.104767,0.105468,0.104049,0.098654,0.113552,0.201975
1271,0.154103,0.117431,0.104770,0.105462,0.104044,0.098649,0.113549,0.201991
1272,0.154102,0.117433,0.104768,0.105466,0.104047,0.098653,0.113551,0.201980
1273,0.154102,0.117433,0.104768,0.105465,0.104047,0.098652,0.113551,0.201982
1274,0.154103,0.117432,0.104769,0.105463,0.104045,0.098650,0.113550,0.201988
1275,0.154102,0.117433,0.104768,0.105466,0.104047,0.098652,0.113551,0.201981
1276,0.154102,0.117432,0.104769,0.105464,0.104046,0.098651,0.113551,0.201985
1277,0.154104,0.117430,0.104771,0.105459,0.104041,0.098646,0.113548,0.202000
1278,0.154104,0.117431,0.104770,0.105460,0.104042,0.098648,0.113549,0.201996
1279,0.154106,0.117428,0.104773,0.105455,0.104038,0.098643,0.113546,0.202011
1280,0.154107,0.117426,0.104775,0.105450,0.104034,0.098639,0.113544,0.202024
1281,0.154105,0.117430,0.104771,0.105458,0.104040,0.098645,0.113548,0.202003
1282,0.154107,0.117427,0.104774,0.105453,0.104036,0.098641,0.113545,0.202018
1283,0.154107,0.117427,0.104774,0.105451,0.104035,0.098639,0.113545,0.202022
1284,0.154108,0.117425,0.104775,0.105448,0.104032,0.098637,0.113543,0.202031
1285,0.154109,0.117425,0.104776,0.105446,0.104031,0.098635,0.113542,0.202035
1286,0.154109,0.117425,0.104776,0.105447,0.104031,0.098635,0.113542,0.202035
1287,0.154107,0.117427,0.104774,0.105452,0.104036,0.098640,0.113545,0.202019
1288,0.154105,0.117429,0.104772,0.105458,0.104040,0.098645,0.113547,0.202004
1289,0.154104,0.117430,0.104771,0.105459,0.104041,0.098646,0.113548,0.202001
1290,0.154103,0.117432,0.104769,0.105463,0.104045,0.098650,0.113550,0.201989
1291,0.154104,0.117430,0.104771,0.105460,0.104042,0.098647,0.113548,0.201998
1292,0.154104,0.117430,0.104771,0.105459,0.104041,0.098646,0.113548,0.202000
1293,0.154104,0.117430,0.104771,0.105460,0.104042,0.098647,0.113548,0.201997
1294,0.154102,0.117432,0.104769,0.105465,0.104046,0.098651,0.113550,0.201985
1295,0.154103,0.117432,0.104769,0.105463,0.104045,0.098650,0.113550,0.201989
1296,0.154103,0.117432,0.104769,0.105464,0.104045,0.098651,0.113550,0.201986
1297,0.154104,0.117430,0.104771,0.105459,0.104041,0.098646,0.113548,0.201999
1298,0.154107,0.117427,0.104774,0.105452,0.104035,0.098640,0.113545,0.202020
1299,0.154106,0.117428,0.104773,0.105454,0.104037,0.098642,0.113546,0.202015
1300,0.154108,0.117427,0.104775,0.105450,0.104034,0.098639,0.113544,0.202024
1301,0.154109,0.117424,0.104777,0.105445,0.104030,0.098634,0.113542,0.202038
1302,0.154108,0.117426,0.104775,0.105449,0.104033,0.098637,0.113543,0.202029
1303,0.154107,0.117426,0.104775,0.105450,0.104034,0.098639,0.113544,0.202024
1304,0.154108,0.117426,0.104775,0.105450,0.104034,0.098638,0.113544,0.202026
1305,0.154106,0.117428,0.104773,0.105455,0.104038,0.098643,0.113546,0.202012
1306,0.154105,0.117429,0.104772,0.105458,0.104040,0.098645,0.113547,0.202004
1307,0.154104,0.117430,0.104771,0.105459,0.104041,0.098646,0.113548,0.202000
1308,0.154103,0.117431,0.104770,0.105462,0.104044,0.098649,0.113549,0.201991
1309,0.154102,0.117433,0.104768,0.105466,0.104048,0.098653,0.113551,0.201980
1310,0.154099,0.117436,0.104765,0.105473,0.104053,0.098659,0.113554,0.201961
1311,0.154097,0.117439,0.104763,0.105479,0.104058,0.098664,0.113557,0.201943
1312,0.154098,0.117438,0.104763,0.105477,0.104057,0.098663,0.113556,0.201948
1313,0.154097,0.117438,0.104763,0.105478,0.104057,0.098663,0.113557,0.201946
1314,0.154099,0.117436,0.104765,0.105473,0.104053,0.098659,0.113555,0.201959
1315,0.154099,0.117436,0.104765,0.105474,0.104054,0.098660,0.113555,0.201957
1316,0.154098,0.117437,0.104764,0.105476,0.104055,0.098661,0.113556,0.201953
1317,0.154098,0.117437,0.104764,0.105476,0.104055,0.098661,0.113556,0.201953
1318,0.154098,0.117438,0.104763,0.105477,0.104057,0.098662,0.113556,0.201949
1319,0.154097,0.117438,0.104763,0.105479,0.104058,0.098663,0.113557,0.201945
1320,0.154099,0.117437,0.104764,0.105475,0.104054,0.098660,0.113555,0.201956
1321,0.154098,0.117437,0.104764,0.105476,0.104056,0.098661,0.113556,0.201952
1322,0.154098,0.117438,0.104763,0.105477,0.104057,0.098662,0.113556,0.201948
1323,0.154099,0.117436,0.104765,0.105474,0.104053,0.098659,0.113555,0.201959
1324,0.154097,0.117439,0.104762,0.105480,0.104058,0.098664,0.113557,0.201942
1325,0.154097,0.117439,0.104762,0.105480,0.104059,0.098665,0.113557,0.201942
1326,0.154097,0.117439,0.104762,0.105480,0.104059,0.098665,0.113558,0.201940
1327,0.154096,0.117440,0.104761,0.105482,0.104061,0.098667,0.113559,0.201935
1328,0.154097,0.117439,0.104762,0.105480,0.104059,0.098665,0.113558,0.201940
1329,0.154097,0.117438,0.104763,0.105479,0.104058,0.098664,0.113557,0.201944
1330,0.154097,0.117439,0.104763,0.105479,0.104058,0.098664,0.113557,0.201943
1331,0.154097,0.117439,0.104762,0.105480,0.104059,0.098664,0.113557,0.201942
1332,0.154097,0.117438,0.104763,0.105478,0.104057,0.098663,0.113557,0.201947
1333,0.154097,0.117439,0.104763,0.105479,0.104058,0.098664,0.113557,0.201944
1334,0.154098,0.117438,0.104763,0.105477,0.104056,0.098662,0.113556,0.201949
1335,0.154099,0.117436,0.104765,0.105474,0.104053,0.098659,0.113555,0.201959
1336,0.154098,0.117437,0.104764,0.105476,0.104055,0.098661,0.113556,0.201953
1337,0.154098,0.117437,0.104764,0.105476,0.104055,0.098661,0.113556,0.201953
1338,0.154098,0.117437,0.104764,0.105475,0.104055,0.098661,0.113556,0.201954
1339,0.154099,0.117436,0.104765,0.105473,0.104053,0.098658,0.113554,0.201961
1340,0.154098,0.117437,0.104764,0.105475,0.104055,0.098661,0.113556,0.201954
1341,0.154101,0.117434,0.104767,0.105469,0.104050,0.098655,0.113553,0.201971
1342,0.154101,0.117434,0.104767,0.105467,0.104048,0.098654,0.113552,0.201976
1343,0.154103,0.117432,0.104769,0.105464,0.104045,0.098650,0.113550,0.201987
1344,0.154103,0.117431,0.104770,0.105461,0.104043,0.098648,0.113549,0.201994
1345,0.154102,0.117433,0.104768,0.105466,0.104047,0.098653,0.113551,0.201980
1346,0.154103,0.117432,0.104769,0.105463,0.104044,0.098650,0.113550,0.201989
1347,0.154103,0.117431,0.104770,0.105462,0.104044,0.098649,0.113549,0.201992
1348,0.154104,0.117431,0.104770,0.105461,0.104043,0.098648,0.113549,0.201994
1349,0.154103,0.117432,0.104769,0.105463,0.104045,0.098650,0.113550,0.201988
1350,0.154103,0.117431,0.104770,0.105462,0.104044,0.098649,0.113549,0.201992
1351,0.154101,0.117433,0.104768,0.105467,0.104048,0.098653,0.113552,0.201978
1352,0.154100,0.117435,0.104766,0.105471,0.104051,0.098657,0.113553,0.201967
1353,0.154100,0.117435,0.104766,0.105470,0.104051,0.098656,0.113553,0.201968
1354,0.154099,0.117436,0.104765,0.105472,0.104052,0.098658,0.113554,0.201962
1355,0.154098,0.117437,0.104764,0.105476,0.104055,0.098661,0.113556,0.201953
1356,0.154098,0.117438,0.104763,0.105478,0.104057,0.098663,0.113557,0.201948
1357,0.154098,0.117437,0.104764,0.105476,0.104055,0.098661,0.113556,0.201952
1358,0.154099,0.117436,0.104765,0.105473,0.104053,0.098659,0.113555,0.201960
1359,0.154099,0.117436,0.104765,0.105473,0.104053,0.098658,0.113554,0.201961
1360,0.154098,0.117437,0.104764,0.105476,0.104055,0.098661,0.113556,0.201952
1361,0.154100,0.117435,0.104766,0.105472,0.104052,0.098657,0.113554,0.201965
1362,0.154102,0.117433,0.104768,0.105466,0.104047,0.098653,0.113551,0.201979
1363,0.154100,0.117435,0.104766,0.105472,0.104052,0.098657,0.113554,0.201965
1364,0.154100,0.117435,0.104766,0.105471,0.104051,0.098657,0.113554,0.201967
1365,0.154100,0.117435,0.104766,0.105470,0.104051,0.098656,0.113553,0.201968
1366,0.154101,0.117433,0.104768,0.105467,0.104048,0.098653,0.113552,0.201978
1367,0.154101,0.117434,0.104767,0.105468,0.104049,0.098654,0.113552,0.201974
1368,0.154099,0.117436,0.104765,0.105473,0.104053,0.098659,0.113555,0.201960
1369,0.154101,0.117434,0.104767,0.105469,0.104050,0.098655,0.113553,0.201971
1370,0.154101,0.117434,0.104767,0.105469,0.104049,0.098655,0.113553,0.201973
1371,0.154101,0.117434,0.104767,0.105469,0.104050,0.098655,0.113553,0.201972
1372,0.154101,0.117434,0.104767,0.105468,0.104049,0.098654,0.113552,0.201975
1373,0.154101,0.117434,0.104767,0.105469,0.104049,0.098655,0.113552,0.201973
1374,0.154101,0.117435,0.104767,0.105470,0.104050,0.098656,0.113553,0.201970
1375,0.154101,0.117433,0.104768,0.105467,0.104048,0.098653,0.113552,0.201977
1376,0.154100,0.117435,0.104766,0.105470,0.104051,0.098656,0.113553,0.201968
1377,0.154100,0.117435,0.104766,0.105471,0.104051,0.098656,0.113553,0.201967
1378,0.154103,0.117432,0.104769,0.105464,0.104045,0.098650,0.113550,0.201987
1379,0.154101,0.117433,0.104768,0.105467,0.104048,0.098654,0.113552,0.201977
1380,0.154101,0.117433,0.104768,0.105467,0.104048,0.098653,0.113552,0.201978
1381,0.154102,0.117432,0.104769,0.105464,0.104046,0.098651,0.113550,0.201986
1382,0.154100,0.117435,0.104766,0.105470,0.104051,0.098656,0.113553,0.201969
1383,0.154101,0.117434,0.104767,0.105469,0.104050,0.098655,0.113553,0.201971
1384,0.154099,0.117436,0.104765,0.105474,0.104054,0.098660,0.113555,0.201957
1385,0.154099,0.117436,0.104765,0.105474,0.104053,0.098659,0.113555,0.201959
1386,0.154099,0.117436,0.104765,0.105473,0.104053,0.098658,0.113554,0.201962
1387,0.154100,0.117435,0.104766,0.105470,0.104051,0.098656,0.113553,0.201969
1388,0.154098,0.117437,0.104764,0.105476,0.104055,0.098661,0.113556,0.201954
1389,0.154099,0.117436,0.104765,0.105474,0.104054,0.098659,0.113555,0.201959
1390,0.154098,0.117437,0.104764,0.105476,0.104056,0.098661,0.113556,0.201952
1391,0.154097,0.117438,0.104763,0.105479,0.104058,0.098664,0.113557,0.201945
1392,0.154098,0.117437,0.104764,0.105475,0.104055,0.098661,0.113555,0.201954
1393,0.154099,0.117436,0.104765,0.105473,0.104053,0.098659,0.113555,0.201960
1394,0.154101,0.117434,0.104767,0.105468,0.104049,0.098654,0.113552,0.201975
1395,0.154100,0.117435,0.104766,0.105471,0.104052,0.098657,0.113554,0.201966
1396,0.154099,0.117436,0.104765,0.105473,0.104053,0.098659,0.113554,0.201961
1397,0.154100,0.117435,0.104766,0.105471,0.104051,0.098656,0.113553,0.201968
1398,0.154100,0.117435,0.104766,0.105471,0.104051,0.098657,0.113553,0.201967
1399,0.154101,0.117434,0.104767,0.105469,0.104049,0.098655,0.113553,0.201972
1400,0.154101,0.117433,0.104768,0.105467,0.104048,0.098653,0.113552,0.201978
1401,0.154102,0.117433,0.104768,0.105467,0.104048,0.098653,0.113552,0.201979
1402,0.154102,0.117432,0.104769,0.105464,0.104046,0.098651,0.113551,0.201984
1403,0.154102,0.117432,0.104769,0.105465,0.104046,0.098651,0.113551,0.201984
1404,0.154102,0.117433,0.104768,0.105467,0.104048,0.098653,0.113552,0.201978
1405,0.154102,0.117433,0.104768,0.105466,0.104047,0.098652,0.113551,0.201980
1406,0.154101,0.117434,0.104767,0.105467,0.104048,0.098654,0.113552,0.201976
1407,0.154102,0.117432,0.104769,0.105465,0.104046,0.098651,0.113551,0.201984
1408,0.154104,0.117431,0.104770,0.105461,0.104043,0.098648,0.113549,0.201994
1409,0.154103,0.117431,0.104770,0.105462,0.104043,0.098649,0.113549,0.201993
1410,0.154103,0.117431,0.104770,0.105462,0.104044,0.098649,0.113549,0.201991
1411,0.154102,0.117433,0.104768,0.105466,0.104047,0.098652,0.113551,0.201981
1412,0.154101,0.117434,0.104767,0.105468,0.104049,0.098654,0.113552,0.201975
1413,0.154102,0.117433,0.104768,0.105466,0.104047,0.098652,0.113551,0.201980
1414,0.154103,0.117432,0.104769,0.105463,0.104045,0.098650,0.113550,0.201987
1415,0.154103,0.117431,0.104770,0.105462,0.104044,0.098649,0.113549,0.201993
1416,0.154105,0.117429,0.104772,0.105457,0.104040,0.098645,0.113547,0.202005
1417,0.154106,0.117428,0.104773,0.105454,0.104037,0.098642,0.113546,0.202013
1418,0.154105,0.117429,0.104772,0.105456,0.104039,0.098644,0.113547,0.202009
1419,0.154106,0.117428,0.104773,0.105454,0.104037,0.098642,0.113546,0.202013
1420,0.154108,0.117426,0.104775,0.105449,0.104033,0.098638,0.113544,0.202028
1421,0.154109,0.117425,0.104776,0.105446,0.104031,0.098635,0.113542,0.202036
1422,0.154109,0.117424,0.104776,0.105446,0.104031,0.098635,0.113542,0.202037
1423,0.154108,0.117425,0.104776,0.105448,0.104032,0.098637,0.113543,0.202031
1424,0.154107,0.117427,0.104774,0.105452,0.104036,0.098640,0.113545,0.202019
1425,0.154106,0.117428,0.104773,0.105455,0.104038,0.098642,0.113546,0.202013
1426,0.154105,0.117428,0.104772,0.105456,0.104039,0.098643,0.113547,0.202009
1427,0.154105,0.117429,0.104772,0.105457,0.104040,0.098645,0.113547,0.202005
1428,0.154105,0.117429,0.104772,0.105456,0.104039,0.098643,0.113547,0.202009
1429,0.154103,0.117431,0.104770,0.105462,0.104044,0.098649,0.113549,0.201991
1430,0.154104,0.117431,0.104770,0.105461,0.104043,0.098648,0.113549,0.201995
1431,0.154103,0.117431,0.104770,0.105462,0.104044,0.098649,0.113550,0.201991
1432,0.154104,0.117431,0.104770,0.105461,0.104043,0.098648,0.113549,0.201995
1433,0.154105,0.117429,0.104772,0.105457,0.104040,0.098645,0.113547,0.202005
1434,0.154105,0.117429,0.104772,0.105456,0.104039,0.098644,0.113547,0.202008
1435,0.154108,0.117425,0.104775,0.105448,0.104032,0.098637,0.113543,0.202030
1436,0.154106,0.117427,0.104773,0.105453,0.104036,0.098641,0.113545,0.202017
1437,0.154107,0.117427,0.104774,0.105452,0.104036,0.098640,0.113545,0.202019
1438,0.154107,0.117427,0.104774,0.105451,0.104034,0.098639,0.113545,0.202023
1439,0.154109,0.117424,0.104776,0.105446,0.104030,0.098635,0.113542,0.202037
1440,0.154110,0.117423,0.104778,0.105443,0.104028,0.098632,0.113541,0.202045
1441,0.154110,0.117424,0.104777,0.105444,0.104029,0.098633,0.113541,0.202041
1442,0.154107,0.117426,0.104775,0.105450,0.104034,0.098639,0.113544,0.202024
1443,0.154107,0.117427,0.104773,0.105453,0.104036,0.098641,0.113545,0.202017
1444,0.154107,0.117427,0.104774,0.105452,0.104036,0.098640,0.113545,0.202019
1445,0.154105,0.117429,0.104772,0.105457,0.104039,0.098644,0.113547,0.202007
1446,0.154106,0.117428,0.104773,0.105455,0.104038,0.098643,0.113546,0.202011
1447,0.154103,0.117431,0.104769,0.105463,0.104044,0.098649,0.113550,0.201990
1448,0.154102,0.117432,0.104769,0.105465,0.104046,0.098651,0.113551,0.201984
1449,0.154102,0.117432,0.104769,0.105464,0.104046,0.098651,0.113550,0.201985
1450,0.154100,0.117435,0.104766,0.105470,0.104051,0.098656,0.113553,0.201969
1451,0.154101,0.117434,0.104767,0.105468,0.104049,0.098655,0.113552,0.201974
1452,0.154102,0.117433,0.104768,0.105466,0.104047,0.098653,0.113551,0.201980
1453,0.154101,0.117434,0.104767,0.105469,0.104050,0.098655,0.113553,0.201971
1454,0.154102,0.117433,0.104768,0.105465,0.104047,0.098652,0.113551,0.201982
1455,0.154103,0.117431,0.104770,0.105462,0.104043,0.098649,0.113549,0.201992
1456,0.154106,0.117428,0.104773,0.105455,0.104038,0.098643,0.113546,0.202011
1457,0.154108,0.117426,0.104775,0.105450,0.104034,0.098638,0.113544,0.202025
1458,0.154108,0.117426,0.104775,0.105449,0.104033,0.098638,0.113544,0.202027
1459,0.154109,0.117425,0.104776,0.105447,0.104031,0.098636,0.113543,0.202033
1460,0.154111,0.117423,0.104778,0.105441,0.104027,0.098631,0.113540,0.202049
1461,0.154110,0.117423,0.104778,0.105443,0.104028,0.098632,0.113541,0.202046
1462,0.154110,0.117423,0.104778,0.105443,0.104028,0.098632,0.113541,0.202045
1463,0.154111,0.117422,0.104779,0.105440,0.104025,0.098630,0.113540,0.202053
1464,0.154113,0.117420,0.104781,0.105435,0.104022,0.098625,0.113537,0.202067
1465,0.154113,0.117420,0.104780,0.105436,0.104022,0.098626,0.113538,0.202064
1466,0.154112,0.117421,0.104779,0.105439,0.104024,0.098628,0.113539,0.202058
1467,0.154112,0.117421,0.104779,0.105439,0.104024,0.098629,0.113539,0.202057
1468,0.154111,0.117422,0.104779,0.105440,0.104025,0.098630,0.113540,0.202054
1469,0.154113,0.117419,0.104781,0.105434,0.104021,0.098624,0.113537,0.202070
1470,0.154114,0.117419,0.104782,0.105433,0.104020,0.098624,0.113536,0.202072
1471,0.154113,0.117420,0.104781,0.105435,0.104021,0.098625,0.113537,0.202069
1472,0.154114,0.117419,0.104782,0.105433,0.104020,0.098623,0.113536,0.202073
1473,0.154114,0.117419,0.104782,0.105433,0.104020,0.098624,0.113536,0.202073
1474,0.154113,0.117419,0.104781,0.105434,0.104021,0.098624,0.113537,0.202070
1475,0.154114,0.117418,0.104782,0.105432,0.104019,0.098622,0.113536,0.202076
1476,0.154115,0.117418,0.104783,0.105431,0.104018,0.098621,0.113535,0.202080
1477,0.154114,0.117418,0.104782,0.105431,0.104018,0.098622,0.113536,0.202078
1478,0.154115,0.117418,0.104783,0.105431,0.104018,0.098621,0.113535,0.202080
1479,0.154114,0.117419,0.104782,0.105432,0.104019,0.098623,0.113536,0.202075
1480,0.154114,0.117418,0.104782,0.105431,0.104018,0.098622,0.113535,0.202078
1481,0.154115,0.117418,0.104783,0.105430,0.104017,0.098621,0.113535,0.202081
1482,0.154114,0.117418,0.104782,0.105431,0.104018,0.098622,0.113536,0.202078
1483,0.154114,0.117419,0.104782,0.105432,0.104019,0.098623,0.113536,0.202076
1484,0.154114,0.117419,0.104782,0.105433,0.104019,0.098623,0.113536,0.202074
1485,0.154113,0.117420,0.104781,0.105434,0.104021,0.098625,0.113537,0.202069
1486,0.154113,0.117420,0.104780,0.105436,0.104022,0.098626,0.113538,0.202064
1487,0.154113,0.117420,0.104780,0.105436,0.104022,0.098626,0.113538,0.202064
1488,0.154111,0.117422,0.104779,0.105440,0.104025,0.098629,0.113539,0.202055
1489,0.154111,0.117422,0.104779,0.105440,0.104026,0.098630,0.113540,0.202053
1490,0.154110,0.117423,0.104778,0.105442,0.104027,0.098631,0.113540,0.202047
1491,0.154112,0.117421,0.104779,0.105439,0.104024,0.098628,0.113539,0.202057
1492,0.154112,0.117421,0.104780,0.105437,0.104023,0.098627,0.113538,0.202062
1493,0.154113,0.117420,0.104781,0.105435,0.104022,0.098625,0.113537,0.202067
1494,0.154112,0.117421,0.104780,0.105437,0.104023,0.098627,0.113538,0.202062
1495,0.154111,0.117422,0.104778,0.105441,0.104027,0.098631,0.113540,0.202050
1496,0.154110,0.117423,0.104778,0.105443,0.104028,0.098632,0.113541,0.202046
1497,0.154107,0.117426,0.104774,0.105451,0.104034,0.098639,0.113544,0.202024
1498,0.154107,0.117426,0.104774,0.105451,0.104035,0.098639,0.113544,0.202023
1499,0.154105,0.117429,0.104772,0.105456,0.104039,0.098643,0.113547,0.202009
1500,0.154104,0.117430,0.104771,0.105459,0.104042,0.098646,0.113548,0.202000
1501,0.154098,0.117437,0.104764,0.105477,0.104056,0.098662,0.113556,0.201951
1502,0.154098,0.117437,0.104764,0.105476,0.104055,0.098661,0.113556,0.201952
1503,0.154099,0.117436,0.104765,0.105472,0.104052,0.098658,0.113554,0.201963
1504,0.154098,0.117437,0.104764,0.105476,0.104056,0.098662,0.113556,0.201951
1505,0.154100,0.117435,0.104766,0.105472,0.104052,0.098658,0.113554,0.201963
1506,0.154099,0.117436,0.104765,0.105473,0.104053,0.098658,0.113554,0.201962
1507,0.154101,0.117434,0.104767,0.105469,0.104049,0.098655,0.113552,0.201973
1508,0.154101,0.117435,0.104767,0.105469,0.104050,0.098656,0.113553,0.201971
1509,0.154102,0.117433,0.104768,0.105466,0.104047,0.098653,0.113552,0.201979
1510,0.154104,0.117431,0.104770,0.105461,0.104043,0.098648,0.113549,0.201994
1511,0.154105,0.117429,0.104772,0.105457,0.104039,0.098644,0.113547,0.202006
1512,0.154107,0.117427,0.104774,0.105453,0.104036,0.098641,0.113545,0.202018
1513,0.154106,0.117429,0.104772,0.105455,0.104038,0.098643,0.113547,0.202010
1514,0.154103,0.117431,0.104770,0.105462,0.104044,0.098649,0.113549,0.201992
1515,0.154109,0.117425,0.104776,0.105446,0.104030,0.098635,0.113542,0.202037
1516,0.154109,0.117425,0.104776,0.105447,0.104031,0.098636,0.113543,0.202034
1517,0.154108,0.117425,0.104775,0.105448,0.104032,0.098637,0.113543,0.202031
1518,0.154108,0.117426,0.104775,0.105450,0.104034,0.098638,0.113544,0.202025
1519,0.154107,0.117426,0.104774,0.105451,0.104034,0.098639,0.113544,0.202024
1520,0.154107,0.117427,0.104774,0.105451,0.104035,0.098639,0.113545,0.202022
1521,0.154107,0.117426,0.104774,0.105451,0.104035,0.098639,0.113544,0.202023
1522,0.154106,0.117428,0.104773,0.105455,0.104038,0.098642,0.113546,0.202013
1523,0.154106,0.117428,0.104773,0.105455,0.104038,0.098643,0.113546,0.202010
1524,0.154104,0.117430,0.104771,0.105459,0.104041,0.098646,0.113548,0.202000
1525,0.154103,0.117431,0.104770,0.105462,0.104044,0.098649,0.113550,0.201991
1526,0.154103,0.117431,0.104770,0.105462,0.104044,0.098649,0.113549,0.201992
1527,0.154101,0.117434,0.104767,0.105469,0.104049,0.098655,0.113552,0.201974
1528,0.154101,0.117434,0.104767,0.105469,0.104050,0.098655,0.113553,0.201972
1529,0.154102,0.117433,0.104768,0.105466,0.104047,0.098653,0.113551,0.201979
1530,0.154103,0.117432,0.104769,0.105463,0.104044,0.098650,0.113550,0.201989
1531,0.154100,0.117435,0.104766,0.105472,0.104052,0.098657,0.113554,0.201965
1532,0.154105,0.117430,0.104771,0.105458,0.104041,0.098646,0.113548,0.202002
1533,0.154098,0.117437,0.104764,0.105476,0.104055,0.098661,0.113555,0.201953
1534,0.154105,0.117429,0.104772,0.105457,0.104039,0.098644,0.113547,0.202007
1535,0.154105,0.117429,0.104772,0.105457,0.104040,0.098644,0.113547,0.202006
1536,0.154106,0.117428,0.104773,0.105455,0.104038,0.098643,0.113546,0.202011
1537,0.154107,0.117427,0.104774,0.105451,0.104035,0.098640,0.113545,0.202021
1538,0.154109,0.117425,0.104776,0.105447,0.104031,0.098636,0.113543,0.202034
1539,0.154109,0.117424,0.104776,0.105446,0.104030,0.098635,0.113542,0.202037
1540,0.154107,0.117427,0.104774,0.105452,0.104035,0.098640,0.113545,0.202021
1541,0.154107,0.117426,0.104775,0.105450,0.104034,0.098639,0.113544,0.202024
1542,0.154111,0.117423,0.104778,0.105442,0.104027,0.098631,0.113540,0.202049
1543,0.154112,0.117422,0.104779,0.105439,0.104025,0.098629,0.113539,0.202056
1544,0.154111,0.117422,0.104779,0.105439,0.104025,0.098629,0.113539,0.202056
1545,0.154110,0.117423,0.104777,0.105444,0.104029,0.098633,0.113541,0.202043
1546,0.154111,0.117423,0.104778,0.105442,0.104027,0.098631,0.113540,0.202048
1547,0.154110,0.117423,0.104777,0.105444,0.104029,0.098633,0.113541,0.202043
1548,0.154110,0.117424,0.104777,0.105444,0.104029,0.098633,0.113541,0.202042
1549,0.154108,0.117426,0.104775,0.105450,0.104034,0.098638,0.113544,0.202025
1550,0.154109,0.117424,0.104777,0.105446,0.104030,0.098634,0.113542,0.202038
1551,0.154107,0.117427,0.104774,0.105453,0.104036,0.098641,0.113545,0.202018
1552,0.154105,0.117429,0.104772,0.105457,0.104039,0.098644,0.113547,0.202007
1553,0.154102,0.117433,0.104768,0.105467,0.104048,0.098653,0.113551,0.201979
1554,0.154102,0.117433,0.104768,0.105465,0.104047,0.098652,0.113551,0.201982
1555,0.154106,0.117428,0.104773,0.105454,0.104037,0.098641,0.113546,0.202016
1556,0.154107,0.117427,0.104774,0.105452,0.104036,0.098640,0.113545,0.202019
1557,0.154105,0.117429,0.104772,0.105456,0.104039,0.098644,0.113547,0.202008
1558,0.154104,0.117431,0.104770,0.105460,0.104042,0.098647,0.113549,0.201997
1559,0.154103,0.117431,0.104770,0.105461,0.104043,0.098648,0.113549,0.201993
1560,0.154105,0.117429,0.104772,0.105457,0.104040,0.098645,0.113547,0.202005
1561,0.154105,0.117429,0.104772,0.105457,0.104040,0.098645,0.113547,0.202005
1562,0.154103,0.117432,0.104769,0.105463,0.104045,0.098650,0.113550,0.201988
1563,0.154105,0.117429,0.104772,0.105457,0.104040,0.098645,0.113548,0.202004
1564,0.154108,0.117425,0.104775,0.105448,0.104032,0.098637,0.113543,0.202031
1565,0.154104,0.117430,0.104771,0.105460,0.104042,0.098647,0.113548,0.201999
1566,0.154101,0.117434,0.104767,0.105469,0.104050,0.098655,0.113553,0.201972
1567,0.154103,0.117431,0.104770,0.105463,0.104044,0.098649,0.113550,0.201990
1568,0.154100,0.117434,0.104767,0.105470,0.104050,0.098656,0.113553,0.201970
1569,0.154101,0.117434,0.104767,0.105468,0.104049,0.098655,0.113552,0.201974
1570,0.154100,0.117435,0.104766,0.105471,0.104051,0.098657,0.113554,0.201967
1571,0.154101,0.117434,0.104767,0.105468,0.104049,0.098654,0.113552,0.201974
1572,0.154105,0.117430,0.104771,0.105458,0.104041,0.098646,0.113548,0.202002
1573,0.154103,0.117431,0.104770,0.105462,0.104044,0.098649,0.113550,0.201991
1574,0.154101,0.117434,0.104767,0.105467,0.104048,0.098654,0.113552,0.201977
1575,0.154102,0.117433,0.104768,0.105466,0.104047,0.098652,0.113551,0.201981
1576,0.154102,0.117432,0.104768,0.105465,0.104047,0.098652,0.113551,0.201983
1577,0.154100,0.117436,0.104765,0.105472,0.104052,0.098658,0.113554,0.201963
1578,0.154101,0.117434,0.104767,0.105469,0.104049,0.098655,0.113552,0.201973
1579,0.154101,0.117434,0.104767,0.105469,0.104050,0.098655,0.113553,0.201971
1580,0.154101,0.117434,0.104767,0.105469,0.104050,0.098655,0.113553,0.201971
1581,0.154100,0.117435,0.104766,0.105470,0.104051,0.098656,0.113553,0.201969
1582,0.154098,0.117438,0.104763,0.105477,0.104056,0.098662,0.113556,0.201949
1583,0.154098,0.117438,0.104763,0.105478,0.104057,0.098663,0.113557,0.201947
1584,0.154097,0.117438,0.104763,0.105478,0.104057,0.098663,0.113557,0.201945
1585,0.154097,0.117438,0.104763,0.105478,0.104057,0.098663,0.113557,0.201947
1586,0.154100,0.117435,0.104767,0.105470,0.104050,0.098656,0.113553,0.201970
1587,0.154103,0.117432,0.104769,0.105463,0.104044,0.098650,0.113550,0.201989
1588,0.154104,0.117431,0.104770,0.105461,0.104043,0.098648,0.113549,0.201994
1589,0.154103,0.117431,0.104770,0.105462,0.104044,0.098649,0.113550,0.201991
1590,0.154103,0.117431,0.104770,0.105462,0.104043,0.098649,0.113549,0.201992
1591,0.154105,0.117430,0.104771,0.105458,0.104041,0.098646,0.113548,0.202002
1592,0.154103,0.117431,0.104770,0.105462,0.104044,0.098649,0.113550,0.201992
1593,0.154103,0.117432,0.104769,0.105463,0.104045,0.098650,0.113550,0.201988
1594,0.154103,0.117431,0.104770,0.105461,0.104043,0.098648,0.113549,0.201993
1595,0.154106,0.117428,0.104773,0.105454,0.104037,0.098642,0.113546,0.202015
1596,0.154105,0.117429,0.104772,0.105456,0.104039,0.098644,0.113547,0.202008
1597,0.154102,0.117432,0.104769,0.105465,0.104046,0.098651,0.113551,0.201984
1598,0.154099,0.117436,0.104765,0.105473,0.104053,0.098658,0.113554,0.201962
1599,0.154102,0.117432,0.104769,0.105464,0.104046,0.098651,0.113550,0.201985
1600,0.154101,0.117434,0.104767,0.105468,0.104049,0.098655,0.113552,0.201973
1601,0.154099,0.117436,0.104765,0.105473,0.104053,0.098659,0.113555,0.201960
1602,0.154099,0.117436,0.104765,0.105473,0.104053,0.098658,0.113554,0.201961
1603,0.154100,0.117435,0.104766,0.105472,0.104052,0.098657,0.113554,0.201964
1604,0.154099,0.117436,0.104765,0.105473,0.104053,0.098658,0.113554,0.201962
1605,0.154100,0.117435,0.104766,0.105472,0.104052,0.098658,0.113554,0.201963
1606,0.154097,0.117438,0.104763,0.105479,0.104058,0.098664,0.113557,0.201944
1607,0.154098,0.117437,0.104764,0.105476,0.104055,0.098661,0.113556,0.201953
1608,0.154099,0.117436,0.104765,0.105474,0.104054,0.098659,0.113555,0.201958
1609,0.154097,0.117438,0.104763,0.105479,0.104058,0.098664,0.113557,0.201944
1610,0.154096,0.117439,0.104762,0.105481,0.104060,0.098666,0.113558,0.201937
1611,0.154095,0.117440,0.104761,0.105484,0.104062,0.098668,0.113559,0.201931
1612,0.154095,0.117441,0.104760,0.105485,0.104062,0.098669,0.113560,0.201929
1613,0.154096,0.117440,0.104761,0.105483,0.104062,0.098668,0.113559,0.201932
1614,0.154098,0.117437,0.104764,0.105477,0.104056,0.098662,0.113556,0.201950
1615,0.154098,0.117438,0.104763,0.105478,0.104057,0.098663,0.113557,0.201947
1616,0.154098,0.117437,0.104764,0.105476,0.104055,0.098661,0.113556,0.201952
1617,0.154099,0.117436,0.104765,0.105474,0.104053,0.098659,0.113555,0.201959
1618,0.154101,0.117434,0.104767,0.105468,0.104049,0.098655,0.113552,0.201974
1619,0.154103,0.117432,0.104769,0.105464,0.104045,0.098651,0.113550,0.201986
1620,0.154105,0.117429,0.104772,0.105456,0.104039,0.098644,0.113547,0.202007
1621,0.154107,0.117427,0.104774,0.105451,0.104035,0.098640,0.113545,0.202021
1622,0.154109,0.117425,0.104776,0.105446,0.104030,0.098635,0.113542,0.202037
1623,0.154112,0.117421,0.104779,0.105438,0.104024,0.098628,0.113539,0.202058
1624,0.154113,0.117420,0.104781,0.105434,0.104021,0.098625,0.113537,0.202069
1625,0.154111,0.117422,0.104779,0.105440,0.104026,0.098630,0.113540,0.202052
1626,0.154113,0.117420,0.104781,0.105436,0.104022,0.098626,0.113538,0.202066
1627,0.154114,0.117419,0.104782,0.105433,0.104020,0.098624,0.113537,0.202072
1628,0.154115,0.117417,0.104783,0.105429,0.104016,0.098620,0.113535,0.202085
1629,0.154113,0.117420,0.104781,0.105435,0.104021,0.098625,0.113537,0.202068
1630,0.154112,0.117421,0.104779,0.105439,0.104024,0.098628,0.113539,0.202057
1631,0.154113,0.117420,0.104781,0.105434,0.104021,0.098625,0.113537,0.202069
1632,0.154111,0.117422,0.104779,0.105440,0.104026,0.098630,0.113540,0.202053
1633,0.154108,0.117426,0.104775,0.105449,0.104033,0.098637,0.113543,0.202029
1634,0.154105,0.117429,0.104772,0.105457,0.104040,0.098645,0.113547,0.202005
1635,0.154106,0.117428,0.104773,0.105454,0.104037,0.098641,0.113546,0.202015
1636,0.154105,0.117429,0.104772,0.105457,0.104040,0.098645,0.113547,0.202005
1637,0.154103,0.117432,0.104769,0.105463,0.104045,0.098650,0.113550,0.201989
1638,0.154098,0.117437,0.104764,0.105475,0.104055,0.098661,0.113555,0.201955
1639,0.154101,0.117434,0.104767,0.105470,0.104050,0.098655,0.113553,0.201971
1640,0.154102,0.117432,0.104768,0.105465,0.104047,0.098652,0.113551,0.201983
1641,0.154098,0.117437,0.104764,0.105476,0.104055,0.098661,0.113556,0.201954
1642,0.154100,0.117436,0.104766,0.105472,0.104052,0.098658,0.113554,0.201964
1643,0.154100,0.117436,0.104766,0.105472,0.104052,0.098658,0.113554,0.201964
1644,0.154100,0.117435,0.104766,0.105470,0.104051,0.098656,0.113553,0.201969
1645,0.154101,0.117433,0.104768,0.105467,0.104048,0.098653,0.113552,0.201978
1646,0.154100,0.117435,0.104767,0.105470,0.104050,0.098656,0.113553,0.201970
1647,0.154100,0.117436,0.104766,0.105472,0.104052,0.098658,0.113554,0.201963
1648,0.154102,0.117433,0.104769,0.105465,0.104046,0.098651,0.113551,0.201984
1649,0.154103,0.117432,0.104769,0.105464,0.104045,0.098651,0.113550,0.201986
1650,0.154103,0.117432,0.104769,0.105463,0.104044,0.098650,0.113550,0.201990
1651,0.154104,0.117431,0.104770,0.105461,0.104043,0.098648,0.113549,0.201995
1652,0.154100,0.117436,0.104765,0.105472,0.104052,0.098658,0.113554,0.201963
1653,0.154102,0.117433,0.104768,0.105466,0.104047,0.098652,0.113551,0.201981
1654,0.154103,0.117432,0.104769,0.105464,0.104045,0.098651,0.113550,0.201986
1655,0.154102,0.117433,0.104768,0.105466,0.104047,0.098653,0.113551,0.201979
1656,0.154101,0.117433,0.104768,0.105467,0.104048,0.098654,0.113552,0.201977
1657,0.154102,0.117432,0.104769,0.105464,0.104046,0.098651,0.113550,0.201986
1658,0.154101,0.117434,0.104767,0.105468,0.104049,0.098655,0.113552,0.201974
1659,0.154101,0.117434,0.104767,0.105468,0.104049,0.098654,0.113552,0.201975
1660,0.154101,0.117434,0.104767,0.105469,0.104049,0.098655,0.113552,0.201973
1661,0.154103,0.117432,0.104769,0.105463,0.104044,0.098650,0.113550,0.201989
1662,0.154105,0.117429,0.104772,0.105457,0.104040,0.098645,0.113547,0.202006
1663,0.154103,0.117431,0.104770,0.105462,0.104044,0.098649,0.113550,0.201992
1664,0.154103,0.117432,0.104769,0.105463,0.104045,0.098650,0.113550,0.201988
1665,0.154105,0.117430,0.104772,0.105458,0.104040,0.098645,0.113548,0.202004
1666,0.154105,0.117429,0.104772,0.105457,0.104039,0.098644,0.113547,0.202006
1667,0.154105,0.117429,0.104772,0.105457,0.104040,0.098645,0.113547,0.202005
1668,0.154105,0.117429,0.104772,0.105457,0.104040,0.098645,0.113547,0.202005
1669,0.154107,0.117427,0.104774,0.105452,0.104036,0.098640,0.113545,0.202020
1670,0.154105,0.117429,0.104772,0.105457,0.104040,0.098644,0.113547,0.202006
1671,0.154102,0.117432,0.104769,0.105464,0.104046,0.098651,0.113550,0.201985
1672,0.154101,0.117434,0.104767,0.105468,0.104049,0.098655,0.113552,0.201974
1673,0.154102,0.117432,0.104769,0.105464,0.104046,0.098651,0.113550,0.201986
1674,0.154103,0.117431,0.104770,0.105462,0.104044,0.098648,0.113549,0.201993
1675,0.154104,0.117430,0.104771,0.105460,0.104042,0.098647,0.113549,0.201997
1676,0.154103,0.117432,0.104769,0.105463,0.104044,0.098650,0.113550,0.201989
1677,0.154102,0.117432,0.104769,0.105464,0.104046,0.098651,0.113551,0.201984
1678,0.154103,0.117431,0.104770,0.105462,0.104044,0.098649,0.113550,0.201991
1679,0.154103,0.117432,0.104769,0.105463,0.104045,0.098650,0.113550,0.201988
1680,0.154103,0.117432,0.104769,0.105463,0.104044,0.098649,0.113550,0.201990
1681,0.154102,0.117433,0.104768,0.105466,0.104047,0.098653,0.113551,0.201980
1682,0.154102,0.117433,0.104768,0.105466,0.104047,0.098653,0.113551,0.201980
1683,0.154101,0.117434,0.104767,0.105468,0.104048,0.098654,0.113552,0.201976
1684,0.154105,0.117429,0.104771,0.105458,0.104041,0.098645,0.113548,0.202003
1685,0.154101,0.117434,0.104767,0.105469,0.104050,0.098655,0.113552,0.201973
1686,0.154099,0.117436,0.104765,0.105473,0.104053,0.098659,0.113555,0.201960
1687,0.154100,0.117435,0.104766,0.105471,0.104051,0.098657,0.113554,0.201966
1688,0.154099,0.117436,0.104765,0.105473,0.104053,0.098659,0.113554,0.201961
1689,0.154102,0.117433,0.104768,0.105466,0.104047,0.098653,0.113551,0.201980
1690,0.154100,0.117435,0.104766,0.105470,0.104050,0.098656,0.113553,0.201969
1691,0.154102,0.117433,0.104768,0.105465,0.104047,0.098652,0.113551,0.201981
1692,0.154102,0.117433,0.104768,0.105466,0.104047,0.098652,0.113551,0.201981
1693,0.154103,0.117432,0.104769,0.105463,0.104045,0.098650,0.113550,0.201988
1694,0.154100,0.117435,0.104766,0.105470,0.104051,0.098657,0.113553,0.201967
1695,0.154103,0.117432,0.104769,0.105463,0.104045,0.098650,0.113550,0.201988
1696,0.154102,0.117433,0.104768,0.105465,0.104046,0.098652,0.113551,0.201983
1697,0.154104,0.117431,0.104770,0.105461,0.104043,0.098648,0.113549,0.201994
1698,0.154106,0.117428,0.104773,0.105455,0.104038,0.098643,0.113546,0.202011
1699,0.154102,0.117433,0.104768,0.105466,0.104047,0.098653,0.113551,0.201980
1700,0.154104,0.117431,0.104770,0.105461,0.104043,0.098648,0.113549,0.201994
1701,0.154103,0.117431,0.104770,0.105462,0.104044,0.098649,0.113549,0.201992
1702,0.154105,0.117430,0.104771,0.105458,0.104041,0.098646,0.113548,0.202002
1703,0.154105,0.117429,0.104772,0.105457,0.104040,0.098645,0.113547,0.202005
1704,0.154106,0.117428,0.104773,0.105454,0.104037,0.098642,0.113546,0.202014
1705,0.154105,0.117429,0.104772,0.105457,0.104039,0.098644,0.113547,0.202006
1706,0.154106,0.117429,0.104772,0.105456,0.104039,0.098643,0.113547,0.202009
1707,0.154104,0.117430,0.104771,0.105460,0.104042,0.098647,0.113548,0.201998
1708,0.154103,0.117431,0.104770,0.105462,0.104044,0.098649,0.113550,0.201991
1709,0.154104,0.117431,0.104770,0.105461,0.104043,0.098648,0.113549,0.201994
1710,0.154101,0.117434,0.104767,0.105468,0.104049,0.098654,0.113552,0.201975
1711,0.154100,0.117435,0.104766,0.105472,0.104052,0.098657,0.113554,0.201965
1712,0.154101,0.117434,0.104767,0.105468,0.104049,0.098654,0.113552,0.201975
1713,0.154099,0.117436,0.104765,0.105473,0.104053,0.098658,0.113554,0.201961
1714,0.154100,0.117434,0.104767,0.105470,0.104050,0.098656,0.113553,0.201970
1715,0.154100,0.117435,0.104766,0.105471,0.104051,0.098657,0.113554,0.201966
1716,0.154103,0.117432,0.104770,0.105462,0.104044,0.098649,0.113550,0.201991
1717,0.154105,0.117429,0.104772,0.105456,0.104039,0.098644,0.113547,0.202007
1718,0.154108,0.117427,0.104775,0.105450,0.104034,0.098639,0.113544,0.202025
