frame,p0,p1,p2,p3,p4,p5,p6,p7
0,0.121162,0.125874,0.103043,0.090535,0.099960,0.100757,0.129646,0.229024
1,0.152177,0.084325,0.084915,0.094330,0.076098,0.078273,0.091484,0.338399
2,0.152177,0.084325,0.084915,0.094330,0.076098,0.078273,0.091484,0.338399
3,0.152177,0.084325,0.084915,0.094330,0.076098,0.078273,0.091484,0.338399
4,0.152177,0.084325,0.084915,0.094330,0.076098,0.078273,0.091484,0.338399
5,0.152177,0.084325,0.084915,0.094330,0.076098,0.078273,0.091484,0.338399
6,0.152177,0.084325,0.084915,0.094330,0.076098,0.078273,0.091484,0.338399
7,0.152177,0.084325,0.084915,0.094330,0.076098,0.078273,0.091484,0.338399
8,0.152177,0.084325,0.084915,0.094330,0.076098,0.078273,0.091484,0.338399
9,0.152177,0.084325,0.084915,0.094330,0.076098,0.078273,0.091484,0.338399
10,0.152177,0.084325,0.084915,0.094330,0.076098,0.078273,0.091484,0.338399
11,0.152177,0.084325,0.084915,0.094330,0.076098,0.078273,0.091484,0.338399
12,0.152177,0.084325,0.084915,0.094330,0.076098,0.078273,0.091484,0.338399
13,0.152177,0.084325,0.084915,0.094330,0.076098,0.078273,0.091484,0.338399
14,0.152177,0.084325,0.084915,0.094330,0.076098,0.078273,0.091484,0.338399
15,0.152177,0.084325,0.084915,0.094330,0.076098,0.078273,0.091484,0.338399
16,0.152177,0.084325,0.084915,0.094330,0.076098,0.078273,0.091484,0.338399
17,0.152177,0.084325,0.084915,0.094330,0.076098,0.078273,0.091484,0.338399
18,0.152177,0.084325,0.084915,0.094330,0.076098,0.078273,0.091484,0.338399
19,0.152177,0.084325,0.084915,0.094330,0.076098,0.078273,0.091484,0.338399
20,0.152177,0.084325,0.084915,0.094330,0.076098,0.078273,0.091484,0.338399
21,0.152177,0.084325,0.084915,0.094330,0.076098,0.078273,0.091484,0.338399
22,0.152177,0.084325,0.084915,0.094330,0.076098,0.078273,0.091484,0.338399
23,0.152177,0.084325,0.084915,0.094330,0.076098,0.078273,0.091484,0.338399
24,0.152177,0.084325,0.084915,0.094330,0.076098,0.078273,0.091484,0.338399
25,0.152177,0.084325,0.084915,0.094330,0.076098,0.078273,0.091484,0.338399
26,0.152177,0.084325,0.084915,0.094330,0.076098,0.078273,0.091484,0.338399
27,0.152177,0.084325,0.084915,0.094330,0.076098,0.078273,0.091484,0.338399
28,0.134149,0.114430,0.100240,0.102852,0.105530,0.099260,0.118245,0.225295
29,0.126196,0.118508,0.102057,0.101968,0.104604,0.099263,0.118223,0.229182
30,0.125809,0.119296,0.102608,0.101678,0.104432,0.099349,0.118263,0.228566
31,0.125516,0.123016,0.101369,0.093562,0.100695,0.100440,0.126518,0.228884
32,0.118763,0.120977,0.101313,0.096153,0.102201,0.099718,0.125936,0.234939
33,0.119808,0.119709,0.101543,0.093349,0.100835,0.101734,0.131367,0.231655
34,0.116806,0.116150,0.100180,0.097484,0.102242,0.100428,0.128881,0.237828
35,0.118299,0.117997,0.101040,0.096291,0.102237,0.100567,0.128904,0.234664
36,0.117871,0.121742,0.101645,0.093754,0.102249,0.101500,0.130833,0.230406
37,0.117477,0.120725,0.100561,0.091477,0.099898,0.101866,0.134263,0.233733
38,0.119326,0.119094,0.101005,0.096671,0.102533,0.100307,0.127876,0.233189
39,0.118753,0.122754,0.101807,0.094170,0.102684,0.101217,0.129810,0.228805
40,0.117884,0.120284,0.100613,0.091962,0.100206,0.101852,0.133988,0.233209
41,0.113775,0.121996,0.103619,0.090856,0.101621,0.105164,0.139462,0.223506
42,0.113553,0.113786,0.099197,0.093792,0.101499,0.103351,0.138801,0.236022
43,0.119907,0.107786,0.099666,0.107331,0.103118,0.098802,0.124334,0.239057
44,0.119905,0.108256,0.099742,0.107062,0.102975,0.098822,0.124334,0.238903
45,0.119862,0.108606,0.099818,0.106862,0.102842,0.098852,0.124346,0.238811
46,0.119891,0.109103,0.099917,0.106639,0.102730,0.098899,0.124297,0.238524
47,0.120101,0.109939,0.100080,0.106392,0.102908,0.099026,0.124182,0.237372
48,0.120541,0.111297,0.100217,0.105819,0.104172,0.099418,0.124721,0.233815
49,0.120815,0.116511,0.101730,0.101680,0.104578,0.100115,0.126162,0.228409
50,0.114350,0.108474,0.099759,0.097042,0.102670,0.102829,0.138022,0.236854
51,0.152177,0.084325,0.084915,0.094330,0.076098,0.078273,0.091484,0.338399
52,0.152177,0.084325,0.084915,0.094330,0.076098,0.078273,0.091484,0.338399
53,0.152177,0.084325,0.084915,0.094330,0.076098,0.078273,0.091484,0.338399
54,0.152177,0.084325,0.084915,0.094330,0.076098,0.078273,0.091484,0.338399
55,0.152177,0.084325,0.084915,0.094330,0.076098,0.078273,0.091484,0.338399
56,0.152177,0.084325,0.084915,0.094330,0.076098,0.078273,0.091484,0.338399
57,0.152177,0.084325,0.084915,0.094330,0.076098,0.078273,0.091484,0.338399
58,0.152177,0.084325,0.084915,0.094330,0.076098,0.078273,0.091484,0.338399
59,0.152177,0.084325,0.084915,0.094330,0.076098,0.078273,0.091484,0.338399
60,0.152177,0.084325,0.084915,0.094330,0.076098,0.078273,0.091484,0.338399
61,0.152177,0.084325,0.084915,0.094330,0.076098,0.078273,0.091484,0.338399
62,0.152177,0.084325,0.084915,0.094330,0.076098,0.078273,0.091484,0.338399
63,0.119742,0.096683,0.095625,0.110954,0.106135,0.099569,0.127893,0.243398
64,0.115399,0.094530,0.096039,0.116553,0.106599,0.099756,0.127396,0.243728
65,0.117928,0.095783,0.095565,0.114372,0.106049,0.099406,0.126869,0.244027
66,0.089199,0.071859,0.087830,0.116041,0.113914,0.114105,0.159623,0.247429
67,0.097116,0.067993,0.084781,0.123503,0.114714,0.107483,0.148303,0.256107
68,0.076465,0.056667,0.082092,0.128548,0.121787,0.121012,0.169047,0.244381
69,0.090082,0.059936,0.081564,0.129363,0.117397,0.111551,0.156409,0.253698
70,0.092003,0.062368,0.083039,0.127940,0.118018,0.111681,0.155956,0.248996
71,0.090621,0.064666,0.084835,0.125026,0.119481,0.113980,0.159155,0.242236
72,0.070193,0.051913,0.080160,0.124800,0.127202,0.131140,0.184261,0.230330
73,0.086379,0.053109,0.077857,0.134020,0.119617,0.114873,0.163706,0.250437
74,0.085251,0.054750,0.079659,0.131473,0.121809,0.116859,0.166707,0.243493
75,0.080912,0.050685,0.076927,0.129385,0.122678,0.119775,0.173676,0.245962
76,0.086114,0.055005,0.079664,0.131249,0.121274,0.115973,0.165764,0.244957
77,0.080300,0.049731,0.076544,0.130524,0.123164,0.119329,0.173994,0.246414
78,0.081427,0.057954,0.081773,0.127226,0.118145,0.118918,0.167851,0.246707
79,0.093178,0.061451,0.082305,0.128453,0.116491,0.110619,0.155838,0.251665
80,0.092181,0.063246,0.084088,0.126228,0.118954,0.112910,0.158562,0.243831
81,0.086361,0.057851,0.081456,0.125657,0.120695,0.115941,0.166962,0.245078
82,0.078990,0.054976,0.080077,0.130279,0.118837,0.119466,0.169196,0.248179
83,0.089186,0.055753,0.078830,0.132412,0.116599,0.111188,0.157865,0.258166
84,0.090948,0.057710,0.079808,0.131084,0.116697,0.111005,0.156522,0.256226
85,0.091579,0.058498,0.080550,0.130525,0.117673,0.111628,0.157501,0.252045
86,0.075577,0.059229,0.084845,0.124686,0.124862,0.125348,0.175406,0.230047
87,0.083958,0.057737,0.081532,0.124837,0.120872,0.117946,0.169291,0.243826
88,0.092461,0.060608,0.081561,0.128912,0.116035,0.109963,0.154432,0.256028
89,0.093582,0.061870,0.082533,0.128187,0.116768,0.110336,0.154945,0.251779
90,0.070825,0.049472,0.078567,0.131709,0.128392,0.128816,0.181290,0.230929
91,0.079609,0.049420,0.076376,0.130635,0.123855,0.120457,0.174849,0.244798
92,0.090934,0.057883,0.079916,0.130945,0.116739,0.110999,0.156447,0.256136
93,0.091598,0.058655,0.080634,0.130396,0.117704,0.111606,0.157405,0.252002
94,0.088087,0.058881,0.081704,0.128706,0.120166,0.115079,0.162957,0.244420
95,0.082848,0.053876,0.078969,0.127033,0.121366,0.118617,0.171333,0.245960
96,0.104372,0.065279,0.081843,0.132114,0.115782,0.104748,0.141342,0.254521
97,0.104460,0.065739,0.082564,0.131657,0.117035,0.105736,0.142780,0.250029
98,0.101481,0.066064,0.084327,0.129809,0.119904,0.108900,0.147469,0.242047
99,0.086956,0.052387,0.078163,0.130481,0.121517,0.115502,0.166629,0.248364
100,0.152177,0.084325,0.084915,0.094330,0.076098,0.078273,0.091484,0.338399
101,0.152177,0.084325,0.084915,0.094330,0.076098,0.078273,0.091484,0.338399
102,0.152177,0.084325,0.084915,0.094330,0.076098,0.078273,0.091484,0.338399
103,0.152177,0.084325,0.084915,0.094330,0.076098,0.078273,0.091484,0.338399
104,0.152177,0.084325,0.084915,0.094330,0.076098,0.078273,0.091484,0.338399
105,0.152177,0.084325,0.084915,0.094330,0.076098,0.078273,0.091484,0.338399
106,0.152177,0.084325,0.084915,0.094330,0.076098,0.078273,0.091484,0.338399
107,0.152177,0.084325,0.084915,0.094330,0.076098,0.078273,0.091484,0.338399
108,0.152177,0.084325,0.084915,0.094330,0.076098,0.078273,0.091484,0.338399
109,0.152177,0.084325,0.084915,0.094330,0.076098,0.078273,0.091484,0.338399
110,0.152177,0.084325,0.084915,0.094330,0.076098,0.078273,0.091484,0.338399
111,0.116432,0.090789,0.093846,0.114859,0.106865,0.100555,0.130512,0.246141
112,0.108387,0.100368,0.096841,0.101461,0.104120,0.104245,0.142346,0.242232
113,0.107439,0.093848,0.094541,0.108545,0.105898,0.102124,0.138053,0.249552
114,0.109807,0.095435,0.094968,0.107038,0.104835,0.101648,0.137021,0.249248
115,0.109851,0.095780,0.095113,0.106952,0.104857,0.101672,0.136985,0.248790
116,0.109801,0.096181,0.095334,0.106902,0.104915,0.101741,0.136967,0.248160
117,0.110015,0.096923,0.095701,0.106851,0.105138,0.101856,0.136811,0.246705
118,0.110261,0.097710,0.096300,0.106739,0.106193,0.102336,0.137408,0.243054
119,0.097856,0.096945,0.098363,0.100319,0.109470,0.112016,0.155053,0.229979
120,0.101921,0.086217,0.092655,0.107301,0.111173,0.109524,0.151844,0.239365
121,0.110418,0.101701,0.096884,0.100203,0.105106,0.105210,0.142392,0.238087
122,0.117822,0.094467,0.095068,0.115148,0.106915,0.099515,0.126928,0.244136
123,0.117805,0.094624,0.095139,0.115101,0.106929,0.099496,0.126837,0.244070
124,0.117862,0.094973,0.095274,0.115002,0.106902,0.099491,0.126689,0.243808
125,0.118121,0.095623,0.095527,0.114910,0.107150,0.099570,0.126474,0.242626
126,0.101164,0.093726,0.096968,0.104778,0.108493,0.108610,0.149643,0.236617
127,0.105200,0.090837,0.094840,0.109840,0.111358,0.105861,0.142984,0.239079
128,0.101000,0.086084,0.093151,0.107700,0.111418,0.109731,0.151821,0.239095
129,0.117972,0.095825,0.095527,0.114337,0.106245,0.099388,0.126811,0.243895
130,0.117916,0.095959,0.095580,0.114297,0.106246,0.099377,0.126764,0.243859
131,0.117942,0.096296,0.095699,0.114197,0.106202,0.099378,0.126655,0.243630
132,0.118157,0.096922,0.095930,0.114120,0.106453,0.099469,0.126478,0.242472
133,0.118584,0.097768,0.096201,0.113941,0.108042,0.099951,0.127065,0.238449
134,0.117721,0.101819,0.097983,0.110163,0.109334,0.101285,0.129560,0.232136
135,0.109496,0.093041,0.095954,0.105593,0.108552,0.105831,0.143600,0.237933
136,0.152177,0.084325,0.084915,0.094330,0.076098,0.078273,0.091484,0.338399
137,0.152177,0.084325,0.084915,0.094330,0.076098,0.078273,0.091484,0.338399
138,0.152177,0.084325,0.084915,0.094330,0.076098,0.078273,0.091484,0.338399
139,0.142384,0.116573,0.099759,0.100507,0.104098,0.097935,0.112464,0.226280
140,0.130057,0.119511,0.103760,0.101557,0.107436,0.099596,0.114813,0.223271
141,0.129530,0.120155,0.104392,0.101244,0.107502,0.099748,0.115086,0.222343
142,0.129358,0.120842,0.104547,0.100832,0.107379,0.099832,0.115204,0.222006
143,0.129154,0.121549,0.104671,0.100495,0.107334,0.099963,0.115301,0.221532
144,0.128824,0.122494,0.104857,0.100148,0.107462,0.100191,0.115434,0.220589
145,0.128288,0.123938,0.105220,0.099732,0.108020,0.100607,0.115718,0.218477
146,0.127614,0.126304,0.105823,0.098753,0.108862,0.101125,0.116814,0.214704
147,0.127294,0.130718,0.106341,0.095793,0.108396,0.101796,0.119438,0.210224
148,0.131063,0.132602,0.106609,0.091747,0.104948,0.101479,0.120982,0.210570
149,0.152177,0.084325,0.084915,0.094330,0.076098,0.078273,0.091484,0.338399
150,0.152177,0.084325,0.084915,0.094330,0.076098,0.078273,0.091484,0.338399
151,0.152177,0.084325,0.084915,0.094330,0.076098,0.078273,0.091484,0.338399
152,0.152177,0.084325,0.084915,0.094330,0.076098,0.078273,0.091484,0.338399
153,0.152177,0.084325,0.084915,0.094330,0.076098,0.078273,0.091484,0.338399
154,0.152177,0.084325,0.084915,0.094330,0.076098,0.078273,0.091484,0.338399
155,0.124051,0.105220,0.098161,0.106515,0.105081,0.099124,0.124916,0.236932
156,0.118829,0.106304,0.099389,0.108898,0.103880,0.098907,0.124531,0.239262
157,0.119856,0.107153,0.099538,0.107734,0.103293,0.098817,0.124454,0.239155
158,0.119848,0.107586,0.099622,0.107495,0.103160,0.098833,0.124451,0.239004
159,0.119807,0.107915,0.099698,0.107308,0.103032,0.098859,0.124457,0.238924
160,0.119836,0.108391,0.099799,0.107099,0.102923,0.098900,0.124403,0.238649
161,0.120046,0.109199,0.099966,0.106870,0.103102,0.099022,0.124284,0.237510
162,0.120510,0.110498,0.100103,0.106328,0.104383,0.099412,0.124823,0.233942
163,0.120733,0.115695,0.101616,0.102200,0.104820,0.100136,0.126317,0.228483
164,0.114322,0.108164,0.099696,0.097247,0.102763,0.102838,0.138086,0.236884
165,0.116361,0.090657,0.093797,0.114947,0.106878,0.100580,0.130582,0.246199
166,0.113997,0.088093,0.093139,0.120358,0.109109,0.100315,0.129098,0.245891
167,0.116480,0.089460,0.092892,0.118080,0.108260,0.099901,0.128426,0.246501
168,0.116597,0.089642,0.092981,0.117914,0.108305,0.099829,0.128265,0.246467
169,0.116558,0.089829,0.093096,0.117857,0.108314,0.099801,0.128164,0.246381
170,0.116575,0.090165,0.093258,0.117786,0.108324,0.099806,0.128027,0.246059
171,0.116786,0.090783,0.093554,0.117743,0.108634,0.099909,0.127826,0.244765
172,0.097344,0.087061,0.094775,0.108552,0.110572,0.110932,0.153734,0.237029
173,0.102813,0.084846,0.092957,0.113176,0.113397,0.107402,0.145592,0.239818
174,0.097485,0.078997,0.090617,0.111360,0.113762,0.111792,0.155800,0.240187
175,0.116597,0.089642,0.092981,0.117914,0.108305,0.099829,0.128265,0.246467
176,0.116558,0.089830,0.093096,0.117856,0.108314,0.099801,0.128164,0.246381
177,0.116575,0.090166,0.093258,0.117786,0.108324,0.099806,0.128027,0.246059
178,0.116786,0.090783,0.093554,0.117743,0.108634,0.099909,0.127826,0.244765
179,0.117130,0.091753,0.094130,0.117551,0.110151,0.100436,0.128418,0.240431
180,0.115867,0.095439,0.096238,0.114025,0.111860,0.102168,0.131115,0.233288
181,0.105495,0.084512,0.093387,0.110093,0.111593,0.107925,0.147665,0.239329
182,0.152177,0.084325,0.084915,0.094330,0.076098,0.078273,0.091484,0.338399
183,0.152177,0.084325,0.084915,0.094330,0.076098,0.078273,0.091484,0.338399
184,0.152177,0.084325,0.084915,0.094330,0.076098,0.078273,0.091484,0.338399
185,0.152177,0.084325,0.084915,0.094330,0.076098,0.078273,0.091484,0.338399
186,0.152177,0.084325,0.084915,0.094330,0.076098,0.078273,0.091484,0.338399
187,0.152177,0.084325,0.084915,0.094330,0.076098,0.078273,0.091484,0.338399
188,0.152177,0.084325,0.084915,0.094330,0.076098,0.078273,0.091484,0.338399
189,0.152177,0.084325,0.084915,0.094330,0.076098,0.078273,0.091484,0.338399
190,0.152177,0.084325,0.084915,0.094330,0.076098,0.078273,0.091484,0.338399
191,0.152177,0.084325,0.084915,0.094330,0.076098,0.078273,0.091484,0.338399
192,0.152177,0.084325,0.084915,0.094330,0.076098,0.078273,0.091484,0.338399
193,0.152177,0.084325,0.084915,0.094330,0.076098,0.078273,0.091484,0.338399
194,0.152177,0.084325,0.084915,0.094330,0.076098,0.078273,0.091484,0.338399
195,0.152177,0.084325,0.084915,0.094330,0.076098,0.078273,0.091484,0.338399
196,0.152177,0.084325,0.084915,0.094330,0.076098,0.078273,0.091484,0.338399
197,0.152177,0.084325,0.084915,0.094330,0.076098,0.078273,0.091484,0.338399
198,0.152177,0.084325,0.084915,0.094330,0.076098,0.078273,0.091484,0.338399
199,0.152177,0.084325,0.084915,0.094330,0.076098,0.078273,0.091484,0.338399
200,0.152177,0.084325,0.084915,0.094330,0.076098,0.078273,0.091484,0.338399
201,0.152177,0.084325,0.084915,0.094330,0.076098,0.078273,0.091484,0.338399
202,0.152177,0.084325,0.084915,0.094330,0.076098,0.078273,0.091484,0.338399
203,0.152177,0.084325,0.084915,0.094330,0.076098,0.078273,0.091484,0.338399
204,0.152177,0.084325,0.084915,0.094330,0.076098,0.078273,0.091484,0.338399
205,0.152177,0.084325,0.084915,0.094330,0.076098,0.078273,0.091484,0.338399
206,0.152177,0.084325,0.084915,0.094330,0.076098,0.078273,0.091484,0.338399
207,0.152177,0.084325,0.084915,0.094330,0.076098,0.078273,0.091484,0.338399
208,0.152177,0.084325,0.084915,0.094330,0.076098,0.078273,0.091484,0.338399
209,0.152177,0.084325,0.084915,0.094330,0.076098,0.078273,0.091484,0.338399
210,0.152177,0.084325,0.084915,0.094330,0.076098,0.078273,0.091484,0.338399
211,0.152177,0.084325,0.084915,0.094330,0.076098,0.078273,0.091484,0.338399
212,0.152177,0.084325,0.084915,0.094330,0.076098,0.078273,0.091484,0.338399
213,0.152177,0.084325,0.084915,0.094330,0.076098,0.078273,0.091484,0.338399
214,0.152177,0.084325,0.084915,0.094330,0.076098,0.078273,0.091484,0.338399
215,0.152177,0.084325,0.084915,0.094330,0.076098,0.078273,0.091484,0.338399
216,0.152177,0.084325,0.084915,0.094330,0.076098,0.078273,0.091484,0.338399
217,0.152177,0.084325,0.084915,0.094330,0.076098,0.078273,0.091484,0.338399
218,0.152177,0.084325,0.084915,0.094330,0.076098,0.078273,0.091484,0.338399
219,0.152177,0.084325,0.084915,0.094330,0.076098,0.078273,0.091484,0.338399
220,0.152177,0.084325,0.084915,0.094330,0.076098,0.078273,0.091484,0.338399
221,0.152177,0.084325,0.084915,0.094330,0.076098,0.078273,0.091484,0.338399
222,0.152177,0.084325,0.084915,0.094330,0.076098,0.078273,0.091484,0.338399
223,0.152177,0.084325,0.084915,0.094330,0.076098,0.078273,0.091484,0.338399
224,0.098641,0.072772,0.089168,0.117128,0.115792,0.110729,0.153434,0.242337
225,0.152177,0.084325,0.084915,0.094330,0.076098,0.078273,0.091484,0.338399
226,0.152177,0.084325,0.084915,0.094330,0.076098,0.078273,0.091484,0.338399
227,0.152177,0.084325,0.084915,0.094330,0.076098,0.078273,0.091484,0.338399
228,0.152177,0.084325,0.084915,0.094330,0.076098,0.078273,0.091484,0.338399
229,0.152177,0.084325,0.084915,0.094330,0.076098,0.078273,0.091484,0.338399
230,0.152177,0.084325,0.084915,0.094330,0.076098,0.078273,0.091484,0.338399
231,0.108833,0.078436,0.089157,0.122804,0.108968,0.103144,0.136706,0.251952
232,0.108305,0.098792,0.096121,0.102750,0.104304,0.104188,0.142642,0.242898
233,0.104248,0.092607,0.094562,0.108775,0.106036,0.102663,0.140493,0.250616
234,0.105790,0.093205,0.095011,0.108180,0.105508,0.102327,0.139709,0.250270
235,0.106086,0.093680,0.095122,0.107874,0.105446,0.102242,0.139525,0.250025
236,0.106130,0.094016,0.095298,0.107775,0.105502,0.102250,0.139449,0.249580
237,0.106496,0.094608,0.095570,0.107670,0.105698,0.102283,0.139224,0.248452
238,0.096324,0.083835,0.093464,0.109392,0.111549,0.111373,0.155063,0.238999
239,0.102293,0.082204,0.091594,0.114094,0.113734,0.107747,0.146951,0.241384
240,0.099859,0.078741,0.089882,0.111781,0.113158,0.110425,0.154067,0.242087
241,0.111817,0.098495,0.095973,0.103018,0.106407,0.105184,0.140784,0.238322
242,0.116278,0.088831,0.092984,0.118775,0.108451,0.099806,0.128091,0.246783
243,0.116324,0.089156,0.093139,0.118696,0.108440,0.099790,0.127937,0.246517
244,0.116564,0.089749,0.093423,0.118659,0.108755,0.099882,0.127725,0.245244
245,0.116962,0.090647,0.093970,0.118552,0.110379,0.100419,0.128292,0.240780
246,0.085646,0.074050,0.090688,0.114147,0.118792,0.119390,0.165944,0.231343
247,0.089407,0.065812,0.085180,0.118633,0.118008,0.116286,0.164721,0.241952
248,0.080637,0.059397,0.082389,0.126261,0.119475,0.118356,0.166100,0.247384
249,0.091050,0.059740,0.080817,0.128663,0.116313,0.110134,0.155149,0.258133
250,0.092455,0.061157,0.081494,0.127618,0.116156,0.109640,0.153560,0.257919
251,0.093036,0.061780,0.081841,0.127154,0.116157,0.109386,0.152973,0.257673
252,0.093549,0.062417,0.082250,0.126824,0.116339,0.109389,0.152774,0.256459
253,0.094027,0.063037,0.082953,0.126698,0.117150,0.110026,0.153928,0.252182
254,0.098408,0.089718,0.095592,0.105934,0.111643,0.111747,0.155875,0.231083
255,0.093835,0.081706,0.092780,0.109944,0.114856,0.111101,0.156015,0.239763
256,0.103186,0.091797,0.096111,0.108307,0.110500,0.105605,0.144586,0.239909
257,0.083934,0.070060,0.088790,0.111639,0.120248,0.121777,0.171791,0.231762
258,0.108042,0.086092,0.093030,0.115033,0.110314,0.103156,0.136262,0.248070
259,0.094407,0.085887,0.095756,0.109801,0.111184,0.110939,0.152164,0.239863
260,0.102788,0.084148,0.093224,0.115122,0.111247,0.104761,0.140594,0.248116
261,0.104015,0.086387,0.094308,0.113605,0.111098,0.104759,0.140320,0.245507
262,0.104221,0.089431,0.095153,0.110837,0.111704,0.106190,0.142351,0.240114
263,0.104657,0.090766,0.094344,0.106860,0.109741,0.107574,0.146064,0.239995
264,0.102414,0.077603,0.089868,0.118464,0.112406,0.105137,0.144252,0.249856
265,0.100589,0.080168,0.091743,0.115963,0.114580,0.107840,0.147429,0.241688
266,0.095116,0.074350,0.088988,0.114347,0.115609,0.112255,0.157539,0.241796
267,0.115316,0.093802,0.095955,0.115384,0.112525,0.102327,0.131213,0.233478
268,0.105363,0.083444,0.093143,0.111148,0.112139,0.107940,0.147404,0.239419
269,0.152177,0.084325,0.084915,0.094330,0.076098,0.078273,0.091484,0.338399
270,0.152177,0.084325,0.084915,0.094330,0.076098,0.078273,0.091484,0.338399
271,0.152177,0.084325,0.084915,0.094330,0.076098,0.078273,0.091484,0.338399
272,0.152177,0.084325,0.084915,0.094330,0.076098,0.078273,0.091484,0.338399
273,0.152177,0.084325,0.084915,0.094330,0.076098,0.078273,0.091484,0.338399
274,0.152177,0.084325,0.084915,0.094330,0.076098,0.078273,0.091484,0.338399
275,0.152177,0.084325,0.084915,0.094330,0.076098,0.078273,0.091484,0.338399
276,0.152177,0.084325,0.084915,0.094330,0.076098,0.078273,0.091484,0.338399
277,0.152177,0.084325,0.084915,0.094330,0.076098,0.078273,0.091484,0.338399
278,0.152177,0.084325,0.084915,0.094330,0.076098,0.078273,0.091484,0.338399
279,0.152177,0.084325,0.084915,0.094330,0.076098,0.078273,0.091484,0.338399
280,0.114993,0.088171,0.093301,0.117426,0.108018,0.101157,0.131202,0.245732
281,0.113321,0.086664,0.092949,0.121759,0.109493,0.100583,0.129350,0.245880
282,0.116046,0.088389,0.092795,0.119120,0.108458,0.099988,0.128457,0.246747
283,0.116265,0.088630,0.092875,0.118866,0.108471,0.099866,0.128227,0.246800
284,0.116278,0.088831,0.092984,0.118775,0.108451,0.099806,0.128091,0.246783
285,0.116324,0.089156,0.093139,0.118696,0.108440,0.099790,0.127937,0.246517
286,0.116564,0.089749,0.093423,0.118659,0.108755,0.099882,0.127725,0.245244
287,0.116962,0.090647,0.093970,0.118552,0.110379,0.100419,0.128292,0.240780
288,0.115316,0.093802,0.095955,0.115384,0.112525,0.102327,0.131213,0.233478
289,0.105363,0.083444,0.093143,0.111148,0.112139,0.107940,0.147404,0.239419
290,0.152177,0.084325,0.084915,0.094330,0.076098,0.078273,0.091484,0.338399
291,0.152177,0.084325,0.084915,0.094330,0.076098,0.078273,0.091484,0.338399
292,0.152177,0.084325,0.084915,0.094330,0.076098,0.078273,0.091484,0.338399
293,0.152177,0.084325,0.084915,0.094330,0.076098,0.078273,0.091484,0.338399
294,0.127736,0.109669,0.099497,0.104749,0.104878,0.098756,0.121998,0.232716
295,0.121885,0.112766,0.100912,0.104941,0.102778,0.098589,0.121724,0.236404
296,0.121971,0.113448,0.101329,0.104291,0.102461,0.098636,0.121865,0.236000
297,0.121914,0.114057,0.101427,0.103955,0.102341,0.098671,0.121892,0.235742
298,0.121857,0.114535,0.101533,0.103708,0.102235,0.098713,0.121902,0.235516
299,0.121860,0.115176,0.101671,0.103441,0.102148,0.098773,0.121849,0.235083
300,0.121985,0.116235,0.101900,0.103109,0.102310,0.098913,0.121733,0.233815
301,0.122189,0.118099,0.102142,0.102257,0.103333,0.099265,0.122303,0.230413
302,0.122463,0.123646,0.103315,0.098104,0.103275,0.099734,0.123726,0.225736
303,0.118444,0.117769,0.101700,0.093671,0.100598,0.101273,0.133273,0.233272
304,0.152177,0.084325,0.084915,0.094330,0.076098,0.078273,0.091484,0.338399
305,0.152177,0.084325,0.084915,0.094330,0.076098,0.078273,0.091484,0.338399
306,0.152177,0.084325,0.084915,0.094330,0.076098,0.078273,0.091484,0.338399
307,0.152177,0.084325,0.084915,0.094330,0.076098,0.078273,0.091484,0.338399
308,0.152177,0.084325,0.084915,0.094330,0.076098,0.078273,0.091484,0.338399
309,0.152177,0.084325,0.084915,0.094330,0.076098,0.078273,0.091484,0.338399
310,0.152177,0.084325,0.084915,0.094330,0.076098,0.078273,0.091484,0.338399
311,0.152177,0.084325,0.084915,0.094330,0.076098,0.078273,0.091484,0.338399
312,0.152177,0.084325,0.084915,0.094330,0.076098,0.078273,0.091484,0.338399
313,0.152177,0.084325,0.084915,0.094330,0.076098,0.078273,0.091484,0.338399
314,0.152177,0.084325,0.084915,0.094330,0.076098,0.078273,0.091484,0.338399
315,0.152177,0.084325,0.084915,0.094330,0.076098,0.078273,0.091484,0.338399
316,0.152177,0.084325,0.084915,0.094330,0.076098,0.078273,0.091484,0.338399
317,0.152177,0.084325,0.084915,0.094330,0.076098,0.078273,0.091484,0.338399
318,0.152177,0.084325,0.084915,0.094330,0.076098,0.078273,0.091484,0.338399
319,0.152177,0.084325,0.084915,0.094330,0.076098,0.078273,0.091484,0.338399
320,0.152177,0.084325,0.084915,0.094330,0.076098,0.078273,0.091484,0.338399
321,0.152177,0.084325,0.084915,0.094330,0.076098,0.078273,0.091484,0.338399
322,0.110705,0.081595,0.090869,0.121204,0.108248,0.102396,0.134818,0.250164
323,0.111095,0.081977,0.090936,0.124855,0.110704,0.101362,0.131621,0.247450
324,0.113482,0.083656,0.091009,0.122363,0.109699,0.100737,0.130677,0.248376
325,0.113782,0.084022,0.091142,0.121940,0.109684,0.100563,0.130412,0.248455
326,0.113776,0.084228,0.091273,0.121818,0.109696,0.100488,0.130296,0.248425
327,0.093360,0.079162,0.091929,0.113822,0.110860,0.111499,0.155411,0.243956
328,0.100954,0.076304,0.089129,0.120100,0.111882,0.105273,0.144112,0.252246
329,0.102288,0.077764,0.089869,0.118996,0.112451,0.105453,0.144372,0.248806
330,0.100563,0.080440,0.091607,0.116071,0.114566,0.108134,0.147535,0.241083
331,0.096327,0.076939,0.089962,0.112854,0.114689,0.112015,0.156391,0.240823
332,0.116324,0.089156,0.093139,0.118696,0.108440,0.099790,0.127937,0.246517
333,0.116564,0.089749,0.093423,0.118659,0.108755,0.099882,0.127725,0.245244
334,0.116962,0.090647,0.093970,0.118552,0.110379,0.100419,0.128292,0.240780
335,0.115316,0.093802,0.095955,0.115384,0.112525,0.102327,0.131213,0.233478
336,0.105363,0.083444,0.093143,0.111148,0.112139,0.107940,0.147404,0.239419
337,0.152177,0.084325,0.084915,0.094330,0.076098,0.078273,0.091484,0.338399
338,0.152177,0.084325,0.084915,0.094330,0.076098,0.078273,0.091484,0.338399
339,0.152177,0.084325,0.084915,0.094330,0.076098,0.078273,0.091484,0.338399
340,0.152177,0.084325,0.084915,0.094330,0.076098,0.078273,0.091484,0.338399
341,0.152177,0.084325,0.084915,0.094330,0.076098,0.078273,0.091484,0.338399
342,0.152177,0.084325,0.084915,0.094330,0.076098,0.078273,0.091484,0.338399
343,0.152177,0.084325,0.084915,0.094330,0.076098,0.078273,0.091484,0.338399
344,0.152177,0.084325,0.084915,0.094330,0.076098,0.078273,0.091484,0.338399
345,0.152177,0.084325,0.084915,0.094330,0.076098,0.078273,0.091484,0.338399
346,0.152177,0.084325,0.084915,0.094330,0.076098,0.078273,0.091484,0.338399
347,0.152177,0.084325,0.084915,0.094330,0.076098,0.078273,0.091484,0.338399
348,0.131882,0.113690,0.100177,0.103362,0.105358,0.098926,0.118911,0.227693
349,0.124802,0.117744,0.101872,0.102287,0.103423,0.098845,0.118908,0.232119
350,0.124638,0.118393,0.102357,0.101950,0.103233,0.098919,0.118988,0.231522
351,0.124539,0.118932,0.102479,0.101691,0.103167,0.098970,0.119009,0.231212
352,0.124455,0.119436,0.102603,0.101489,0.103137,0.099037,0.119003,0.230840
353,0.124367,0.120185,0.102785,0.101246,0.103157,0.099151,0.118953,0.230157
354,0.124298,0.121503,0.103097,0.100893,0.103479,0.099392,0.118865,0.228473
355,0.124271,0.123808,0.103549,0.100002,0.104567,0.099814,0.119391,0.224598
356,0.124416,0.128479,0.104335,0.096440,0.104368,0.100206,0.121417,0.220339
357,0.121162,0.125874,0.103043,0.090535,0.099960,0.100757,0.129646,0.229024
358,0.152177,0.084325,0.084915,0.094330,0.076098,0.078273,0.091484,0.338399
359,0.152177,0.084325,0.084915,0.094330,0.076098,0.078273,0.091484,0.338399
360,0.152177,0.084325,0.084915,0.094330,0.076098,0.078273,0.091484,0.338399
361,0.152177,0.084325,0.084915,0.094330,0.076098,0.078273,0.091484,0.338399
362,0.152177,0.084325,0.084915,0.094330,0.076098,0.078273,0.091484,0.338399
363,0.152177,0.084325,0.084915,0.094330,0.076098,0.078273,0.091484,0.338399
364,0.114993,0.088171,0.093301,0.117426,0.108018,0.101157,0.131202,0.245732
365,0.113321,0.086664,0.092949,0.121759,0.109493,0.100583,0.129350,0.245880
366,0.116046,0.088389,0.092795,0.119120,0.108458,0.099988,0.128457,0.246747
367,0.116265,0.088630,0.092875,0.118866,0.108471,0.099866,0.128227,0.246800
368,0.096702,0.085421,0.094337,0.109900,0.108973,0.109318,0.151598,0.243750
369,0.102130,0.080872,0.090963,0.117115,0.109939,0.104133,0.142314,0.252535
370,0.103277,0.082203,0.091603,0.116171,0.109244,0.103820,0.141644,0.252037
371,0.104181,0.083319,0.092151,0.115618,0.110557,0.104217,0.142005,0.247952
372,0.102844,0.086615,0.093967,0.112494,0.112447,0.106499,0.144597,0.240538
373,0.098814,0.082112,0.092115,0.110306,0.113371,0.110567,0.153378,0.239336
374,0.100950,0.092490,0.096358,0.105593,0.107674,0.107910,0.148393,0.240632
375,0.106094,0.087053,0.093006,0.113268,0.110252,0.103825,0.140493,0.246008
376,0.105257,0.090854,0.094958,0.109713,0.110897,0.105667,0.142873,0.239782
377,0.101178,0.086288,0.093245,0.107595,0.111343,0.109563,0.151575,0.239213
378,0.117805,0.094624,0.095139,0.115101,0.106929,0.099496,0.126837,0.244070
379,0.117862,0.094973,0.095274,0.115002,0.106902,0.099491,0.126689,0.243808
380,0.118121,0.095623,0.095527,0.114910,0.107150,0.099570,0.126474,0.242626
381,0.118616,0.096653,0.095938,0.114595,0.108585,0.100026,0.127027,0.238559
382,0.117684,0.100744,0.097838,0.110828,0.109750,0.101375,0.129526,0.232256
383,0.108839,0.091177,0.095558,0.106938,0.109371,0.106059,0.144073,0.237984
384,0.152177,0.084325,0.084915,0.094330,0.076098,0.078273,0.091484,0.338399
385,0.152177,0.084325,0.084915,0.094330,0.076098,0.078273,0.091484,0.338399
386,0.152177,0.084325,0.084915,0.094330,0.076098,0.078273,0.091484,0.338399
387,0.152177,0.084325,0.084915,0.094330,0.076098,0.078273,0.091484,0.338399
388,0.152177,0.084325,0.084915,0.094330,0.076098,0.078273,0.091484,0.338399
389,0.152177,0.084325,0.084915,0.094330,0.076098,0.078273,0.091484,0.338399
390,0.152177,0.084325,0.084915,0.094330,0.076098,0.078273,0.091484,0.338399
391,0.152177,0.084325,0.084915,0.094330,0.076098,0.078273,0.091484,0.338399
392,0.152177,0.084325,0.084915,0.094330,0.076098,0.078273,0.091484,0.338399
393,0.152177,0.084325,0.084915,0.094330,0.076098,0.078273,0.091484,0.338399
394,0.152177,0.084325,0.084915,0.094330,0.076098,0.078273,0.091484,0.338399
395,0.152177,0.084325,0.084915,0.094330,0.076098,0.078273,0.091484,0.338399
396,0.152177,0.084325,0.084915,0.094330,0.076098,0.078273,0.091484,0.338399
397,0.131882,0.113690,0.100177,0.103362,0.105358,0.098926,0.118911,0.227693
398,0.124802,0.117744,0.101872,0.102287,0.103423,0.098845,0.118908,0.232119
399,0.120400,0.118458,0.101242,0.094835,0.101392,0.101179,0.130239,0.232256
400,0.116712,0.114256,0.099841,0.099026,0.102281,0.099883,0.128274,0.239726
401,0.118718,0.114917,0.100085,0.098079,0.101317,0.099548,0.127685,0.239651
402,0.118839,0.115710,0.100150,0.097773,0.101248,0.099595,0.127582,0.239103
403,0.118677,0.116864,0.100541,0.097527,0.101491,0.099795,0.127514,0.237591
404,0.118643,0.118747,0.101207,0.096952,0.102475,0.100276,0.127863,0.233839
405,0.117268,0.126036,0.103091,0.089132,0.100224,0.104021,0.137470,0.222758
406,0.114862,0.119628,0.099984,0.091669,0.100634,0.102655,0.136601,0.233967
407,0.116095,0.120351,0.101554,0.094888,0.102972,0.101690,0.131824,0.230625
408,0.115011,0.117782,0.100384,0.092389,0.100801,0.102646,0.136591,0.234396
409,0.122881,0.115592,0.101796,0.103059,0.102034,0.098656,0.121043,0.234939
410,0.122890,0.116274,0.101932,0.102793,0.101977,0.098723,0.120975,0.234435
411,0.117816,0.117654,0.101643,0.095191,0.101711,0.101935,0.132562,0.231487
412,0.114953,0.114959,0.100158,0.098762,0.103401,0.100827,0.130856,0.236084
413,0.115636,0.119687,0.101461,0.095360,0.103148,0.101640,0.132083,0.230985
414,0.114224,0.117020,0.100289,0.092627,0.101053,0.102824,0.137272,0.234690
415,0.121857,0.114534,0.101533,0.103708,0.102236,0.098713,0.121903,0.235517
416,0.121860,0.115175,0.101671,0.103441,0.102148,0.098773,0.121849,0.235084
417,0.121984,0.116234,0.101900,0.103109,0.102310,0.098913,0.121734,0.233816
418,0.122189,0.118097,0.102142,0.102257,0.103333,0.099264,0.122303,0.230414
419,0.118595,0.126212,0.102974,0.089527,0.100386,0.103571,0.135681,0.223054
420,0.113736,0.117580,0.099941,0.091839,0.100879,0.103095,0.138184,0.234746
421,0.123111,0.116121,0.102112,0.102771,0.102101,0.098660,0.120537,0.234586
422,0.123053,0.116723,0.102215,0.102465,0.102016,0.098704,0.120552,0.234272
423,0.123008,0.117231,0.102324,0.102235,0.101942,0.098758,0.120541,0.233961
424,0.122999,0.117944,0.102476,0.101969,0.101893,0.098841,0.120473,0.233405
425,0.123069,0.119168,0.102741,0.101602,0.102102,0.099023,0.120340,0.231955
426,0.123160,0.121386,0.103059,0.100666,0.103159,0.099424,0.120827,0.228319
427,0.123312,0.126669,0.103973,0.096848,0.103293,0.099921,0.122421,0.223562
428,0.120047,0.122284,0.102464,0.091673,0.099868,0.100898,0.131152,0.231612
429,0.152177,0.084325,0.084915,0.094330,0.076098,0.078273,0.091484,0.338399
430,0.152177,0.084325,0.084915,0.094330,0.076098,0.078273,0.091484,0.338399
431,0.152177,0.084325,0.084915,0.094330,0.076098,0.078273,0.091484,0.338399
432,0.152177,0.084325,0.084915,0.094330,0.076098,0.078273,0.091484,0.338399
433,0.152177,0.084325,0.084915,0.094330,0.076098,0.078273,0.091484,0.338399
434,0.152177,0.084325,0.084915,0.094330,0.076098,0.078273,0.091484,0.338399
435,0.152177,0.084325,0.084915,0.094330,0.076098,0.078273,0.091484,0.338399
436,0.152177,0.084325,0.084915,0.094330,0.076098,0.078273,0.091484,0.338399
437,0.152177,0.084325,0.084915,0.094330,0.076098,0.078273,0.091484,0.338399
438,0.152177,0.084325,0.084915,0.094330,0.076098,0.078273,0.091484,0.338399
439,0.152177,0.084325,0.084915,0.094330,0.076098,0.078273,0.091484,0.338399
440,0.152177,0.084325,0.084915,0.094330,0.076098,0.078273,0.091484,0.338399
441,0.152177,0.084325,0.084915,0.094330,0.076098,0.078273,0.091484,0.338399
442,0.152177,0.084325,0.084915,0.094330,0.076098,0.078273,0.091484,0.338399
443,0.152177,0.084325,0.084915,0.094330,0.076098,0.078273,0.091484,0.338399
444,0.152177,0.084325,0.084915,0.094330,0.076098,0.078273,0.091484,0.338399
445,0.152177,0.084325,0.084915,0.094330,0.076098,0.078273,0.091484,0.338399
446,0.152177,0.084325,0.084915,0.094330,0.076098,0.078273,0.091484,0.338399
447,0.152177,0.084325,0.084915,0.094330,0.076098,0.078273,0.091484,0.338399
448,0.152177,0.084325,0.084915,0.094330,0.076098,0.078273,0.091484,0.338399
449,0.152177,0.084325,0.084915,0.094330,0.076098,0.078273,0.091484,0.338399
450,0.152177,0.084325,0.084915,0.094330,0.076098,0.078273,0.091484,0.338399
451,0.152177,0.084325,0.084915,0.094330,0.076098,0.078273,0.091484,0.338399
452,0.152177,0.084325,0.084915,0.094330,0.076098,0.078273,0.091484,0.338399
453,0.131882,0.113690,0.100177,0.103362,0.105358,0.098926,0.118911,0.227693
454,0.124802,0.117744,0.101872,0.102287,0.103423,0.098845,0.118908,0.232119
455,0.124638,0.118393,0.102357,0.101950,0.103233,0.098919,0.118988,0.231522
456,0.124539,0.118932,0.102479,0.101691,0.103167,0.098970,0.119009,0.231212
457,0.124455,0.119436,0.102603,0.101489,0.103137,0.099037,0.119003,0.230840
458,0.124367,0.120185,0.102785,0.101246,0.103157,0.099151,0.118953,0.230157
459,0.124298,0.121503,0.103097,0.100893,0.103479,0.099392,0.118865,0.228473
460,0.124271,0.123808,0.103549,0.100002,0.104567,0.099814,0.119391,0.224598
461,0.124416,0.128479,0.104335,0.096440,0.104368,0.100206,0.121417,0.220339
462,0.107309,0.115881,0.102145,0.089279,0.100891,0.109106,0.149463,0.225927
463,0.115392,0.094528,0.096046,0.116556,0.106591,0.099757,0.127395,0.243735
464,0.117923,0.095778,0.095568,0.114376,0.106047,0.099406,0.126868,0.244034
465,0.117972,0.095825,0.095527,0.114337,0.106245,0.099388,0.126811,0.243895
466,0.117916,0.095959,0.095580,0.114297,0.106246,0.099377,0.126764,0.243859
467,0.117942,0.096296,0.095699,0.114197,0.106202,0.099378,0.126655,0.243630
468,0.118157,0.096922,0.095930,0.114120,0.106453,0.099469,0.126478,0.242472
469,0.098017,0.087698,0.095109,0.108666,0.110538,0.110628,0.152588,0.236756
470,0.103306,0.085533,0.093131,0.113417,0.113531,0.107140,0.144599,0.239343
471,0.099426,0.081761,0.091507,0.110455,0.112987,0.110920,0.153333,0.239611
472,0.116265,0.088630,0.092875,0.118866,0.108471,0.099866,0.128227,0.246800
473,0.116279,0.088831,0.092984,0.118775,0.108451,0.099806,0.128091,0.246783
474,0.116324,0.089156,0.093139,0.118696,0.108440,0.099790,0.127937,0.246517
475,0.116564,0.089749,0.093423,0.118659,0.108755,0.099882,0.127725,0.245244
476,0.116962,0.090647,0.093970,0.118552,0.110379,0.100419,0.128292,0.240780
477,0.089782,0.081034,0.093761,0.110752,0.115426,0.116788,0.162070,0.230388
478,0.092922,0.072559,0.088290,0.115318,0.115995,0.114125,0.160526,0.240265
479,0.113001,0.082718,0.090619,0.122991,0.109973,0.100870,0.131095,0.248733
480,0.113313,0.083115,0.090771,0.122535,0.109951,0.100690,0.130822,0.248803
481,0.113301,0.083328,0.090912,0.122405,0.109967,0.100613,0.130710,0.248763
482,0.113322,0.083623,0.091081,0.122308,0.109987,0.100592,0.130593,0.248495
483,0.108141,0.100116,0.097000,0.103187,0.104905,0.104657,0.142945,0.239049
484,0.106869,0.094877,0.095662,0.108891,0.107145,0.102648,0.139382,0.244527
485,0.106086,0.097710,0.097492,0.105924,0.108463,0.104472,0.141673,0.238180
486,0.099964,0.089549,0.095291,0.105767,0.110479,0.108142,0.150685,0.240122
487,0.117947,0.116511,0.101348,0.095634,0.101744,0.101715,0.132197,0.232904
488,0.114770,0.112514,0.099542,0.099731,0.102321,0.100209,0.130180,0.240734
489,0.116794,0.113865,0.099999,0.098676,0.101646,0.099984,0.129440,0.239596
490,0.117078,0.115742,0.100457,0.097973,0.102529,0.100433,0.129755,0.236033
491,0.120948,0.127879,0.102896,0.088956,0.099974,0.102872,0.133906,0.222569
492,0.113296,0.122981,0.101139,0.089530,0.100597,0.102455,0.137233,0.232770
493,0.116351,0.117727,0.100672,0.096709,0.102263,0.100359,0.129608,0.236311
494,0.116002,0.119316,0.101268,0.096186,0.103281,0.100908,0.130286,0.232753
495,0.114630,0.123999,0.102470,0.092981,0.103510,0.102116,0.132307,0.227988
496,0.113372,0.121219,0.101767,0.087237,0.098379,0.106058,0.145221,0.226748
497,0.117354,0.117111,0.100542,0.098150,0.102138,0.099983,0.127547,0.237174
498,0.121734,0.124109,0.102352,0.091709,0.100713,0.101613,0.130984,0.226786
499,0.116096,0.124915,0.102156,0.092178,0.102505,0.101511,0.131656,0.228983
500,0.116127,0.123502,0.101151,0.089864,0.099899,0.101720,0.134902,0.232835
501,0.116490,0.114480,0.099686,0.097693,0.101815,0.099969,0.130137,0.239730
502,0.116454,0.115369,0.100018,0.097553,0.102050,0.100141,0.130070,0.238344
503,0.116371,0.116879,0.100616,0.097114,0.103023,0.100647,0.130593,0.234756
504,0.115315,0.122019,0.101918,0.093959,0.103282,0.101779,0.132200,0.229528
505,0.112167,0.117208,0.100374,0.091784,0.101455,0.103183,0.139089,0.234740
506,0.124416,0.128479,0.104335,0.096440,0.104368,0.100206,0.121417,0.220339
507,0.121162,0.125874,0.103043,0.090535,0.099960,0.100757,0.129646,0.229024
508,0.152177,0.084325,0.084915,0.094330,0.076098,0.078273,0.091484,0.338399
509,0.131882,0.113690,0.100177,0.103362,0.105358,0.098926,0.118911,0.227693
510,0.124802,0.117744,0.101872,0.102287,0.103423,0.098845,0.118908,0.232119
511,0.124638,0.118393,0.102357,0.101950,0.103233,0.098919,0.118988,0.231522
512,0.124539,0.118932,0.102479,0.101691,0.103167,0.098970,0.119009,0.231212
513,0.124455,0.119436,0.102603,0.101489,0.103137,0.099037,0.119003,0.230840
514,0.124367,0.120185,0.102785,0.101246,0.103157,0.099151,0.118953,0.230157
515,0.124298,0.121503,0.103097,0.100893,0.103479,0.099392,0.118865,0.228473
516,0.124271,0.123808,0.103549,0.100002,0.104567,0.099814,0.119391,0.224598
517,0.124416,0.128479,0.104335,0.096440,0.104368,0.100206,0.121417,0.220339
518,0.121162,0.125874,0.103043,0.090535,0.099960,0.100757,0.129646,0.229024
519,0.152177,0.084325,0.084915,0.094330,0.076098,0.078273,0.091484,0.338399
520,0.152177,0.084325,0.084915,0.094330,0.076098,0.078273,0.091484,0.338399
521,0.152177,0.084325,0.084915,0.094330,0.076098,0.078273,0.091484,0.338399
522,0.152177,0.084325,0.084915,0.094330,0.076098,0.078273,0.091484,0.338399
523,0.152177,0.084325,0.084915,0.094330,0.076098,0.078273,0.091484,0.338399
524,0.152177,0.084325,0.084915,0.094330,0.076098,0.078273,0.091484,0.338399
525,0.152177,0.084325,0.084915,0.094330,0.076098,0.078273,0.091484,0.338399
526,0.108288,0.077688,0.088666,0.123016,0.109462,0.103345,0.137065,0.252470
527,0.110050,0.079015,0.089314,0.126614,0.112495,0.101735,0.132549,0.248229
528,0.112016,0.080720,0.089645,0.124210,0.111105,0.101097,0.131743,0.249464
529,0.112315,0.081196,0.089879,0.123718,0.110989,0.100926,0.131479,0.249499
530,0.112261,0.081412,0.090059,0.123600,0.110973,0.100862,0.131397,0.249436
531,0.152177,0.084325,0.084915,0.094330,0.076098,0.078273,0.091484,0.338399
532,0.114993,0.088171,0.093301,0.117426,0.108018,0.101157,0.131202,0.245732
533,0.113321,0.086664,0.092949,0.121759,0.109493,0.100583,0.129350,0.245880
534,0.116046,0.088389,0.092795,0.119120,0.108458,0.099988,0.128457,0.246747
535,0.116266,0.088630,0.092876,0.118866,0.108471,0.099865,0.128226,0.246800
536,0.116278,0.088831,0.092984,0.118775,0.108451,0.099806,0.128091,0.246783
537,0.116324,0.089156,0.093139,0.118696,0.108440,0.099790,0.127937,0.246517
538,0.116564,0.089749,0.093423,0.118659,0.108755,0.099882,0.127725,0.245244
539,0.116962,0.090647,0.093970,0.118552,0.110379,0.100419,0.128292,0.240780
540,0.115316,0.093802,0.095955,0.115384,0.112525,0.102327,0.131213,0.233478
541,0.105363,0.083444,0.093143,0.111148,0.112139,0.107940,0.147404,0.239419
542,0.115146,0.088399,0.093284,0.116919,0.107599,0.101057,0.131281,0.246315
543,0.096133,0.080498,0.091367,0.111855,0.110632,0.110091,0.152754,0.246669
544,0.101897,0.077041,0.088692,0.118749,0.111713,0.104804,0.143196,0.253909
545,0.102548,0.077919,0.089004,0.117795,0.110845,0.104410,0.142874,0.254604
546,0.102861,0.078440,0.089206,0.117352,0.110661,0.104253,0.142672,0.254555
547,0.103030,0.078942,0.089444,0.117096,0.110653,0.104217,0.142536,0.254083
548,0.103349,0.079712,0.089856,0.116935,0.110923,0.104305,0.142359,0.252562
549,0.103868,0.080859,0.090681,0.116656,0.112192,0.104933,0.142946,0.247865
550,0.102059,0.083997,0.092651,0.114003,0.113995,0.107631,0.146049,0.239613
551,0.096390,0.076283,0.089357,0.113654,0.115424,0.112053,0.156682,0.240157
552,0.105363,0.083444,0.093143,0.111148,0.112139,0.107940,0.147404,0.239419
553,0.152177,0.084325,0.084915,0.094330,0.076098,0.078273,0.091484,0.338399
554,0.114993,0.088171,0.093301,0.117426,0.108018,0.101157,0.131202,0.245732
555,0.113321,0.086664,0.092949,0.121759,0.109493,0.100583,0.129350,0.245880
556,0.116046,0.088389,0.092795,0.119120,0.108458,0.099988,0.128457,0.246747
557,0.116265,0.088630,0.092875,0.118866,0.108471,0.099866,0.128227,0.246800
558,0.116278,0.088831,0.092984,0.118775,0.108451,0.099806,0.128091,0.246783
559,0.116324,0.089156,0.093139,0.118696,0.108440,0.099790,0.127937,0.246517
560,0.116564,0.089749,0.093423,0.118659,0.108755,0.099882,0.127725,0.245244
561,0.116962,0.090647,0.093970,0.118552,0.110379,0.100419,0.128292,0.240780
562,0.115316,0.093802,0.095955,0.115384,0.112525,0.102327,0.131213,0.233478
563,0.105363,0.083444,0.093143,0.111148,0.112139,0.107940,0.147404,0.239419
564,0.152177,0.084325,0.084915,0.094330,0.076098,0.078273,0.091484,0.338399
565,0.152177,0.084325,0.084915,0.094330,0.076098,0.078273,0.091484,0.338399
566,0.152177,0.084325,0.084915,0.094330,0.076098,0.078273,0.091484,0.338399
567,0.152177,0.084325,0.084915,0.094330,0.076098,0.078273,0.091484,0.338399
568,0.152177,0.084325,0.084915,0.094330,0.076098,0.078273,0.091484,0.338399
569,0.152177,0.084325,0.084915,0.094330,0.076098,0.078273,0.091484,0.338399
570,0.152177,0.084325,0.084915,0.094330,0.076098,0.078273,0.091484,0.338399
571,0.152177,0.084325,0.084915,0.094330,0.076098,0.078273,0.091484,0.338399
572,0.152177,0.084325,0.084915,0.094330,0.076098,0.078273,0.091484,0.338399
573,0.152177,0.084325,0.084915,0.094330,0.076098,0.078273,0.091484,0.338399
574,0.152177,0.084325,0.084915,0.094330,0.076098,0.078273,0.091484,0.338399
575,0.152177,0.084325,0.084915,0.094330,0.076098,0.078273,0.091484,0.338399
576,0.152177,0.084325,0.084915,0.094330,0.076098,0.078273,0.091484,0.338399
577,0.152177,0.084325,0.084915,0.094330,0.076098,0.078273,0.091484,0.338399
578,0.152177,0.084325,0.084915,0.094330,0.076098,0.078273,0.091484,0.338399
579,0.131882,0.113690,0.100177,0.103362,0.105358,0.098926,0.118911,0.227693
580,0.124511,0.120112,0.100524,0.094510,0.101059,0.100567,0.127850,0.230868
581,0.117133,0.118062,0.100696,0.097246,0.102880,0.099919,0.127594,0.236470
582,0.118936,0.118705,0.100687,0.096410,0.102010,0.099674,0.127170,0.236409
583,0.118791,0.119226,0.100850,0.096274,0.102086,0.099752,0.127167,0.235853
584,0.118671,0.119936,0.101079,0.096107,0.102157,0.099872,0.127117,0.235061
585,0.118602,0.121306,0.101521,0.095824,0.102445,0.100094,0.126975,0.233234
586,0.118236,0.123241,0.102229,0.095130,0.103365,0.100564,0.127609,0.229626
587,0.117063,0.126889,0.102927,0.092497,0.103590,0.101574,0.130035,0.225425
588,0.115398,0.124001,0.101565,0.090128,0.100823,0.102028,0.134968,0.231088
589,0.124065,0.129755,0.104085,0.090085,0.100658,0.100600,0.126958,0.223794
590,0.119739,0.096722,0.095621,0.110902,0.106195,0.099622,0.127916,0.243283
591,0.115463,0.094566,0.095986,0.116513,0.106662,0.099752,0.127395,0.243663
592,0.117975,0.095840,0.095543,0.114333,0.106063,0.099404,0.126875,0.243967
593,0.118021,0.095902,0.095506,0.114285,0.106243,0.099389,0.126825,0.243830
594,0.117963,0.096043,0.095558,0.114240,0.106236,0.099380,0.126783,0.243797
595,0.114825,0.109983,0.098934,0.098375,0.102358,0.102419,0.136309,0.236797
596,0.110378,0.104493,0.097162,0.103063,0.104294,0.101242,0.135417,0.243950
597,0.111609,0.105091,0.098001,0.102656,0.104813,0.101541,0.135751,0.240537
598,0.109670,0.108450,0.099550,0.100021,0.105889,0.103204,0.138225,0.234990
599,0.106328,0.103439,0.098103,0.098170,0.105428,0.105473,0.145262,0.237797
600,0.124367,0.120185,0.102785,0.101246,0.103157,0.099151,0.118953,0.230157
601,0.124298,0.121503,0.103097,0.100893,0.103479,0.099392,0.118865,0.228473
602,0.124271,0.123808,0.103549,0.100002,0.104567,0.099814,0.119391,0.224598
603,0.124416,0.128479,0.104335,0.096440,0.104368,0.100206,0.121417,0.220339
604,0.123054,0.129557,0.102445,0.085568,0.096411,0.102813,0.135980,0.224171
605,0.120112,0.117037,0.100769,0.095202,0.101486,0.101258,0.131013,0.233123
606,0.117052,0.113228,0.098987,0.099422,0.102708,0.099791,0.128749,0.240063
607,0.106067,0.103349,0.100344,0.100109,0.105310,0.105934,0.141641,0.237246
608,0.111507,0.096739,0.096119,0.107323,0.106764,0.101834,0.133873,0.245841
609,0.102879,0.099276,0.098895,0.101486,0.107344,0.107406,0.145304,0.237410
610,0.108631,0.095049,0.095978,0.107801,0.107907,0.102921,0.136311,0.245402
611,0.109185,0.096771,0.097020,0.107011,0.108061,0.103315,0.136519,0.242118
612,0.109150,0.100746,0.097917,0.104002,0.108211,0.104585,0.138725,0.236664
613,0.109239,0.101659,0.096673,0.100100,0.105641,0.105556,0.142999,0.238134
614,0.106467,0.096998,0.095820,0.101906,0.107550,0.107117,0.146414,0.237728
615,0.107279,0.094287,0.095688,0.107851,0.109744,0.105051,0.141391,0.238709
616,0.103355,0.090095,0.094260,0.105449,0.110155,0.108843,0.149738,0.238104
617,0.119433,0.104806,0.098420,0.108362,0.108374,0.100969,0.128701,0.230935
618,0.113481,0.102668,0.098489,0.100368,0.104548,0.103711,0.139669,0.237066
619,0.152177,0.084325,0.084915,0.094330,0.076098,0.078273,0.091484,0.338399
620,0.152177,0.084325,0.084915,0.094330,0.076098,0.078273,0.091484,0.338399
621,0.152177,0.084325,0.084915,0.094330,0.076098,0.078273,0.091484,0.338399
622,0.152177,0.084325,0.084915,0.094330,0.076098,0.078273,0.091484,0.338399
623,0.152177,0.084325,0.084915,0.094330,0.076098,0.078273,0.091484,0.338399
624,0.118942,0.095304,0.095441,0.111879,0.106386,0.099721,0.128206,0.244121
625,0.115362,0.093380,0.095616,0.117162,0.107082,0.099861,0.127538,0.243999
626,0.117760,0.094485,0.095117,0.115143,0.106679,0.099533,0.127019,0.244264
627,0.117829,0.094529,0.095088,0.115111,0.106886,0.099509,0.126923,0.244124
628,0.117810,0.094684,0.095158,0.115064,0.106900,0.099491,0.126834,0.244059
629,0.117865,0.095033,0.095292,0.114966,0.106872,0.099486,0.126688,0.243798
630,0.097704,0.086267,0.094514,0.109642,0.109409,0.109881,0.151449,0.241135
631,0.104115,0.081566,0.091284,0.117154,0.112346,0.104963,0.142016,0.246557
632,0.090499,0.084534,0.095260,0.108548,0.115327,0.116440,0.160730,0.228662
633,0.095998,0.077890,0.090243,0.112461,0.114369,0.112752,0.157257,0.239032
634,0.085415,0.070181,0.088894,0.118916,0.115209,0.115384,0.161256,0.244746
635,0.086522,0.072448,0.089854,0.117298,0.115769,0.115489,0.160676,0.241945
636,0.097391,0.073086,0.088130,0.121299,0.114116,0.107564,0.147496,0.250918
637,0.098725,0.075023,0.089222,0.120171,0.114507,0.107673,0.147605,0.247075
638,0.097198,0.078138,0.091227,0.117194,0.116200,0.109881,0.150386,0.239777
639,0.078991,0.068539,0.088874,0.112331,0.121806,0.125108,0.176090,0.228261
640,0.094351,0.073737,0.089562,0.119923,0.117732,0.111572,0.153460,0.239662
641,0.090741,0.069273,0.086653,0.117248,0.117610,0.115011,0.162376,0.241088
642,0.096128,0.075060,0.089756,0.119000,0.116838,0.110621,0.151822,0.240774
643,0.091421,0.069976,0.087004,0.116960,0.117504,0.114364,0.161443,0.241328
644,0.093482,0.072690,0.088293,0.115413,0.116223,0.113430,0.159172,0.241297
645,0.113558,0.084095,0.091336,0.122277,0.110339,0.100683,0.130421,0.247291
646,0.113911,0.084831,0.091897,0.122180,0.112014,0.101278,0.131093,0.242796
647,0.111638,0.087270,0.093899,0.119329,0.114777,0.103770,0.134572,0.234745
648,0.099648,0.093918,0.096303,0.100164,0.108928,0.112072,0.157650,0.231317
649,0.124801,0.117744,0.101872,0.102287,0.103423,0.098845,0.118909,0.232119
650,0.124638,0.118393,0.102357,0.101950,0.103233,0.098919,0.118988,0.231523
651,0.121318,0.120413,0.101141,0.093818,0.100922,0.100927,0.129714,0.231747
652,0.103628,0.097085,0.098448,0.103503,0.106227,0.107148,0.144660,0.239301
653,0.109746,0.091706,0.094651,0.110596,0.108541,0.102564,0.135389,0.246806
654,0.110067,0.092615,0.095126,0.110279,0.108275,0.102628,0.135156,0.245853
655,0.110423,0.094095,0.095789,0.109594,0.109025,0.103134,0.135590,0.242350
656,0.110419,0.097849,0.096537,0.106425,0.109085,0.104547,0.138074,0.237064
657,0.103880,0.109122,0.100428,0.092692,0.104092,0.110474,0.152445,0.226867
658,0.107283,0.095492,0.096940,0.108432,0.108038,0.103061,0.137252,0.243501
659,0.108039,0.100475,0.098304,0.104883,0.108308,0.104227,0.138787,0.236977
660,0.107605,0.101647,0.097221,0.100676,0.106331,0.105580,0.143414,0.237525
661,0.101752,0.089203,0.094647,0.106196,0.110355,0.108393,0.149881,0.239571
662,0.119926,0.109393,0.099979,0.106465,0.102652,0.098902,0.124237,0.238446
663,0.120136,0.110242,0.100140,0.106210,0.102829,0.099032,0.124124,0.237288
664,0.120567,0.111626,0.100276,0.105623,0.104085,0.099424,0.124660,0.233739
665,0.120866,0.116851,0.101786,0.101478,0.104482,0.100110,0.126079,0.228348
666,0.114391,0.108630,0.099795,0.096966,0.102631,0.102810,0.137965,0.236813
667,0.152177,0.084325,0.084915,0.094330,0.076098,0.078273,0.091484,0.338399
668,0.152177,0.084325,0.084915,0.094330,0.076098,0.078273,0.091484,0.338399
669,0.152177,0.084325,0.084915,0.094330,0.076098,0.078273,0.091484,0.338399
670,0.152177,0.084325,0.084915,0.094330,0.076098,0.078273,0.091484,0.338399
671,0.152177,0.084325,0.084915,0.094330,0.076098,0.078273,0.091484,0.338399
672,0.152177,0.084325,0.084915,0.094330,0.076098,0.078273,0.091484,0.338399
673,0.152177,0.084325,0.084915,0.094330,0.076098,0.078273,0.091484,0.338399
674,0.152177,0.084325,0.084915,0.094330,0.076098,0.078273,0.091484,0.338399
675,0.152177,0.084325,0.084915,0.094330,0.076098,0.078273,0.091484,0.338399
676,0.152177,0.084325,0.084915,0.094330,0.076098,0.078273,0.091484,0.338399
677,0.152177,0.084325,0.084915,0.094330,0.076098,0.078273,0.091484,0.338399
678,0.152177,0.084325,0.084915,0.094330,0.076098,0.078273,0.091484,0.338399
679,0.131882,0.113690,0.100177,0.103362,0.105358,0.098926,0.118911,0.227693
680,0.124802,0.117744,0.101872,0.102287,0.103423,0.098845,0.118908,0.232119
681,0.123188,0.120424,0.100999,0.094381,0.101084,0.100664,0.128369,0.230891
682,0.117182,0.117292,0.100524,0.097538,0.102298,0.099801,0.127672,0.237693
683,0.121516,0.119695,0.100898,0.093716,0.100908,0.101075,0.130271,0.231922
684,0.115470,0.116603,0.100425,0.096919,0.102440,0.100326,0.129547,0.238271
685,0.123183,0.123547,0.101686,0.092396,0.100924,0.100567,0.128843,0.228853
686,0.114723,0.122776,0.103165,0.094958,0.104605,0.101297,0.129616,0.228859
687,0.115176,0.127332,0.103763,0.091773,0.104025,0.102166,0.131492,0.224274
688,0.116065,0.126259,0.102578,0.089540,0.101312,0.102093,0.134298,0.227856
689,0.122650,0.129814,0.103168,0.088119,0.099440,0.102559,0.132596,0.221654
690,0.116110,0.125753,0.101504,0.088990,0.099979,0.101905,0.134968,0.230790
691,0.116080,0.126476,0.102840,0.091520,0.102750,0.101815,0.131470,0.227047
692,0.116591,0.124654,0.101613,0.089667,0.100307,0.101833,0.134359,0.230975
693,0.120320,0.129480,0.103339,0.091243,0.102298,0.100690,0.127670,0.224960
694,0.125937,0.133403,0.103149,0.084352,0.095683,0.101973,0.133800,0.221704
695,0.117235,0.123253,0.102485,0.095900,0.103616,0.100649,0.126528,0.230333
696,0.118915,0.125654,0.102865,0.094359,0.103490,0.100763,0.126665,0.227290
697,0.117639,0.129305,0.103541,0.091541,0.103508,0.101724,0.129297,0.223444
698,0.117464,0.126088,0.102132,0.089505,0.100692,0.101783,0.133223,0.229111
699,0.125879,0.124459,0.101800,0.093101,0.100767,0.100522,0.126123,0.227350
700,0.118891,0.123548,0.102158,0.095488,0.102676,0.100044,0.125399,0.231796
701,0.120653,0.125632,0.102624,0.094053,0.102579,0.100141,0.125628,0.228689
702,0.118778,0.128816,0.103267,0.091353,0.102723,0.101219,0.128944,0.224900
703,0.118665,0.126923,0.102251,0.089128,0.100300,0.101457,0.132465,0.228811
704,0.124772,0.121401,0.102899,0.100812,0.104454,0.099594,0.118892,0.227177
705,0.124607,0.122802,0.103263,0.100464,0.104868,0.099884,0.118820,0.225290
706,0.124335,0.125316,0.103854,0.099508,0.105955,0.100388,0.119464,0.221181
707,0.124214,0.130242,0.104862,0.095619,0.105227,0.100760,0.121615,0.217462
708,0.122527,0.128452,0.103643,0.089937,0.100270,0.100582,0.128468,0.226119
709,0.152177,0.084325,0.084915,0.094330,0.076098,0.078273,0.091484,0.338399
710,0.152177,0.084325,0.084915,0.094330,0.076098,0.078273,0.091484,0.338399
711,0.152177,0.084325,0.084915,0.094330,0.076098,0.078273,0.091484,0.338399
712,0.152177,0.084325,0.084915,0.094330,0.076098,0.078273,0.091484,0.338399
713,0.152177,0.084325,0.084915,0.094330,0.076098,0.078273,0.091484,0.338399
714,0.152177,0.084325,0.084915,0.094330,0.076098,0.078273,0.091484,0.338399
715,0.152177,0.084325,0.084915,0.094330,0.076098,0.078273,0.091484,0.338399
716,0.152177,0.084325,0.084915,0.094330,0.076098,0.078273,0.091484,0.338399
717,0.152177,0.084325,0.084915,0.094330,0.076098,0.078273,0.091484,0.338399
718,0.152177,0.084325,0.084915,0.094330,0.076098,0.078273,0.091484,0.338399
719,0.129688,0.113087,0.100072,0.103075,0.104380,0.098663,0.120245,0.230791
720,0.123016,0.117048,0.101936,0.102429,0.102597,0.098769,0.120283,0.233923
721,0.123109,0.117763,0.102301,0.101961,0.102413,0.098824,0.120384,0.233245
722,0.123018,0.118300,0.102432,0.101709,0.102346,0.098879,0.120413,0.232903
723,0.122959,0.118806,0.102551,0.101489,0.102284,0.098940,0.120411,0.232561
724,0.122918,0.119533,0.102721,0.101227,0.102251,0.099035,0.120355,0.231960
725,0.122921,0.120789,0.103016,0.100864,0.102481,0.099238,0.120242,0.230448
726,0.122825,0.123036,0.103411,0.099960,0.103533,0.099675,0.120778,0.226781
727,0.104513,0.107747,0.102306,0.097487,0.105576,0.109121,0.146281,0.226970
728,0.110842,0.097967,0.095736,0.103056,0.106776,0.105725,0.141981,0.237918
729,0.116046,0.088389,0.092795,0.119120,0.108458,0.099988,0.128457,0.246747
730,0.116265,0.088630,0.092875,0.118866,0.108471,0.099866,0.128227,0.246800
731,0.116278,0.088831,0.092984,0.118775,0.108451,0.099806,0.128091,0.246783
732,0.116324,0.089156,0.093139,0.118696,0.108440,0.099790,0.127937,0.246517
733,0.116564,0.089749,0.093423,0.118659,0.108755,0.099882,0.127725,0.245244
734,0.116962,0.090647,0.093970,0.118552,0.110379,0.100419,0.128292,0.240780
735,0.115316,0.093802,0.095955,0.115384,0.112525,0.102327,0.131213,0.233478
736,0.105363,0.083444,0.093143,0.111148,0.112139,0.107940,0.147404,0.239419
737,0.152177,0.084325,0.084915,0.094330,0.076098,0.078273,0.091484,0.338399
738,0.152177,0.084325,0.084915,0.094330,0.076098,0.078273,0.091484,0.338399
739,0.152177,0.084325,0.084915,0.094330,0.076098,0.078273,0.091484,0.338399
740,0.152177,0.084325,0.084915,0.094330,0.076098,0.078273,0.091484,0.338399
741,0.152177,0.084325,0.084915,0.094330,0.076098,0.078273,0.091484,0.338399
742,0.152177,0.084325,0.084915,0.094330,0.076098,0.078273,0.091484,0.338399
743,0.152177,0.084325,0.084915,0.094330,0.076098,0.078273,0.091484,0.338399
744,0.152177,0.084325,0.084915,0.094330,0.076098,0.078273,0.091484,0.338399
745,0.152177,0.084325,0.084915,0.094330,0.076098,0.078273,0.091484,0.338399
746,0.152177,0.084325,0.084915,0.094330,0.076098,0.078273,0.091484,0.338399
747,0.152177,0.084325,0.084915,0.094330,0.076098,0.078273,0.091484,0.338399
748,0.152177,0.084325,0.084915,0.094330,0.076098,0.078273,0.091484,0.338399
749,0.152177,0.084325,0.084915,0.094330,0.076098,0.078273,0.091484,0.338399
750,0.152177,0.084325,0.084915,0.094330,0.076098,0.078273,0.091484,0.338399
751,0.152177,0.084325,0.084915,0.094330,0.076098,0.078273,0.091484,0.338399
752,0.152177,0.084325,0.084915,0.094330,0.076098,0.078273,0.091484,0.338399
753,0.152177,0.084325,0.084915,0.094330,0.076098,0.078273,0.091484,0.338399
754,0.137068,0.115710,0.100035,0.101999,0.105153,0.098683,0.116076,0.225277
755,0.129369,0.121316,0.100571,0.095136,0.101363,0.099902,0.123995,0.228347
756,0.127139,0.122490,0.100780,0.093119,0.100670,0.099484,0.126191,0.230128
757,0.119484,0.119850,0.101384,0.096479,0.103436,0.099720,0.125706,0.233943
758,0.120607,0.120478,0.101521,0.095772,0.102696,0.099579,0.125546,0.233802
759,0.120292,0.121478,0.101822,0.095372,0.102697,0.099704,0.125638,0.232997
760,0.119845,0.122890,0.102335,0.094936,0.103041,0.099988,0.125799,0.231166
761,0.119378,0.124755,0.103206,0.094107,0.103866,0.100430,0.126663,0.227594
762,0.125457,0.131331,0.103350,0.087601,0.098745,0.101730,0.130663,0.221123
763,0.119246,0.129351,0.101915,0.087930,0.099051,0.101114,0.132429,0.228963
764,0.118092,0.127166,0.102069,0.088855,0.099802,0.101417,0.133227,0.229372
765,0.121052,0.130100,0.102924,0.088027,0.099830,0.101206,0.130823,0.226038
766,0.124980,0.120607,0.102777,0.101106,0.104453,0.099497,0.118832,0.227747
767,0.124861,0.121412,0.102979,0.100852,0.104497,0.099631,0.118775,0.226994
768,0.124698,0.122809,0.103340,0.100505,0.104922,0.099922,0.118703,0.225102
769,0.124422,0.125298,0.103937,0.099563,0.106030,0.100426,0.119352,0.220974
770,0.124231,0.130227,0.104956,0.095705,0.105344,0.100806,0.121539,0.217191
771,0.122863,0.128919,0.103815,0.089879,0.100346,0.100600,0.128161,0.225417
772,0.152177,0.084325,0.084915,0.094330,0.076098,0.078273,0.091484,0.338399
773,0.152177,0.084325,0.084915,0.094330,0.076098,0.078273,0.091484,0.338399
774,0.152177,0.084325,0.084915,0.094330,0.076098,0.078273,0.091484,0.338399
775,0.152177,0.084325,0.084915,0.094330,0.076098,0.078273,0.091484,0.338399
776,0.152177,0.084325,0.084915,0.094330,0.076098,0.078273,0.091484,0.338399
777,0.152177,0.084325,0.084915,0.094330,0.076098,0.078273,0.091484,0.338399
778,0.152177,0.084325,0.084915,0.094330,0.076098,0.078273,0.091484,0.338399
779,0.152177,0.084325,0.084915,0.094330,0.076098,0.078273,0.091484,0.338399
780,0.152177,0.084325,0.084915,0.094330,0.076098,0.078273,0.091484,0.338399
781,0.152177,0.084325,0.084915,0.094330,0.076098,0.078273,0.091484,0.338399
782,0.124318,0.105604,0.098211,0.106296,0.104949,0.099114,0.124745,0.236764
783,0.119157,0.107396,0.099502,0.108116,0.103555,0.098837,0.124263,0.239174
784,0.119947,0.108097,0.099747,0.107151,0.103032,0.098799,0.124252,0.238976
785,0.119948,0.108587,0.099821,0.106867,0.102884,0.098822,0.124255,0.238818
786,0.119905,0.108948,0.099896,0.106659,0.102749,0.098855,0.124269,0.238720
787,0.119934,0.109456,0.099994,0.106428,0.102635,0.098904,0.124223,0.238426
788,0.120145,0.110308,0.100154,0.106171,0.102812,0.099033,0.124109,0.237268
789,0.120574,0.111698,0.100290,0.105581,0.104066,0.099425,0.124645,0.233721
790,0.120879,0.116926,0.101800,0.101434,0.104461,0.100109,0.126059,0.228332
791,0.109677,0.114764,0.099702,0.091776,0.101878,0.103809,0.141948,0.236446
792,0.112669,0.120789,0.100663,0.089908,0.100384,0.102695,0.138272,0.234620
793,0.072618,0.030543,0.060572,0.144954,0.127344,0.123524,0.181408,0.259038
794,0.119558,0.123784,0.101953,0.094668,0.102586,0.100198,0.126786,0.230468
795,0.118635,0.127216,0.102676,0.092221,0.102838,0.101131,0.129084,0.226201
796,0.117610,0.124939,0.101476,0.089851,0.100039,0.101376,0.133310,0.231399
797,0.107464,0.116029,0.102154,0.089236,0.100797,0.109026,0.149313,0.225980
798,0.115389,0.094475,0.096028,0.116585,0.106611,0.099761,0.127401,0.243749
799,0.117916,0.095718,0.095548,0.114411,0.106075,0.099411,0.126875,0.244045
800,0.117966,0.095763,0.095507,0.114374,0.106276,0.099394,0.126816,0.243905
801,0.117911,0.095898,0.095560,0.114334,0.106278,0.099383,0.126768,0.243868
802,0.117938,0.096236,0.095680,0.114234,0.106235,0.099384,0.126657,0.243637
803,0.118155,0.096862,0.095911,0.114156,0.106485,0.099474,0.126478,0.242478
804,0.118585,0.097716,0.096188,0.113971,0.108068,0.099955,0.127064,0.238453
805,0.103649,0.102572,0.098563,0.101875,0.108383,0.104812,0.142920,0.237227
806,0.106775,0.107223,0.099409,0.093891,0.104147,0.108570,0.151189,0.228795
807,0.104646,0.098874,0.096924,0.100424,0.107137,0.106273,0.146993,0.238729
808,0.120338,0.119112,0.100487,0.095988,0.101132,0.099386,0.126508,0.237049
809,0.120232,0.119906,0.100668,0.095775,0.101192,0.099473,0.126454,0.236299
810,0.120033,0.121212,0.101105,0.095511,0.101493,0.099691,0.126367,0.234589
811,0.119809,0.123274,0.101869,0.094859,0.102406,0.100172,0.126819,0.230791
812,0.118789,0.126691,0.102620,0.092339,0.102567,0.101107,0.129167,0.226720
813,0.118170,0.124275,0.101426,0.090022,0.099897,0.101497,0.133120,0.231594
814,0.124416,0.128479,0.104335,0.096440,0.104368,0.100206,0.121417,0.220339
815,0.121162,0.125874,0.103043,0.090535,0.099960,0.100757,0.129646,0.229024
816,0.152177,0.084325,0.084915,0.094330,0.076098,0.078273,0.091484,0.338399
817,0.152177,0.084325,0.084915,0.094330,0.076098,0.078273,0.091484,0.338399
818,0.152177,0.084325,0.084915,0.094330,0.076098,0.078273,0.091484,0.338399
819,0.152177,0.084325,0.084915,0.094330,0.076098,0.078273,0.091484,0.338399
820,0.152177,0.084325,0.084915,0.094330,0.076098,0.078273,0.091484,0.338399
821,0.152177,0.084325,0.084915,0.094330,0.076098,0.078273,0.091484,0.338399
822,0.152177,0.084325,0.084915,0.094330,0.076098,0.078273,0.091484,0.338399
823,0.152177,0.084325,0.084915,0.094330,0.076098,0.078273,0.091484,0.338399
824,0.152177,0.084325,0.084915,0.094330,0.076098,0.078273,0.091484,0.338399
825,0.152177,0.084325,0.084915,0.094330,0.076098,0.078273,0.091484,0.338399
826,0.152177,0.084325,0.084915,0.094330,0.076098,0.078273,0.091484,0.338399
827,0.152177,0.084325,0.084915,0.094330,0.076098,0.078273,0.091484,0.338399
828,0.152177,0.084325,0.084915,0.094330,0.076098,0.078273,0.091484,0.338399
829,0.152177,0.084325,0.084915,0.094330,0.076098,0.078273,0.091484,0.338399
830,0.152177,0.084325,0.084915,0.094330,0.076098,0.078273,0.091484,0.338399
831,0.152177,0.084325,0.084915,0.094330,0.076098,0.078273,0.091484,0.338399
832,0.152177,0.084325,0.084915,0.094330,0.076098,0.078273,0.091484,0.338399
833,0.152177,0.084325,0.084915,0.094330,0.076098,0.078273,0.091484,0.338399
834,0.152177,0.084325,0.084915,0.094330,0.076098,0.078273,0.091484,0.338399
835,0.152177,0.084325,0.084915,0.094330,0.076098,0.078273,0.091484,0.338399
836,0.152177,0.084325,0.084915,0.094330,0.076098,0.078273,0.091484,0.338399
837,0.105636,0.073139,0.086313,0.125731,0.110650,0.104438,0.139533,0.254558
838,0.109037,0.075674,0.087483,0.128474,0.113919,0.102294,0.133845,0.249273
839,0.110822,0.077250,0.087840,0.126297,0.112693,0.101660,0.132977,0.250462
840,0.111182,0.077800,0.088115,0.125712,0.112542,0.101455,0.132655,0.250538
841,0.111145,0.078034,0.088309,0.125554,0.112526,0.101374,0.132559,0.250498
842,0.111126,0.078300,0.088508,0.125448,0.112540,0.101356,0.132481,0.250242
843,0.111315,0.078750,0.088820,0.125399,0.112893,0.101471,0.132352,0.249001
844,0.111479,0.079303,0.089469,0.125420,0.114667,0.102228,0.133181,0.244254
845,0.108638,0.080428,0.091287,0.123021,0.117605,0.105240,0.137398,0.236384
846,0.098552,0.072481,0.088965,0.116961,0.115655,0.110722,0.153602,0.243062
847,0.152177,0.084325,0.084915,0.094330,0.076098,0.078273,0.091484,0.338399
848,0.131254,0.113938,0.100294,0.102919,0.104688,0.098799,0.119089,0.229020
849,0.124046,0.117842,0.102008,0.102066,0.102871,0.098820,0.119390,0.232958
850,0.124079,0.118466,0.102410,0.101687,0.102657,0.098874,0.119493,0.232334
851,0.123987,0.118998,0.102532,0.101432,0.102559,0.098921,0.119527,0.232043
852,0.085325,0.035002,0.060899,0.153066,0.120405,0.112599,0.161061,0.271642
853,0.084751,0.035022,0.061260,0.153728,0.121214,0.113000,0.161237,0.269788
854,0.084148,0.035375,0.062096,0.154457,0.122473,0.113547,0.161573,0.266330
855,0.085017,0.037026,0.064145,0.153497,0.124433,0.114702,0.161850,0.259332
856,0.082805,0.037403,0.065920,0.151359,0.129267,0.118108,0.165661,0.249477
857,0.077217,0.032537,0.062136,0.146085,0.127545,0.121223,0.176627,0.256632
858,0.152177,0.084325,0.084915,0.094330,0.076098,0.078273,0.091484,0.338399
859,0.152177,0.084325,0.084915,0.094330,0.076098,0.078273,0.091484,0.338399
860,0.152177,0.084325,0.084915,0.094330,0.076098,0.078273,0.091484,0.338399
861,0.152177,0.084325,0.084915,0.094330,0.076098,0.078273,0.091484,0.338399
862,0.152177,0.084325,0.084915,0.094330,0.076098,0.078273,0.091484,0.338399
863,0.131882,0.113690,0.100177,0.103362,0.105358,0.098926,0.118911,0.227693
864,0.124802,0.117744,0.101872,0.102287,0.103423,0.098845,0.118908,0.232119
865,0.124638,0.118393,0.102357,0.101950,0.103233,0.098919,0.118988,0.231522
866,0.124539,0.118932,0.102479,0.101691,0.103167,0.098970,0.119009,0.231212
867,0.124455,0.119436,0.102603,0.101489,0.103137,0.099037,0.119003,0.230840
868,0.092680,0.090610,0.095666,0.100482,0.110119,0.117089,0.162480,0.230874
869,0.104555,0.082262,0.091836,0.115944,0.113690,0.106107,0.141159,0.244446
870,0.103116,0.082985,0.091926,0.114035,0.114207,0.108337,0.144965,0.240429
871,0.124416,0.128479,0.104335,0.096440,0.104368,0.100206,0.121417,0.220339
872,0.121162,0.125874,0.103043,0.090535,0.099960,0.100757,0.129646,0.229024
873,0.152177,0.084325,0.084915,0.094330,0.076098,0.078273,0.091484,0.338399
874,0.108791,0.074071,0.086374,0.127499,0.115140,0.102778,0.135476,0.249873
875,0.152177,0.084325,0.084915,0.094330,0.076098,0.078273,0.091484,0.338399
876,0.152177,0.084325,0.084915,0.094330,0.076098,0.078273,0.091484,0.338399
877,0.093683,0.063982,0.084754,0.120578,0.117290,0.112842,0.160066,0.246806
878,0.152177,0.084325,0.084915,0.094330,0.076098,0.078273,0.091484,0.338399
879,0.108004,0.077281,0.088404,0.123183,0.109741,0.103488,0.137326,0.252573
880,0.109906,0.078612,0.089070,0.126856,0.112822,0.101830,0.132705,0.248199
881,0.111863,0.080349,0.089432,0.124427,0.111383,0.101188,0.131909,0.249450
882,0.112152,0.080832,0.089677,0.123930,0.111252,0.101018,0.131654,0.249483
883,0.112091,0.081048,0.089860,0.123810,0.111232,0.100955,0.131583,0.249421
884,0.112074,0.081319,0.090050,0.123722,0.111237,0.100944,0.131505,0.249150
885,0.112291,0.081786,0.090338,0.123685,0.111588,0.101048,0.131352,0.247912
886,0.112561,0.082393,0.090934,0.123705,0.113395,0.101724,0.132060,0.243229
887,0.109995,0.084064,0.092863,0.121154,0.116425,0.104497,0.135828,0.235174
888,0.098857,0.073158,0.089287,0.116648,0.115499,0.110589,0.153248,0.242714
889,0.152177,0.084325,0.084915,0.094330,0.076098,0.078273,0.091484,0.338399
890,0.152177,0.084325,0.084915,0.094330,0.076098,0.078273,0.091484,0.338399
891,0.152177,0.084325,0.084915,0.094330,0.076098,0.078273,0.091484,0.338399
892,0.152177,0.084325,0.084915,0.094330,0.076098,0.078273,0.091484,0.338399
893,0.152177,0.084325,0.084915,0.094330,0.076098,0.078273,0.091484,0.338399
894,0.152177,0.084325,0.084915,0.094330,0.076098,0.078273,0.091484,0.338399
895,0.152177,0.084325,0.084915,0.094330,0.076098,0.078273,0.091484,0.338399
896,0.152177,0.084325,0.084915,0.094330,0.076098,0.078273,0.091484,0.338399
897,0.152177,0.084325,0.084915,0.094330,0.076098,0.078273,0.091484,0.338399
898,0.152177,0.084325,0.084915,0.094330,0.076098,0.078273,0.091484,0.338399
899,0.152177,0.084325,0.084915,0.094330,0.076098,0.078273,0.091484,0.338399
900,0.152177,0.084325,0.084915,0.094330,0.076098,0.078273,0.091484,0.338399
901,0.134149,0.114430,0.100240,0.102852,0.105530,0.099260,0.118245,0.225295
902,0.126196,0.118508,0.102057,0.101968,0.104604,0.099263,0.118223,0.229182
903,0.125809,0.119296,0.102608,0.101678,0.104432,0.099349,0.118263,0.228566
904,0.125769,0.119863,0.102686,0.101373,0.104302,0.099389,0.118256,0.228361
905,0.125675,0.120419,0.102811,0.101148,0.104269,0.099469,0.118245,0.227964
906,0.125533,0.121245,0.103013,0.100888,0.104340,0.099618,0.118207,0.227156
907,0.125343,0.122650,0.103376,0.100546,0.104798,0.099932,0.118159,0.225196
908,0.125136,0.125039,0.103976,0.099622,0.105926,0.100462,0.118810,0.221029
909,0.124797,0.130031,0.104899,0.095621,0.105166,0.100915,0.121265,0.217306
910,0.124065,0.129755,0.104085,0.090085,0.100658,0.100600,0.126958,0.223794
911,0.122493,0.101075,0.096741,0.108548,0.105884,0.099507,0.126357,0.239395
912,0.117639,0.099385,0.097277,0.113383,0.105618,0.099294,0.126024,0.241380
913,0.119582,0.100614,0.097140,0.111548,0.104786,0.099055,0.125701,0.241575
914,0.117725,0.112720,0.099358,0.097106,0.101966,0.101881,0.133782,0.235462
915,0.111312,0.107876,0.097891,0.100891,0.103990,0.100833,0.134408,0.242799
916,0.112720,0.108190,0.098245,0.100579,0.103435,0.100676,0.133870,0.242285
917,0.111387,0.100313,0.096218,0.104473,0.104816,0.101937,0.136197,0.244660
918,0.112943,0.109829,0.098970,0.100098,0.104488,0.101285,0.134526,0.237860
919,0.111124,0.113789,0.100657,0.097345,0.105246,0.102754,0.136725,0.232359
920,0.108534,0.110417,0.099498,0.094426,0.103305,0.104077,0.143000,0.236743
921,0.118295,0.117937,0.100619,0.096965,0.102688,0.100399,0.128841,0.234256
922,0.124231,0.130227,0.104956,0.095705,0.105344,0.100806,0.121539,0.217191
923,0.122863,0.128919,0.103815,0.089879,0.100346,0.100600,0.128161,0.225417
924,0.152177,0.084325,0.084915,0.094330,0.076098,0.078273,0.091484,0.338399
925,0.152177,0.084325,0.084915,0.094330,0.076098,0.078273,0.091484,0.338399
926,0.152177,0.084325,0.084915,0.094330,0.076098,0.078273,0.091484,0.338399
927,0.152177,0.084325,0.084915,0.094330,0.076098,0.078273,0.091484,0.338399
928,0.152177,0.084325,0.084915,0.094330,0.076098,0.078273,0.091484,0.338399
929,0.152177,0.084325,0.084915,0.094330,0.076098,0.078273,0.091484,0.338399
930,0.152177,0.084325,0.084915,0.094330,0.076098,0.078273,0.091484,0.338399
931,0.152177,0.084325,0.084915,0.094330,0.076098,0.078273,0.091484,0.338399
932,0.152177,0.084325,0.084915,0.094330,0.076098,0.078273,0.091484,0.338399
933,0.101533,0.068126,0.083183,0.127681,0.111976,0.105967,0.143968,0.257565
934,0.107427,0.072082,0.085248,0.129615,0.115209,0.103169,0.136514,0.250735
935,0.108441,0.072871,0.085454,0.128392,0.114729,0.102784,0.135808,0.251520
936,0.108759,0.073373,0.085740,0.127820,0.114650,0.102605,0.135513,0.251540
937,0.096579,0.067235,0.084676,0.124149,0.115271,0.107723,0.148916,0.255452
938,0.108698,0.073766,0.086100,0.127528,0.114767,0.102586,0.135449,0.251107
939,0.108792,0.074072,0.086375,0.127498,0.115139,0.102777,0.135474,0.249873
940,0.108675,0.074314,0.086922,0.127406,0.116527,0.103697,0.136816,0.245642
941,0.105800,0.074939,0.088779,0.124760,0.118754,0.106737,0.141522,0.238709
942,0.093683,0.063983,0.084755,0.120578,0.117290,0.112841,0.160065,0.246806
943,0.152177,0.084325,0.084915,0.094330,0.076098,0.078273,0.091484,0.338399
944,0.152177,0.084325,0.084915,0.094330,0.076098,0.078273,0.091484,0.338399
945,0.152177,0.084325,0.084915,0.094330,0.076098,0.078273,0.091484,0.338399
946,0.152177,0.084325,0.084915,0.094330,0.076098,0.078273,0.091484,0.338399
947,0.152177,0.084325,0.084915,0.094330,0.076098,0.078273,0.091484,0.338399
948,0.152177,0.084325,0.084915,0.094330,0.076098,0.078273,0.091484,0.338399
949,0.152177,0.084325,0.084915,0.094330,0.076098,0.078273,0.091484,0.338399
950,0.152177,0.084325,0.084915,0.094330,0.076098,0.078273,0.091484,0.338399
951,0.152177,0.084325,0.084915,0.094330,0.076098,0.078273,0.091484,0.338399
952,0.152177,0.084325,0.084915,0.094330,0.076098,0.078273,0.091484,0.338399
953,0.152177,0.084325,0.084915,0.094330,0.076098,0.078273,0.091484,0.338399
954,0.152177,0.084325,0.084915,0.094330,0.076098,0.078273,0.091484,0.338399
955,0.152177,0.084325,0.084915,0.094330,0.076098,0.078273,0.091484,0.338399
956,0.152177,0.084325,0.084915,0.094330,0.076098,0.078273,0.091484,0.338399
957,0.152177,0.084325,0.084915,0.094330,0.076098,0.078273,0.091484,0.338399
958,0.152177,0.084325,0.084915,0.094330,0.076098,0.078273,0.091484,0.338399
959,0.152177,0.084325,0.084915,0.094330,0.076098,0.078273,0.091484,0.338399
960,0.152177,0.084325,0.084915,0.094330,0.076098,0.078273,0.091484,0.338399
961,0.152177,0.084325,0.084915,0.094330,0.076098,0.078273,0.091484,0.338399
962,0.152177,0.084325,0.084915,0.094330,0.076098,0.078273,0.091484,0.338399
963,0.152177,0.084325,0.084915,0.094330,0.076098,0.078273,0.091484,0.338399
964,0.152177,0.084325,0.084915,0.094330,0.076098,0.078273,0.091484,0.338399
965,0.152177,0.084325,0.084915,0.094330,0.076098,0.078273,0.091484,0.338399
966,0.152177,0.084325,0.084915,0.094330,0.076098,0.078273,0.091484,0.338399
967,0.152177,0.084325,0.084915,0.094330,0.076098,0.078273,0.091484,0.338399
968,0.108174,0.077402,0.088491,0.123207,0.109474,0.103413,0.137275,0.252563
969,0.110071,0.078811,0.089196,0.126763,0.112518,0.101749,0.132611,0.248281
970,0.112006,0.080481,0.089519,0.124397,0.111155,0.101117,0.131805,0.249520
971,0.112324,0.080971,0.089755,0.123885,0.111039,0.100940,0.131528,0.249559
972,0.112279,0.081195,0.089936,0.123757,0.111026,0.100873,0.131438,0.249494
973,0.112271,0.081477,0.090130,0.123663,0.111034,0.100860,0.131347,0.249216
974,0.112494,0.081966,0.090431,0.123612,0.111373,0.100962,0.131187,0.247975
975,0.112771,0.082638,0.091054,0.123565,0.113137,0.101636,0.131911,0.243287
976,0.110138,0.084340,0.092990,0.121010,0.116243,0.104455,0.135748,0.235076
977,0.099019,0.073496,0.089485,0.116636,0.115506,0.110540,0.152997,0.242321
978,0.152177,0.084325,0.084915,0.094330,0.076098,0.078273,0.091484,0.338399
979,0.152177,0.084325,0.084915,0.094330,0.076098,0.078273,0.091484,0.338399
980,0.116962,0.090647,0.093970,0.118552,0.110379,0.100419,0.128292,0.240780
981,0.152177,0.084325,0.084915,0.094330,0.076098,0.078273,0.091484,0.338399
982,0.105363,0.083444,0.093143,0.111148,0.112139,0.107940,0.147404,0.239419
983,0.117321,0.113680,0.100040,0.096157,0.101421,0.101700,0.133643,0.236038
984,0.114563,0.109755,0.098343,0.100615,0.102683,0.100065,0.131005,0.242971
985,0.116311,0.110505,0.098786,0.099736,0.101857,0.099759,0.130402,0.242645
986,0.116493,0.111082,0.098809,0.099474,0.101759,0.099772,0.130313,0.242298
987,0.101663,0.095170,0.098157,0.104325,0.106808,0.107919,0.146241,0.239717
988,0.108214,0.089479,0.094042,0.111696,0.109176,0.103106,0.137006,0.247282
989,0.108710,0.090823,0.094778,0.111050,0.109715,0.103582,0.137435,0.243907
990,0.108134,0.095053,0.096114,0.107719,0.110092,0.105169,0.139775,0.237943
991,0.107181,0.094393,0.094865,0.104106,0.108287,0.107046,0.145284,0.238838
992,0.106002,0.090987,0.094105,0.105855,0.109322,0.107639,0.146699,0.239392
993,0.116564,0.089749,0.093423,0.118659,0.108755,0.099882,0.127725,0.245244
994,0.116962,0.090647,0.093970,0.118552,0.110379,0.100419,0.128292,0.240780
995,0.115316,0.093802,0.095955,0.115384,0.112525,0.102327,0.131213,0.233478
996,0.105363,0.083444,0.093143,0.111148,0.112139,0.107940,0.147404,0.239419
997,0.152177,0.084325,0.084915,0.094330,0.076098,0.078273,0.091484,0.338399
998,0.152177,0.084325,0.084915,0.094330,0.076098,0.078273,0.091484,0.338399
999,0.152177,0.084325,0.084915,0.094330,0.076098,0.078273,0.091484,0.338399
1000,0.152177,0.084325,0.084915,0.094330,0.076098,0.078273,0.091484,0.338399
1001,0.152177,0.084325,0.084915,0.094330,0.076098,0.078273,0.091484,0.338399
1002,0.152177,0.084325,0.084915,0.094330,0.076098,0.078273,0.091484,0.338399
1003,0.152177,0.084325,0.084915,0.094330,0.076098,0.078273,0.091484,0.338399
1004,0.152177,0.084325,0.084915,0.094330,0.076098,0.078273,0.091484,0.338399
1005,0.152177,0.084325,0.084915,0.094330,0.076098,0.078273,0.091484,0.338399
1006,0.152177,0.084325,0.084915,0.094330,0.076098,0.078273,0.091484,0.338399
1007,0.152177,0.084325,0.084915,0.094330,0.076098,0.078273,0.091484,0.338399
1008,0.152177,0.084325,0.084915,0.094330,0.076098,0.078273,0.091484,0.338399
1009,0.152177,0.084325,0.084915,0.094330,0.076098,0.078273,0.091484,0.338399
1010,0.152177,0.084325,0.084915,0.094330,0.076098,0.078273,0.091484,0.338399
1011,0.152177,0.084325,0.084915,0.094330,0.076098,0.078273,0.091484,0.338399
1012,0.152177,0.084325,0.084915,0.094330,0.076098,0.078273,0.091484,0.338399
1013,0.152177,0.084325,0.084915,0.094330,0.076098,0.078273,0.091484,0.338399
1014,0.152177,0.084325,0.084915,0.094330,0.076098,0.078273,0.091484,0.338399
1015,0.152177,0.084325,0.084915,0.094330,0.076098,0.078273,0.091484,0.338399
1016,0.152177,0.084325,0.084915,0.094330,0.076098,0.078273,0.091484,0.338399
1017,0.152177,0.084325,0.084915,0.094330,0.076098,0.078273,0.091484,0.338399
1018,0.152177,0.084325,0.084915,0.094330,0.076098,0.078273,0.091484,0.338399
1019,0.152177,0.084325,0.084915,0.094330,0.076098,0.078273,0.091484,0.338399
1020,0.152177,0.084325,0.084915,0.094330,0.076098,0.078273,0.091484,0.338399
1021,0.152177,0.084325,0.084915,0.094330,0.076098,0.078273,0.091484,0.338399
1022,0.152177,0.084325,0.084915,0.094330,0.076098,0.078273,0.091484,0.338399
1023,0.152177,0.084325,0.084915,0.094330,0.076098,0.078273,0.091484,0.338399
1024,0.152177,0.084325,0.084915,0.094330,0.076098,0.078273,0.091484,0.338399
1025,0.152177,0.084325,0.084915,0.094330,0.076098,0.078273,0.091484,0.338399
1026,0.152177,0.084325,0.084915,0.094330,0.076098,0.078273,0.091484,0.338399
1027,0.152177,0.084325,0.084915,0.094330,0.076098,0.078273,0.091484,0.338399
1028,0.152177,0.084325,0.084915,0.094330,0.076098,0.078273,0.091484,0.338399
1029,0.152177,0.084325,0.084915,0.094330,0.076098,0.078273,0.091484,0.338399
1030,0.152177,0.084325,0.084915,0.094330,0.076098,0.078273,0.091484,0.338399
1031,0.152177,0.084325,0.084915,0.094330,0.076098,0.078273,0.091484,0.338399
1032,0.152177,0.084325,0.084915,0.094330,0.076098,0.078273,0.091484,0.338399
1033,0.152177,0.084325,0.084915,0.094330,0.076098,0.078273,0.091484,0.338399
1034,0.152177,0.084325,0.084915,0.094330,0.076098,0.078273,0.091484,0.338399
1035,0.152177,0.084325,0.084915,0.094330,0.076098,0.078273,0.091484,0.338399
1036,0.152177,0.084325,0.084915,0.094330,0.076098,0.078273,0.091484,0.338399
1037,0.152177,0.084325,0.084915,0.094330,0.076098,0.078273,0.091484,0.338399
1038,0.152177,0.084325,0.084915,0.094330,0.076098,0.078273,0.091484,0.338399
1039,0.152177,0.084325,0.084915,0.094330,0.076098,0.078273,0.091484,0.338399
1040,0.152177,0.084325,0.084915,0.094330,0.076098,0.078273,0.091484,0.338399
1041,0.152177,0.084325,0.084915,0.094330,0.076098,0.078273,0.091484,0.338399
1042,0.152177,0.084325,0.084915,0.094330,0.076098,0.078273,0.091484,0.338399
1043,0.152177,0.084325,0.084915,0.094330,0.076098,0.078273,0.091484,0.338399
1044,0.152177,0.084325,0.084915,0.094330,0.076098,0.078273,0.091484,0.338399
1045,0.152177,0.084325,0.084915,0.094330,0.076098,0.078273,0.091484,0.338399
1046,0.152177,0.084325,0.084915,0.094330,0.076098,0.078273,0.091484,0.338399
1047,0.152177,0.084325,0.084915,0.094330,0.076098,0.078273,0.091484,0.338399
1048,0.152177,0.084325,0.084915,0.094330,0.076098,0.078273,0.091484,0.338399
1049,0.152177,0.084325,0.084915,0.094330,0.076098,0.078273,0.091484,0.338399
1050,0.152177,0.084325,0.084915,0.094330,0.076098,0.078273,0.091484,0.338399
1051,0.152177,0.084325,0.084915,0.094330,0.076098,0.078273,0.091484,0.338399
1052,0.152177,0.084325,0.084915,0.094330,0.076098,0.078273,0.091484,0.338399
1053,0.152177,0.084325,0.084915,0.094330,0.076098,0.078273,0.091484,0.338399
1054,0.152177,0.084325,0.084915,0.094330,0.076098,0.078273,0.091484,0.338399
1055,0.152177,0.084325,0.084915,0.094330,0.076098,0.078273,0.091484,0.338399
1056,0.152177,0.084325,0.084915,0.094330,0.076098,0.078273,0.091484,0.338399
1057,0.152177,0.084325,0.084915,0.094330,0.076098,0.078273,0.091484,0.338399
1058,0.152177,0.084325,0.084915,0.094330,0.076098,0.078273,0.091484,0.338399
1059,0.152177,0.084325,0.084915,0.094330,0.076098,0.078273,0.091484,0.338399
1060,0.152177,0.084325,0.084915,0.094330,0.076098,0.078273,0.091484,0.338399
1061,0.152177,0.084325,0.084915,0.094330,0.076098,0.078273,0.091484,0.338399
1062,0.152177,0.084325,0.084915,0.094330,0.076098,0.078273,0.091484,0.338399
1063,0.152177,0.084325,0.084915,0.094330,0.076098,0.078273,0.091484,0.338399
1064,0.152177,0.084325,0.084915,0.094330,0.076098,0.078273,0.091484,0.338399
1065,0.152177,0.084325,0.084915,0.094330,0.076098,0.078273,0.091484,0.338399
1066,0.152177,0.084325,0.084915,0.094330,0.076098,0.078273,0.091484,0.338399
1067,0.152177,0.084325,0.084915,0.094330,0.076098,0.078273,0.091484,0.338399
1068,0.152177,0.084325,0.084915,0.094330,0.076098,0.078273,0.091484,0.338399
1069,0.152177,0.084325,0.084915,0.094330,0.076098,0.078273,0.091484,0.338399
1070,0.152177,0.084325,0.084915,0.094330,0.076098,0.078273,0.091484,0.338399
1071,0.152177,0.084325,0.084915,0.094330,0.076098,0.078273,0.091484,0.338399
1072,0.152177,0.084325,0.084915,0.094330,0.076098,0.078273,0.091484,0.338399
1073,0.152177,0.084325,0.084915,0.094330,0.076098,0.078273,0.091484,0.338399
1074,0.152177,0.084325,0.084915,0.094330,0.076098,0.078273,0.091484,0.338399
1075,0.118901,0.095231,0.095429,0.111929,0.106400,0.099730,0.128223,0.244156
1076,0.115363,0.093325,0.095593,0.117190,0.107108,0.099866,0.127546,0.244010
1077,0.117752,0.094423,0.095095,0.115180,0.106709,0.099539,0.127027,0.244274
1078,0.117822,0.094469,0.095068,0.115146,0.106914,0.099515,0.126928,0.244136
1079,0.117805,0.094626,0.095139,0.115099,0.106928,0.099496,0.126837,0.244069
1080,0.117862,0.094975,0.095274,0.115000,0.106901,0.099490,0.126689,0.243808
1081,0.118121,0.095625,0.095528,0.114908,0.107149,0.099570,0.126474,0.242625
1082,0.118616,0.096655,0.095939,0.114594,0.108584,0.100026,0.127027,0.238559
1083,0.117684,0.100746,0.097838,0.110827,0.109749,0.101375,0.129526,0.232256
1084,0.108839,0.091178,0.095558,0.106938,0.109371,0.106059,0.144073,0.237984
1085,0.152177,0.084325,0.084915,0.094330,0.076098,0.078273,0.091484,0.338399
1086,0.152177,0.084325,0.084915,0.094330,0.076098,0.078273,0.091484,0.338399
1087,0.152177,0.084325,0.084915,0.094330,0.076098,0.078273,0.091484,0.338399
1088,0.152177,0.084325,0.084915,0.094330,0.076098,0.078273,0.091484,0.338399
1089,0.152177,0.084325,0.084915,0.094330,0.076098,0.078273,0.091484,0.338399
1090,0.152177,0.084325,0.084915,0.094330,0.076098,0.078273,0.091484,0.338399
1091,0.152177,0.084325,0.084915,0.094330,0.076098,0.078273,0.091484,0.338399
1092,0.152177,0.084325,0.084915,0.094330,0.076098,0.078273,0.091484,0.338399
1093,0.152177,0.084325,0.084915,0.094330,0.076098,0.078273,0.091484,0.338399
1094,0.152177,0.084325,0.084915,0.094330,0.076098,0.078273,0.091484,0.338399
1095,0.152177,0.084325,0.084915,0.094330,0.076098,0.078273,0.091484,0.338399
1096,0.152177,0.084325,0.084915,0.094330,0.076098,0.078273,0.091484,0.338399
1097,0.152177,0.084325,0.084915,0.094330,0.076098,0.078273,0.091484,0.338399
1098,0.152177,0.084325,0.084915,0.094330,0.076098,0.078273,0.091484,0.338399
1099,0.152177,0.084325,0.084915,0.094330,0.076098,0.078273,0.091484,0.338399
1100,0.152177,0.084325,0.084915,0.094330,0.076098,0.078273,0.091484,0.338399
1101,0.152177,0.084325,0.084915,0.094330,0.076098,0.078273,0.091484,0.338399
1102,0.152177,0.084325,0.084915,0.094330,0.076098,0.078273,0.091484,0.338399
1103,0.152177,0.084325,0.084915,0.094330,0.076098,0.078273,0.091484,0.338399
1104,0.152177,0.084325,0.084915,0.094330,0.076098,0.078273,0.091484,0.338399
1105,0.152177,0.084325,0.084915,0.094330,0.076098,0.078273,0.091484,0.338399
1106,0.152177,0.084325,0.084915,0.094330,0.076098,0.078273,0.091484,0.338399
1107,0.152177,0.084325,0.084915,0.094330,0.076098,0.078273,0.091484,0.338399
1108,0.152177,0.084325,0.084915,0.094330,0.076098,0.078273,0.091484,0.338399
1109,0.152177,0.084325,0.084915,0.094330,0.076098,0.078273,0.091484,0.338399
1110,0.152177,0.084325,0.084915,0.094330,0.076098,0.078273,0.091484,0.338399
1111,0.152177,0.084325,0.084915,0.094330,0.076098,0.078273,0.091484,0.338399
1112,0.118885,0.095204,0.095421,0.111947,0.106403,0.099735,0.128236,0.244169
1113,0.115354,0.093290,0.095578,0.117211,0.107122,0.099869,0.127556,0.244021
1114,0.117746,0.094389,0.095079,0.115200,0.106722,0.099542,0.127036,0.244286
1115,0.117816,0.094435,0.095053,0.115166,0.106926,0.099517,0.126937,0.244148
1116,0.117799,0.094592,0.095124,0.115119,0.106940,0.099499,0.126845,0.244082
1117,0.114418,0.109175,0.098878,0.098789,0.102434,0.102472,0.136619,0.237215
1118,0.110261,0.103658,0.097112,0.103585,0.104303,0.101208,0.135405,0.244469
1119,0.111959,0.104539,0.097983,0.102972,0.104678,0.101416,0.135535,0.240917
1120,0.109895,0.107793,0.099544,0.100354,0.105818,0.103133,0.138092,0.235370
1121,0.106003,0.101953,0.097836,0.098920,0.105696,0.105550,0.145669,0.238373
1122,0.124367,0.120185,0.102785,0.101246,0.103157,0.099151,0.118953,0.230157
1123,0.124298,0.121503,0.103097,0.100893,0.103479,0.099392,0.118865,0.228473
1124,0.124271,0.123808,0.103549,0.100002,0.104567,0.099814,0.119391,0.224598
1125,0.124416,0.128479,0.104335,0.096440,0.104368,0.100206,0.121417,0.220339
1126,0.121162,0.125874,0.103043,0.090535,0.099960,0.100757,0.129646,0.229024
1127,0.152177,0.084325,0.084915,0.094330,0.076098,0.078273,0.091484,0.338399
1128,0.152177,0.084325,0.084915,0.094330,0.076098,0.078273,0.091484,0.338399
1129,0.152177,0.084325,0.084915,0.094330,0.076098,0.078273,0.091484,0.338399
1130,0.152177,0.084325,0.084915,0.094330,0.076098,0.078273,0.091484,0.338399
1131,0.152177,0.084325,0.084915,0.094330,0.076098,0.078273,0.091484,0.338399
1132,0.152177,0.084325,0.084915,0.094330,0.076098,0.078273,0.091484,0.338399
1133,0.152177,0.084325,0.084915,0.094330,0.076098,0.078273,0.091484,0.338399
1134,0.152177,0.084325,0.084915,0.094330,0.076098,0.078273,0.091484,0.338399
1135,0.152177,0.084325,0.084915,0.094330,0.076098,0.078273,0.091484,0.338399
1136,0.152177,0.084325,0.084915,0.094330,0.076098,0.078273,0.091484,0.338399
1137,0.152177,0.084325,0.084915,0.094330,0.076098,0.078273,0.091484,0.338399
1138,0.152177,0.084325,0.084915,0.094330,0.076098,0.078273,0.091484,0.338399
1139,0.152177,0.084325,0.084915,0.094330,0.076098,0.078273,0.091484,0.338399
1140,0.152177,0.084325,0.084915,0.094330,0.076098,0.078273,0.091484,0.338399
1141,0.114993,0.088171,0.093301,0.117426,0.108018,0.101157,0.131202,0.245732
1142,0.113321,0.086664,0.092949,0.121759,0.109493,0.100583,0.129350,0.245880
1143,0.116046,0.088389,0.092795,0.119120,0.108458,0.099988,0.128457,0.246747
1144,0.116265,0.088630,0.092875,0.118866,0.108471,0.099866,0.128227,0.246800
1145,0.116278,0.088831,0.092984,0.118775,0.108451,0.099806,0.128091,0.246783
1146,0.116324,0.089156,0.093139,0.118696,0.108440,0.099790,0.127937,0.246517
1147,0.116564,0.089749,0.093423,0.118659,0.108755,0.099882,0.127725,0.245244
1148,0.116962,0.090647,0.093970,0.118552,0.110379,0.100419,0.128292,0.240780
1149,0.115316,0.093802,0.095955,0.115384,0.112525,0.102327,0.131213,0.233478
1150,0.105363,0.083444,0.093143,0.111148,0.112139,0.107940,0.147404,0.239419
1151,0.152177,0.084325,0.084915,0.094330,0.076098,0.078273,0.091484,0.338399
1152,0.152177,0.084325,0.084915,0.094330,0.076098,0.078273,0.091484,0.338399
1153,0.152177,0.084325,0.084915,0.094330,0.076098,0.078273,0.091484,0.338399
1154,0.152177,0.084325,0.084915,0.094330,0.076098,0.078273,0.091484,0.338399
1155,0.152177,0.084325,0.084915,0.094330,0.076098,0.078273,0.091484,0.338399
1156,0.152177,0.084325,0.084915,0.094330,0.076098,0.078273,0.091484,0.338399
1157,0.152177,0.084325,0.084915,0.094330,0.076098,0.078273,0.091484,0.338399
1158,0.152177,0.084325,0.084915,0.094330,0.076098,0.078273,0.091484,0.338399
1159,0.152177,0.084325,0.084915,0.094330,0.076098,0.078273,0.091484,0.338399
1160,0.152177,0.084325,0.084915,0.094330,0.076098,0.078273,0.091484,0.338399
1161,0.152177,0.084325,0.084915,0.094330,0.076098,0.078273,0.091484,0.338399
1162,0.152177,0.084325,0.084915,0.094330,0.076098,0.078273,0.091484,0.338399
1163,0.152177,0.084325,0.084915,0.094330,0.076098,0.078273,0.091484,0.338399
1164,0.152177,0.084325,0.084915,0.094330,0.076098,0.078273,0.091484,0.338399
1165,0.152177,0.084325,0.084915,0.094330,0.076098,0.078273,0.091484,0.338399
1166,0.152177,0.084325,0.084915,0.094330,0.076098,0.078273,0.091484,0.338399
1167,0.152177,0.084325,0.084915,0.094330,0.076098,0.078273,0.091484,0.338399
1168,0.152177,0.084325,0.084915,0.094330,0.076098,0.078273,0.091484,0.338399
1169,0.152177,0.084325,0.084915,0.094330,0.076098,0.078273,0.091484,0.338399
1170,0.152177,0.084325,0.084915,0.094330,0.076098,0.078273,0.091484,0.338399
1171,0.152177,0.084325,0.084915,0.094330,0.076098,0.078273,0.091484,0.338399
1172,0.152177,0.084325,0.084915,0.094330,0.076098,0.078273,0.091484,0.338399
1173,0.152177,0.084325,0.084915,0.094330,0.076098,0.078273,0.091484,0.338399
1174,0.152177,0.084325,0.084915,0.094330,0.076098,0.078273,0.091484,0.338399
1175,0.152177,0.084325,0.084915,0.094330,0.076098,0.078273,0.091484,0.338399
1176,0.098251,0.062344,0.079789,0.131477,0.113688,0.106932,0.147224,0.260294
1177,0.105438,0.069633,0.084013,0.130936,0.115497,0.103537,0.138573,0.252372
1178,0.106484,0.070615,0.084397,0.129729,0.115194,0.103183,0.137613,0.252785
1179,0.087043,0.069097,0.087054,0.119058,0.115225,0.114910,0.161516,0.246097
1180,0.096745,0.070059,0.086059,0.122508,0.113833,0.107007,0.148738,0.255052
1181,0.097631,0.071194,0.086582,0.121607,0.113416,0.106609,0.148046,0.254915
1182,0.098352,0.072049,0.087005,0.121081,0.113540,0.106490,0.147657,0.253826
1183,0.099378,0.073096,0.087757,0.120617,0.114387,0.106953,0.148164,0.249648
1184,0.097854,0.074729,0.089401,0.118666,0.116443,0.109660,0.151620,0.241626
1185,0.092132,0.068777,0.086708,0.117622,0.117393,0.113352,0.160778,0.243239
1186,0.116962,0.090647,0.093970,0.118552,0.110379,0.100419,0.128292,0.240780
1187,0.115316,0.093802,0.095955,0.115384,0.112525,0.102327,0.131213,0.233478
1188,0.105363,0.083444,0.093143,0.111148,0.112139,0.107940,0.147404,0.239419
1189,0.152177,0.084325,0.084915,0.094330,0.076098,0.078273,0.091484,0.338399
1190,0.152177,0.084325,0.084915,0.094330,0.076098,0.078273,0.091484,0.338399
1191,0.152177,0.084325,0.084915,0.094330,0.076098,0.078273,0.091484,0.338399
1192,0.152177,0.084325,0.084915,0.094330,0.076098,0.078273,0.091484,0.338399
1193,0.152177,0.084325,0.084915,0.094330,0.076098,0.078273,0.091484,0.338399
1194,0.152177,0.084325,0.084915,0.094330,0.076098,0.078273,0.091484,0.338399
1195,0.152177,0.084325,0.084915,0.094330,0.076098,0.078273,0.091484,0.338399
1196,0.152177,0.084325,0.084915,0.094330,0.076098,0.078273,0.091484,0.338399
1197,0.152177,0.084325,0.084915,0.094330,0.076098,0.078273,0.091484,0.338399
1198,0.152177,0.084325,0.084915,0.094330,0.076098,0.078273,0.091484,0.338399
1199,0.152177,0.084325,0.084915,0.094330,0.076098,0.078273,0.091484,0.338399
1200,0.152177,0.084325,0.084915,0.094330,0.076098,0.078273,0.091484,0.338399
1201,0.152177,0.084325,0.084915,0.094330,0.076098,0.078273,0.091484,0.338399
1202,0.152177,0.084325,0.084915,0.094330,0.076098,0.078273,0.091484,0.338399
1203,0.152177,0.084325,0.084915,0.094330,0.076098,0.078273,0.091484,0.338399
1204,0.152177,0.084325,0.084915,0.094330,0.076098,0.078273,0.091484,0.338399
1205,0.152177,0.084325,0.084915,0.094330,0.076098,0.078273,0.091484,0.338399
1206,0.152177,0.084325,0.084915,0.094330,0.076098,0.078273,0.091484,0.338399
1207,0.152177,0.084325,0.084915,0.094330,0.076098,0.078273,0.091484,0.338399
1208,0.152177,0.084325,0.084915,0.094330,0.076098,0.078273,0.091484,0.338399
1209,0.152177,0.084325,0.084915,0.094330,0.076098,0.078273,0.091484,0.338399
1210,0.152177,0.084325,0.084915,0.094330,0.076098,0.078273,0.091484,0.338399
1211,0.152177,0.084325,0.084915,0.094330,0.076098,0.078273,0.091484,0.338399
1212,0.152177,0.084325,0.084915,0.094330,0.076098,0.078273,0.091484,0.338399
1213,0.152177,0.084325,0.084915,0.094330,0.076098,0.078273,0.091484,0.338399
1214,0.152177,0.084325,0.084915,0.094330,0.076098,0.078273,0.091484,0.338399
1215,0.152177,0.084325,0.084915,0.094330,0.076098,0.078273,0.091484,0.338399
1216,0.152177,0.084325,0.084915,0.094330,0.076098,0.078273,0.091484,0.338399
1217,0.152177,0.084325,0.084915,0.094330,0.076098,0.078273,0.091484,0.338399
1218,0.152177,0.084325,0.084915,0.094330,0.076098,0.078273,0.091484,0.338399
1219,0.152177,0.084325,0.084915,0.094330,0.076098,0.078273,0.091484,0.338399
1220,0.152177,0.084325,0.084915,0.094330,0.076098,0.078273,0.091484,0.338399
1221,0.152177,0.084325,0.084915,0.094330,0.076098,0.078273,0.091484,0.338399
1222,0.152177,0.084325,0.084915,0.094330,0.076098,0.078273,0.091484,0.338399
1223,0.152177,0.084325,0.084915,0.094330,0.076098,0.078273,0.091484,0.338399
1224,0.152177,0.084325,0.084915,0.094330,0.076098,0.078273,0.091484,0.338399
1225,0.152177,0.084325,0.084915,0.094330,0.076098,0.078273,0.091484,0.338399
1226,0.152177,0.084325,0.084915,0.094330,0.076098,0.078273,0.091484,0.338399
1227,0.152177,0.084325,0.084915,0.094330,0.076098,0.078273,0.091484,0.338399
1228,0.152177,0.084325,0.084915,0.094330,0.076098,0.078273,0.091484,0.338399
1229,0.152177,0.084325,0.084915,0.094330,0.076098,0.078273,0.091484,0.338399
1230,0.152177,0.084325,0.084915,0.094330,0.076098,0.078273,0.091484,0.338399
1231,0.152177,0.084325,0.084915,0.094330,0.076098,0.078273,0.091484,0.338399
1232,0.152177,0.084325,0.084915,0.094330,0.076098,0.078273,0.091484,0.338399
1233,0.152177,0.084325,0.084915,0.094330,0.076098,0.078273,0.091484,0.338399
1234,0.152177,0.084325,0.084915,0.094330,0.076098,0.078273,0.091484,0.338399
1235,0.152177,0.084325,0.084915,0.094330,0.076098,0.078273,0.091484,0.338399
1236,0.152177,0.084325,0.084915,0.094330,0.076098,0.078273,0.091484,0.338399
1237,0.152177,0.084325,0.084915,0.094330,0.076098,0.078273,0.091484,0.338399
1238,0.152177,0.084325,0.084915,0.094330,0.076098,0.078273,0.091484,0.338399
1239,0.152177,0.084325,0.084915,0.094330,0.076098,0.078273,0.091484,0.338399
1240,0.152177,0.084325,0.084915,0.094330,0.076098,0.078273,0.091484,0.338399
1241,0.152177,0.084325,0.084915,0.094330,0.076098,0.078273,0.091484,0.338399
1242,0.152177,0.084325,0.084915,0.094330,0.076098,0.078273,0.091484,0.338399
1243,0.152177,0.084325,0.084915,0.094330,0.076098,0.078273,0.091484,0.338399
1244,0.152177,0.084325,0.084915,0.094330,0.076098,0.078273,0.091484,0.338399
1245,0.152177,0.084325,0.084915,0.094330,0.076098,0.078273,0.091484,0.338399
1246,0.152177,0.084325,0.084915,0.094330,0.076098,0.078273,0.091484,0.338399
1247,0.152177,0.084325,0.084915,0.094330,0.076098,0.078273,0.091484,0.338399
1248,0.152177,0.084325,0.084915,0.094330,0.076098,0.078273,0.091484,0.338399
1249,0.152177,0.084325,0.084915,0.094330,0.076098,0.078273,0.091484,0.338399
1250,0.152177,0.084325,0.084915,0.094330,0.076098,0.078273,0.091484,0.338399
1251,0.152177,0.084325,0.084915,0.094330,0.076098,0.078273,0.091484,0.338399
1252,0.152177,0.084325,0.084915,0.094330,0.076098,0.078273,0.091484,0.338399
1253,0.108039,0.076965,0.088211,0.123503,0.109508,0.103519,0.137596,0.252661
1254,0.110113,0.078519,0.089030,0.126983,0.112515,0.101769,0.132709,0.248363
1255,0.112006,0.080137,0.089339,0.124674,0.111196,0.101144,0.131898,0.249605
1256,0.112360,0.080651,0.089575,0.124126,0.111080,0.100959,0.131597,0.249652
1257,0.112332,0.080890,0.089759,0.123981,0.111073,0.100886,0.131493,0.249585
1258,0.112331,0.081188,0.089963,0.123875,0.111083,0.100872,0.131393,0.249296
1259,0.112549,0.081702,0.090284,0.123806,0.111413,0.100975,0.131232,0.248039
1260,0.112797,0.082432,0.090952,0.123702,0.113138,0.101664,0.131990,0.243324
1261,0.110061,0.084082,0.092884,0.121159,0.116299,0.104562,0.135957,0.234995
1262,0.082802,0.072047,0.090321,0.110710,0.119265,0.122191,0.172732,0.229932
1263,0.113321,0.086664,0.092949,0.121759,0.109493,0.100583,0.129350,0.245880
1264,0.116046,0.088389,0.092795,0.119120,0.108458,0.099988,0.128457,0.246747
1265,0.116265,0.088630,0.092875,0.118866,0.108471,0.099866,0.128227,0.246800
1266,0.116278,0.088831,0.092984,0.118775,0.108451,0.099806,0.128091,0.246783
1267,0.116324,0.089156,0.093139,0.118696,0.108440,0.099790,0.127937,0.246517
1268,0.116564,0.089749,0.093423,0.118659,0.108755,0.099882,0.127725,0.245244
1269,0.116962,0.090647,0.093970,0.118552,0.110379,0.100419,0.128292,0.240780
1270,0.115316,0.093802,0.095955,0.115384,0.112525,0.102327,0.131213,0.233478
1271,0.105363,0.083444,0.093143,0.111148,0.112139,0.107940,0.147404,0.239419
1272,0.152177,0.084325,0.084915,0.094330,0.076098,0.078273,0.091484,0.338399
1273,0.152177,0.084325,0.084915,0.094330,0.076098,0.078273,0.091484,0.338399
1274,0.152177,0.084325,0.084915,0.094330,0.076098,0.078273,0.091484,0.338399
1275,0.152177,0.084325,0.084915,0.094330,0.076098,0.078273,0.091484,0.338399
1276,0.152177,0.084325,0.084915,0.094330,0.076098,0.078273,0.091484,0.338399
1277,0.101532,0.068125,0.083182,0.127681,0.111977,0.105968,0.143970,0.257566
1278,0.107426,0.072081,0.085247,0.129615,0.115210,0.103169,0.136516,0.250736
1279,0.108440,0.072869,0.085453,0.128392,0.114729,0.102785,0.135810,0.251521
1280,0.108758,0.073371,0.085739,0.127821,0.114651,0.102606,0.135515,0.251540
1281,0.108747,0.073587,0.085927,0.127619,0.114682,0.102554,0.135452,0.251431
1282,0.108696,0.073764,0.086099,0.127529,0.114768,0.102587,0.135451,0.251108
1283,0.106343,0.094890,0.095285,0.105652,0.106576,0.105764,0.144975,0.240514
1284,0.103380,0.090313,0.094499,0.109978,0.108539,0.103669,0.142676,0.246946
1285,0.103059,0.092211,0.096287,0.107735,0.110020,0.105417,0.144783,0.240488
1286,0.097998,0.086846,0.094749,0.106989,0.111665,0.108569,0.152042,0.241141
1287,0.124690,0.119659,0.102609,0.101334,0.103381,0.099068,0.118902,0.230357
1288,0.124590,0.120431,0.102804,0.101087,0.103394,0.099192,0.118855,0.229648
1289,0.123136,0.123529,0.101863,0.093200,0.101098,0.101069,0.128378,0.227727
1290,0.116915,0.122225,0.101974,0.095733,0.103394,0.100776,0.128187,0.230797
1291,0.117502,0.126000,0.102558,0.092519,0.102727,0.101480,0.130078,0.227134
1292,0.116859,0.123347,0.101388,0.090288,0.100244,0.101933,0.134138,0.231803
1293,0.124246,0.119319,0.102678,0.101447,0.102703,0.098997,0.119190,0.231420
1294,0.124177,0.120073,0.102863,0.101187,0.102681,0.099097,0.119129,0.230793
1295,0.124136,0.121392,0.103179,0.100815,0.102955,0.099319,0.119014,0.229190
1296,0.124071,0.123697,0.103645,0.099896,0.103980,0.099741,0.119496,0.225475
1297,0.123945,0.128389,0.104524,0.096336,0.103888,0.100201,0.121454,0.221261
1298,0.121800,0.126271,0.103238,0.090874,0.100100,0.100609,0.128723,0.228384
1299,0.152177,0.084325,0.084915,0.094330,0.076098,0.078273,0.091484,0.338399
1300,0.152177,0.084325,0.084915,0.094330,0.076098,0.078273,0.091484,0.338399
1301,0.152177,0.084325,0.084915,0.094330,0.076098,0.078273,0.091484,0.338399
1302,0.152177,0.084325,0.084915,0.094330,0.076098,0.078273,0.091484,0.338399
1303,0.152177,0.084325,0.084915,0.094330,0.076098,0.078273,0.091484,0.338399
1304,0.152177,0.084325,0.084915,0.094330,0.076098,0.078273,0.091484,0.338399
1305,0.152177,0.084325,0.084915,0.094330,0.076098,0.078273,0.091484,0.338399
1306,0.152177,0.084325,0.084915,0.094330,0.076098,0.078273,0.091484,0.338399
1307,0.152177,0.084325,0.084915,0.094330,0.076098,0.078273,0.091484,0.338399
1308,0.152177,0.084325,0.084915,0.094330,0.076098,0.078273,0.091484,0.338399
1309,0.152177,0.084325,0.084915,0.094330,0.076098,0.078273,0.091484,0.338399
1310,0.152177,0.084325,0.084915,0.094330,0.076098,0.078273,0.091484,0.338399
1311,0.152177,0.084325,0.084915,0.094330,0.076098,0.078273,0.091484,0.338399
1312,0.152177,0.084325,0.084915,0.094330,0.076098,0.078273,0.091484,0.338399
1313,0.152177,0.084325,0.084915,0.094330,0.076098,0.078273,0.091484,0.338399
1314,0.152177,0.084325,0.084915,0.094330,0.076098,0.078273,0.091484,0.338399
1315,0.152177,0.084325,0.084915,0.094330,0.076098,0.078273,0.091484,0.338399
1316,0.152177,0.084325,0.084915,0.094330,0.076098,0.078273,0.091484,0.338399
1317,0.152177,0.084325,0.084915,0.094330,0.076098,0.078273,0.091484,0.338399
1318,0.152177,0.084325,0.084915,0.094330,0.076098,0.078273,0.091484,0.338399
1319,0.152177,0.084325,0.084915,0.094330,0.076098,0.078273,0.091484,0.338399
1320,0.152177,0.084325,0.084915,0.094330,0.076098,0.078273,0.091484,0.338399
1321,0.152177,0.084325,0.084915,0.094330,0.076098,0.078273,0.091484,0.338399
1322,0.152177,0.084325,0.084915,0.094330,0.076098,0.078273,0.091484,0.338399
1323,0.152177,0.084325,0.084915,0.094330,0.076098,0.078273,0.091484,0.338399
1324,0.152177,0.084325,0.084915,0.094330,0.076098,0.078273,0.091484,0.338399
1325,0.152177,0.084325,0.084915,0.094330,0.076098,0.078273,0.091484,0.338399
1326,0.152177,0.084325,0.084915,0.094330,0.076098,0.078273,0.091484,0.338399
1327,0.152177,0.084325,0.084915,0.094330,0.076098,0.078273,0.091484,0.338399
1328,0.152177,0.084325,0.084915,0.094330,0.076098,0.078273,0.091484,0.338399
1329,0.152177,0.084325,0.084915,0.094330,0.076098,0.078273,0.091484,0.338399
1330,0.114993,0.088171,0.093301,0.117426,0.108018,0.101157,0.131202,0.245732
1331,0.113321,0.086664,0.092949,0.121759,0.109493,0.100583,0.129350,0.245880
1332,0.116046,0.088389,0.092795,0.119120,0.108458,0.099988,0.128457,0.246747
1333,0.116265,0.088630,0.092875,0.118866,0.108471,0.099866,0.128227,0.246800
1334,0.116278,0.088831,0.092984,0.118775,0.108451,0.099806,0.128091,0.246783
1335,0.116324,0.089156,0.093139,0.118696,0.108440,0.099790,0.127937,0.246517
1336,0.116564,0.089749,0.093423,0.118659,0.108755,0.099882,0.127725,0.245244
1337,0.116962,0.090647,0.093970,0.118552,0.110379,0.100419,0.128292,0.240780
1338,0.115316,0.093802,0.095955,0.115384,0.112525,0.102327,0.131213,0.233478
1339,0.105363,0.083444,0.093143,0.111148,0.112139,0.107940,0.147404,0.239419
1340,0.152177,0.084325,0.084915,0.094330,0.076098,0.078273,0.091484,0.338399
1341,0.152177,0.084325,0.084915,0.094330,0.076098,0.078273,0.091484,0.338399
1342,0.152177,0.084325,0.084915,0.094330,0.076098,0.078273,0.091484,0.338399
1343,0.152177,0.084325,0.084915,0.094330,0.076098,0.078273,0.091484,0.338399
1344,0.152177,0.084325,0.084915,0.094330,0.076098,0.078273,0.091484,0.338399
1345,0.152177,0.084325,0.084915,0.094330,0.076098,0.078273,0.091484,0.338399
1346,0.152177,0.084325,0.084915,0.094330,0.076098,0.078273,0.091484,0.338399
1347,0.152177,0.084325,0.084915,0.094330,0.076098,0.078273,0.091484,0.338399
1348,0.152177,0.084325,0.084915,0.094330,0.076098,0.078273,0.091484,0.338399
1349,0.152177,0.084325,0.084915,0.094330,0.076098,0.078273,0.091484,0.338399
1350,0.152177,0.084325,0.084915,0.094330,0.076098,0.078273,0.091484,0.338399
1351,0.152177,0.084325,0.084915,0.094330,0.076098,0.078273,0.091484,0.338399
1352,0.152177,0.084325,0.084915,0.094330,0.076098,0.078273,0.091484,0.338399
1353,0.152177,0.084325,0.084915,0.094330,0.076098,0.078273,0.091484,0.338399
1354,0.152177,0.084325,0.084915,0.094330,0.076098,0.078273,0.091484,0.338399
1355,0.152177,0.084325,0.084915,0.094330,0.076098,0.078273,0.091484,0.338399
1356,0.152177,0.084325,0.084915,0.094330,0.076098,0.078273,0.091484,0.338399
1357,0.152177,0.084325,0.084915,0.094330,0.076098,0.078273,0.091484,0.338399
1358,0.152177,0.084325,0.084915,0.094330,0.076098,0.078273,0.091484,0.338399
1359,0.152177,0.084325,0.084915,0.094330,0.076098,0.078273,0.091484,0.338399
1360,0.152177,0.084325,0.084915,0.094330,0.076098,0.078273,0.091484,0.338399
1361,0.152177,0.084325,0.084915,0.094330,0.076098,0.078273,0.091484,0.338399
1362,0.152177,0.084325,0.084915,0.094330,0.076098,0.078273,0.091484,0.338399
1363,0.152177,0.084325,0.084915,0.094330,0.076098,0.078273,0.091484,0.338399
1364,0.152177,0.084325,0.084915,0.094330,0.076098,0.078273,0.091484,0.338399
1365,0.152177,0.084325,0.084915,0.094330,0.076098,0.078273,0.091484,0.338399
1366,0.152177,0.084325,0.084915,0.094330,0.076098,0.078273,0.091484,0.338399
1367,0.152177,0.084325,0.084915,0.094330,0.076098,0.078273,0.091484,0.338399
1368,0.152177,0.084325,0.084915,0.094330,0.076098,0.078273,0.091484,0.338399
1369,0.152177,0.084325,0.084915,0.094330,0.076098,0.078273,0.091484,0.338399
1370,0.152177,0.084325,0.084915,0.094330,0.076098,0.078273,0.091484,0.338399
1371,0.152177,0.084325,0.084915,0.094330,0.076098,0.078273,0.091484,0.338399
1372,0.152177,0.084325,0.084915,0.094330,0.076098,0.078273,0.091484,0.338399
1373,0.152177,0.084325,0.084915,0.094330,0.076098,0.078273,0.091484,0.338399
1374,0.152177,0.084325,0.084915,0.094330,0.076098,0.078273,0.091484,0.338399
1375,0.152177,0.084325,0.084915,0.094330,0.076098,0.078273,0.091484,0.338399
1376,0.152177,0.084325,0.084915,0.094330,0.076098,0.078273,0.091484,0.338399
1377,0.152177,0.084325,0.084915,0.094330,0.076098,0.078273,0.091484,0.338399
1378,0.152177,0.084325,0.084915,0.094330,0.076098,0.078273,0.091484,0.338399
1379,0.152177,0.084325,0.084915,0.094330,0.076098,0.078273,0.091484,0.338399
1380,0.152177,0.084325,0.084915,0.094330,0.076098,0.078273,0.091484,0.338399
1381,0.152177,0.084325,0.084915,0.094330,0.076098,0.078273,0.091484,0.338399
1382,0.152177,0.084325,0.084915,0.094330,0.076098,0.078273,0.091484,0.338399
1383,0.152177,0.084325,0.084915,0.094330,0.076098,0.078273,0.091484,0.338399
1384,0.152177,0.084325,0.084915,0.094330,0.076098,0.078273,0.091484,0.338399
1385,0.152177,0.084325,0.084915,0.094330,0.076098,0.078273,0.091484,0.338399
1386,0.152177,0.084325,0.084915,0.094330,0.076098,0.078273,0.091484,0.338399
1387,0.152177,0.084325,0.084915,0.094330,0.076098,0.078273,0.091484,0.338399
1388,0.152177,0.084325,0.084915,0.094330,0.076098,0.078273,0.091484,0.338399
1389,0.152177,0.084325,0.084915,0.094330,0.076098,0.078273,0.091484,0.338399
1390,0.152177,0.084325,0.084915,0.094330,0.076098,0.078273,0.091484,0.338399
1391,0.152177,0.084325,0.084915,0.094330,0.076098,0.078273,0.091484,0.338399
1392,0.152177,0.084325,0.084915,0.094330,0.076098,0.078273,0.091484,0.338399
1393,0.152177,0.084325,0.084915,0.094330,0.076098,0.078273,0.091484,0.338399
1394,0.152177,0.084325,0.084915,0.094330,0.076098,0.078273,0.091484,0.338399
1395,0.152177,0.084325,0.084915,0.094330,0.076098,0.078273,0.091484,0.338399
1396,0.152177,0.084325,0.084915,0.094330,0.076098,0.078273,0.091484,0.338399
1397,0.152177,0.084325,0.084915,0.094330,0.076098,0.078273,0.091484,0.338399
1398,0.152177,0.084325,0.084915,0.094330,0.076098,0.078273,0.091484,0.338399
1399,0.152177,0.084325,0.084915,0.094330,0.076098,0.078273,0.091484,0.338399
1400,0.152177,0.084325,0.084915,0.094330,0.076098,0.078273,0.091484,0.338399
1401,0.152177,0.084325,0.084915,0.094330,0.076098,0.078273,0.091484,0.338399
1402,0.152177,0.084325,0.084915,0.094330,0.076098,0.078273,0.091484,0.338399
1403,0.152177,0.084325,0.084915,0.094330,0.076098,0.078273,0.091484,0.338399
1404,0.152177,0.084325,0.084915,0.094330,0.076098,0.078273,0.091484,0.338399
1405,0.152177,0.084325,0.084915,0.094330,0.076098,0.078273,0.091484,0.338399
1406,0.152177,0.084325,0.084915,0.094330,0.076098,0.078273,0.091484,0.338399
1407,0.152177,0.084325,0.084915,0.094330,0.076098,0.078273,0.091484,0.338399
1408,0.152177,0.084325,0.084915,0.094330,0.076098,0.078273,0.091484,0.338399
1409,0.152177,0.084325,0.084915,0.094330,0.076098,0.078273,0.091484,0.338399
1410,0.152177,0.084325,0.084915,0.094330,0.076098,0.078273,0.091484,0.338399
1411,0.152177,0.084325,0.084915,0.094330,0.076098,0.078273,0.091484,0.338399
1412,0.152177,0.084325,0.084915,0.094330,0.076098,0.078273,0.091484,0.338399
1413,0.152177,0.084325,0.084915,0.094330,0.076098,0.078273,0.091484,0.338399
1414,0.152177,0.084325,0.084915,0.094330,0.076098,0.078273,0.091484,0.338399
1415,0.152177,0.084325,0.084915,0.094330,0.076098,0.078273,0.091484,0.338399
1416,0.152177,0.084325,0.084915,0.094330,0.076098,0.078273,0.091484,0.338399
1417,0.152177,0.084325,0.084915,0.094330,0.076098,0.078273,0.091484,0.338399
1418,0.152177,0.084325,0.084915,0.094330,0.076098,0.078273,0.091484,0.338399
1419,0.152177,0.084325,0.084915,0.094330,0.076098,0.078273,0.091484,0.338399
1420,0.152177,0.084325,0.084915,0.094330,0.076098,0.078273,0.091484,0.338399
1421,0.152177,0.084325,0.084915,0.094330,0.076098,0.078273,0.091484,0.338399
1422,0.152177,0.084325,0.084915,0.094330,0.076098,0.078273,0.091484,0.338399
1423,0.152177,0.084325,0.084915,0.094330,0.076098,0.078273,0.091484,0.338399
1424,0.152177,0.084325,0.084915,0.094330,0.076098,0.078273,0.091484,0.338399
1425,0.152177,0.084325,0.084915,0.094330,0.076098,0.078273,0.091484,0.338399
1426,0.152177,0.084325,0.084915,0.094330,0.076098,0.078273,0.091484,0.338399
1427,0.152177,0.084325,0.084915,0.094330,0.076098,0.078273,0.091484,0.338399
1428,0.152177,0.084325,0.084915,0.094330,0.076098,0.078273,0.091484,0.338399
1429,0.152177,0.084325,0.084915,0.094330,0.076098,0.078273,0.091484,0.338399
1430,0.108842,0.091204,0.095562,0.106913,0.109358,0.106059,0.144075,0.237987
1431,0.152177,0.084325,0.084915,0.094330,0.076098,0.078273,0.091484,0.338399
1432,0.152177,0.084325,0.084915,0.094330,0.076098,0.078273,0.091484,0.338399
1433,0.152177,0.084325,0.084915,0.094330,0.076098,0.078273,0.091484,0.338399
1434,0.152177,0.084325,0.084915,0.094330,0.076098,0.078273,0.091484,0.338399
1435,0.110148,0.080741,0.090533,0.121691,0.108249,0.102563,0.135305,0.250769
1436,0.110823,0.081430,0.090699,0.125211,0.110819,0.101453,0.131901,0.247664
1437,0.113150,0.083084,0.090791,0.122755,0.109837,0.100830,0.130963,0.248589
1438,0.113458,0.083464,0.090931,0.122311,0.109822,0.100652,0.130695,0.248667
1439,0.113449,0.083673,0.091066,0.122183,0.109838,0.100575,0.130582,0.248635
1440,0.113473,0.083967,0.091230,0.122086,0.109857,0.100553,0.130463,0.248372
1441,0.113729,0.084483,0.091500,0.122027,0.110189,0.100638,0.130275,0.247158
1442,0.114091,0.085221,0.092048,0.121932,0.111859,0.101221,0.130938,0.242690
1443,0.111877,0.087763,0.094055,0.119036,0.114557,0.103655,0.134359,0.234697
1444,0.102649,0.079200,0.091598,0.113504,0.113545,0.109109,0.149936,0.240459
1445,0.152177,0.084325,0.084915,0.094330,0.076098,0.078273,0.091484,0.338399
1446,0.152177,0.084325,0.084915,0.094330,0.076098,0.078273,0.091484,0.338399
1447,0.152177,0.084325,0.084915,0.094330,0.076098,0.078273,0.091484,0.338399
1448,0.152177,0.084325,0.084915,0.094330,0.076098,0.078273,0.091484,0.338399
1449,0.152177,0.084325,0.084915,0.094330,0.076098,0.078273,0.091484,0.338399
1450,0.152177,0.084325,0.084915,0.094330,0.076098,0.078273,0.091484,0.338399
1451,0.152177,0.084325,0.084915,0.094330,0.076098,0.078273,0.091484,0.338399
1452,0.152177,0.084325,0.084915,0.094330,0.076098,0.078273,0.091484,0.338399
1453,0.152177,0.084325,0.084915,0.094330,0.076098,0.078273,0.091484,0.338399
1454,0.101532,0.068125,0.083182,0.127681,0.111977,0.105968,0.143970,0.257566
1455,0.107426,0.072081,0.085247,0.129615,0.115210,0.103169,0.136516,0.250736
1456,0.108440,0.072869,0.085453,0.128392,0.114729,0.102785,0.135810,0.251521
1457,0.108758,0.073371,0.085739,0.127821,0.114651,0.102606,0.135515,0.251540
1458,0.108747,0.073587,0.085927,0.127619,0.114682,0.102554,0.135452,0.251431
1459,0.108696,0.073764,0.086099,0.127529,0.114768,0.102587,0.135451,0.251108
1460,0.108790,0.074070,0.086373,0.127499,0.115140,0.102778,0.135476,0.249873
1461,0.108674,0.074312,0.086921,0.127406,0.116527,0.103698,0.136819,0.245643
1462,0.105799,0.074937,0.088778,0.124760,0.118755,0.106738,0.141524,0.238710
1463,0.093688,0.063969,0.084727,0.120579,0.117304,0.112872,0.160118,0.246745
1464,0.152177,0.084325,0.084915,0.094330,0.076098,0.078273,0.091484,0.338399
1465,0.152177,0.084325,0.084915,0.094330,0.076098,0.078273,0.091484,0.338399
1466,0.152177,0.084325,0.084915,0.094330,0.076098,0.078273,0.091484,0.338399
1467,0.152177,0.084325,0.084915,0.094330,0.076098,0.078273,0.091484,0.338399
1468,0.152177,0.084325,0.084915,0.094330,0.076098,0.078273,0.091484,0.338399
1469,0.152177,0.084325,0.084915,0.094330,0.076098,0.078273,0.091484,0.338399
1470,0.152177,0.084325,0.084915,0.094330,0.076098,0.078273,0.091484,0.338399
1471,0.152177,0.084325,0.084915,0.094330,0.076098,0.078273,0.091484,0.338399
1472,0.152177,0.084325,0.084915,0.094330,0.076098,0.078273,0.091484,0.338399
1473,0.152177,0.084325,0.084915,0.094330,0.076098,0.078273,0.091484,0.338399
1474,0.152177,0.084325,0.084915,0.094330,0.076098,0.078273,0.091484,0.338399
1475,0.152177,0.084325,0.084915,0.094330,0.076098,0.078273,0.091484,0.338399
1476,0.152177,0.084325,0.084915,0.094330,0.076098,0.078273,0.091484,0.338399
1477,0.152177,0.084325,0.084915,0.094330,0.076098,0.078273,0.091484,0.338399
1478,0.152177,0.084325,0.084915,0.094330,0.076098,0.078273,0.091484,0.338399
1479,0.152177,0.084325,0.084915,0.094330,0.076098,0.078273,0.091484,0.338399
1480,0.123997,0.104940,0.098119,0.106707,0.105179,0.099139,0.124938,0.236981
1481,0.118772,0.105766,0.099360,0.109312,0.104029,0.098943,0.124582,0.239236
1482,0.119851,0.106664,0.099483,0.108091,0.103426,0.098841,0.124489,0.239154
1483,0.119836,0.107074,0.099576,0.107871,0.103299,0.098857,0.124485,0.239002
1484,0.119796,0.107394,0.099653,0.107690,0.103172,0.098880,0.124488,0.238926
1485,0.119826,0.107858,0.099755,0.107488,0.103064,0.098919,0.124430,0.238659
1486,0.120040,0.108649,0.099924,0.107269,0.103245,0.099037,0.124305,0.237530
1487,0.120523,0.109915,0.100059,0.106742,0.104536,0.099424,0.124837,0.233964
1488,0.120737,0.115118,0.101569,0.102607,0.104999,0.100161,0.126360,0.228450
1489,0.114296,0.107914,0.099644,0.097405,0.102837,0.102854,0.138145,0.236906
1490,0.152177,0.084325,0.084915,0.094330,0.076098,0.078273,0.091484,0.338399
1491,0.131882,0.113690,0.100177,0.103362,0.105358,0.098926,0.118911,0.227693
1492,0.124802,0.117744,0.101872,0.102287,0.103423,0.098845,0.118908,0.232119
1493,0.124638,0.118393,0.102357,0.101950,0.103233,0.098919,0.118988,0.231522
1494,0.124539,0.118932,0.102479,0.101691,0.103167,0.098970,0.119009,0.231212
1495,0.124455,0.119436,0.102603,0.101489,0.103137,0.099037,0.119003,0.230840
1496,0.124367,0.120185,0.102785,0.101246,0.103157,0.099151,0.118953,0.230157
1497,0.124298,0.121503,0.103097,0.100893,0.103479,0.099392,0.118865,0.228473
1498,0.124271,0.123808,0.103549,0.100002,0.104567,0.099814,0.119391,0.224598
1499,0.124416,0.128479,0.104335,0.096440,0.104368,0.100206,0.121417,0.220339
1500,0.121162,0.125874,0.103043,0.090535,0.099960,0.100757,0.129646,0.229024
1501,0.152177,0.084325,0.084915,0.094330,0.076098,0.078273,0.091484,0.338399
1502,0.152177,0.084325,0.084915,0.094330,0.076098,0.078273,0.091484,0.338399
1503,0.152177,0.084325,0.084915,0.094330,0.076098,0.078273,0.091484,0.338399
1504,0.152177,0.084325,0.084915,0.094330,0.076098,0.078273,0.091484,0.338399
1505,0.152177,0.084325,0.084915,0.094330,0.076098,0.078273,0.091484,0.338399
1506,0.152177,0.084325,0.084915,0.094330,0.076098,0.078273,0.091484,0.338399
1507,0.152177,0.084325,0.084915,0.094330,0.076098,0.078273,0.091484,0.338399
1508,0.152177,0.084325,0.084915,0.094330,0.076098,0.078273,0.091484,0.338399
1509,0.152177,0.084325,0.084915,0.094330,0.076098,0.078273,0.091484,0.338399
1510,0.152177,0.084325,0.084915,0.094330,0.076098,0.078273,0.091484,0.338399
1511,0.114993,0.088171,0.093301,0.117426,0.108018,0.101157,0.131202,0.245732
1512,0.113321,0.086664,0.092949,0.121759,0.109493,0.100583,0.129350,0.245880
1513,0.116046,0.088389,0.092795,0.119120,0.108458,0.099988,0.128457,0.246747
1514,0.116265,0.088630,0.092875,0.118866,0.108471,0.099866,0.128227,0.246800
1515,0.116278,0.088831,0.092984,0.118775,0.108451,0.099806,0.128091,0.246783
1516,0.116324,0.089156,0.093139,0.118696,0.108440,0.099790,0.127937,0.246517
1517,0.116564,0.089749,0.093423,0.118659,0.108755,0.099882,0.127725,0.245244
1518,0.116962,0.090647,0.093970,0.118552,0.110379,0.100419,0.128292,0.240780
1519,0.115316,0.093802,0.095955,0.115384,0.112525,0.102327,0.131213,0.233478
1520,0.105363,0.083444,0.093143,0.111148,0.112139,0.107940,0.147404,0.239419
1521,0.152177,0.084325,0.084915,0.094330,0.076098,0.078273,0.091484,0.338399
1522,0.152177,0.084325,0.084915,0.094330,0.076098,0.078273,0.091484,0.338399
1523,0.152177,0.084325,0.084915,0.094330,0.076098,0.078273,0.091484,0.338399
1524,0.152177,0.084325,0.084915,0.094330,0.076098,0.078273,0.091484,0.338399
1525,0.152177,0.084325,0.084915,0.094330,0.076098,0.078273,0.091484,0.338399
1526,0.152177,0.084325,0.084915,0.094330,0.076098,0.078273,0.091484,0.338399
1527,0.152177,0.084325,0.084915,0.094330,0.076098,0.078273,0.091484,0.338399
1528,0.152177,0.084325,0.084915,0.094330,0.076098,0.078273,0.091484,0.338399
1529,0.152177,0.084325,0.084915,0.094330,0.076098,0.078273,0.091484,0.338399
1530,0.099560,0.074992,0.088867,0.120104,0.114418,0.107235,0.146929,0.247896
1531,0.152177,0.084325,0.084915,0.094330,0.076098,0.078273,0.091484,0.338399
1532,0.091151,0.068945,0.086358,0.117866,0.117924,0.114183,0.161980,0.241594
1533,0.152177,0.084325,0.084915,0.094330,0.076098,0.078273,0.091484,0.338399
1534,0.098538,0.072575,0.089081,0.117266,0.115872,0.110779,0.153553,0.242336
1535,0.152177,0.084325,0.084915,0.094330,0.076098,0.078273,0.091484,0.338399
1536,0.152177,0.084325,0.084915,0.094330,0.076098,0.078273,0.091484,0.338399
1537,0.152177,0.084325,0.084915,0.094330,0.076098,0.078273,0.091484,0.338399
1538,0.152177,0.084325,0.084915,0.094330,0.076098,0.078273,0.091484,0.338399
1539,0.115132,0.088377,0.093285,0.116964,0.107632,0.101066,0.131276,0.246269
1540,0.113432,0.086641,0.092802,0.121598,0.109409,0.100541,0.129429,0.246149
1541,0.116126,0.088231,0.092607,0.119098,0.108478,0.099991,0.128560,0.246908
1542,0.116307,0.088417,0.092679,0.118899,0.108508,0.099874,0.128347,0.246968
1543,0.116309,0.088594,0.092783,0.118835,0.108504,0.099815,0.128212,0.246947
1544,0.116347,0.088907,0.092936,0.118772,0.108505,0.099798,0.128056,0.246679
1545,0.116580,0.089498,0.093224,0.118738,0.108818,0.099887,0.127843,0.245411
1546,0.116962,0.090431,0.093795,0.118586,0.110403,0.100424,0.128436,0.240963
1547,0.115384,0.093797,0.095849,0.115265,0.112406,0.102327,0.131368,0.233604
1548,0.105345,0.083413,0.093125,0.111162,0.112147,0.107949,0.147431,0.239428
1549,0.152177,0.084325,0.084915,0.094330,0.076098,0.078273,0.091484,0.338399
1550,0.152177,0.084325,0.084915,0.094330,0.076098,0.078273,0.091484,0.338399
1551,0.152177,0.084325,0.084915,0.094330,0.076098,0.078273,0.091484,0.338399
1552,0.152177,0.084325,0.084915,0.094330,0.076098,0.078273,0.091484,0.338399
1553,0.152177,0.084325,0.084915,0.094330,0.076098,0.078273,0.091484,0.338399
1554,0.152177,0.084325,0.084915,0.094330,0.076098,0.078273,0.091484,0.338399
1555,0.152177,0.084325,0.084915,0.094330,0.076098,0.078273,0.091484,0.338399
1556,0.131253,0.113938,0.100294,0.102918,0.104688,0.098799,0.119090,0.229021
1557,0.124045,0.117842,0.102008,0.102066,0.102870,0.098820,0.119390,0.232958
1558,0.124078,0.118465,0.102410,0.101687,0.102657,0.098874,0.119494,0.232334
1559,0.123986,0.118998,0.102532,0.101432,0.102559,0.098921,0.119527,0.232044
1560,0.123907,0.119519,0.102656,0.101208,0.102479,0.098981,0.119533,0.231717
1561,0.123833,0.120283,0.102839,0.100935,0.102440,0.099082,0.119491,0.231097
1562,0.112155,0.094864,0.096116,0.109506,0.108944,0.102902,0.134039,0.241473
1563,0.111554,0.097816,0.096906,0.106679,0.109050,0.104353,0.136721,0.236920
1564,0.112828,0.118707,0.101337,0.089472,0.099831,0.105761,0.144242,0.227821
1565,0.109224,0.110616,0.099434,0.095917,0.103913,0.103954,0.140559,0.236382
1566,0.107437,0.102643,0.098767,0.103377,0.107301,0.103834,0.139895,0.236747
1567,0.103184,0.096527,0.096872,0.101988,0.107967,0.106694,0.147744,0.239024
1568,0.124455,0.119436,0.102603,0.101489,0.103137,0.099037,0.119003,0.230840
1569,0.122824,0.121875,0.101462,0.093770,0.101067,0.100883,0.128571,0.229546
1570,0.116614,0.119640,0.101294,0.096765,0.102625,0.100258,0.127850,0.234953
1571,0.118387,0.121825,0.101820,0.095285,0.102493,0.100365,0.127899,0.231926
1572,0.121342,0.128731,0.103007,0.088563,0.099638,0.102768,0.133859,0.222091
1573,0.115448,0.123879,0.100988,0.089625,0.100029,0.102165,0.135596,0.232270
1574,0.118956,0.118675,0.100722,0.096298,0.101324,0.099613,0.127251,0.237161
1575,0.118847,0.119967,0.101087,0.095993,0.101589,0.099811,0.127181,0.235524
1576,0.118590,0.121843,0.101806,0.095422,0.102577,0.100301,0.127653,0.231810
1577,0.117627,0.125406,0.102496,0.092891,0.102899,0.101324,0.129919,0.227438
1578,0.116832,0.123170,0.101352,0.090415,0.100356,0.101822,0.134056,0.231998
1579,0.124271,0.123808,0.103549,0.100002,0.104567,0.099814,0.119391,0.224598
1580,0.109416,0.116963,0.103837,0.092899,0.103314,0.106937,0.142194,0.224440
1581,0.113554,0.106070,0.097644,0.098635,0.103815,0.104203,0.139586,0.236492
1582,0.114809,0.108580,0.098629,0.099005,0.102529,0.102294,0.136073,0.238081
1583,0.110437,0.102705,0.096728,0.103655,0.104125,0.100978,0.135437,0.245934
1584,0.111622,0.102933,0.097241,0.103410,0.103700,0.100814,0.134956,0.245324
1585,0.111925,0.103547,0.097353,0.103155,0.103597,0.100816,0.134795,0.244812
1586,0.121952,0.117622,0.100263,0.095126,0.101834,0.100347,0.130764,0.232092
1587,0.120724,0.118182,0.100698,0.094409,0.102417,0.101226,0.132800,0.229545
1588,0.115352,0.118382,0.101394,0.092191,0.102059,0.104668,0.139854,0.226100
1589,0.108254,0.108530,0.098571,0.094584,0.103426,0.104624,0.143974,0.238037
1590,0.116017,0.126323,0.102706,0.091630,0.102848,0.101904,0.131567,0.227006
1591,0.127439,0.133552,0.102853,0.084787,0.096093,0.100879,0.131637,0.222761
1592,0.122006,0.124735,0.102539,0.094974,0.104067,0.099812,0.123499,0.228369
1593,0.121765,0.126775,0.103710,0.093636,0.104358,0.100268,0.124819,0.224669
1594,0.120512,0.129995,0.104484,0.091069,0.103846,0.101173,0.127779,0.221142
1595,0.129230,0.133862,0.102896,0.084443,0.095488,0.101406,0.130840,0.221835
1596,0.122123,0.129197,0.101484,0.087947,0.098225,0.100667,0.130474,0.229882
1597,0.119028,0.125945,0.101665,0.089057,0.099243,0.101459,0.132670,0.230933
1598,0.123141,0.127915,0.103060,0.092870,0.101222,0.099290,0.123275,0.229226
1599,0.124815,0.132390,0.103945,0.086660,0.098219,0.101615,0.131059,0.221296
1600,0.121536,0.130298,0.102362,0.087534,0.098945,0.100964,0.130473,0.227888
1601,0.118187,0.119416,0.101045,0.095899,0.101382,0.099911,0.127804,0.236356
1602,0.117949,0.121367,0.101701,0.095265,0.102335,0.100401,0.128261,0.232722
1603,0.116985,0.125206,0.102465,0.092699,0.102705,0.101444,0.130328,0.228167
1604,0.116833,0.123110,0.101411,0.090480,0.100385,0.101821,0.133929,0.232031
1605,0.122785,0.123145,0.101850,0.093361,0.101153,0.101075,0.128593,0.228037
1606,0.116555,0.121838,0.101969,0.095859,0.103435,0.100737,0.128406,0.231202
1607,0.117357,0.125800,0.102537,0.092514,0.102642,0.101441,0.130350,0.227359
1608,0.116721,0.123434,0.101385,0.090189,0.100219,0.101890,0.134294,0.231869
1609,0.124455,0.119436,0.102603,0.101489,0.103137,0.099037,0.119003,0.230840
1610,0.124367,0.120185,0.102785,0.101246,0.103157,0.099151,0.118953,0.230157
1611,0.124298,0.121503,0.103097,0.100893,0.103479,0.099392,0.118865,0.228473
1612,0.124271,0.123808,0.103549,0.100002,0.104567,0.099814,0.119391,0.224598
1613,0.124416,0.128479,0.104335,0.096440,0.104368,0.100206,0.121417,0.220339
1614,0.121980,0.128795,0.102289,0.085644,0.096368,0.103063,0.137208,0.224653
1615,0.123183,0.119580,0.100436,0.094541,0.100948,0.100641,0.128693,0.231976
1616,0.117027,0.116485,0.100120,0.097979,0.102600,0.099922,0.128039,0.237830
1617,0.118668,0.117146,0.100212,0.097124,0.101738,0.099650,0.127624,0.237837
1618,0.118590,0.117612,0.100320,0.096967,0.101740,0.099694,0.127611,0.237467
1619,0.118420,0.118238,0.100536,0.096813,0.101784,0.099796,0.127593,0.236821
1620,0.121230,0.121583,0.101441,0.093085,0.101069,0.101392,0.130587,0.229613
1621,0.115285,0.120055,0.101478,0.095664,0.103570,0.101050,0.130227,0.232671
1622,0.120637,0.128102,0.102818,0.088630,0.099715,0.102948,0.134657,0.222493
1623,0.114438,0.123181,0.100684,0.089632,0.100032,0.102286,0.136522,0.233224
1624,0.102249,0.107230,0.100277,0.093126,0.103757,0.111779,0.153849,0.227733
1625,0.110369,0.091770,0.094914,0.110905,0.108491,0.102491,0.134649,0.246411
1626,0.112361,0.111690,0.101107,0.097082,0.102720,0.103199,0.137354,0.234487
1627,0.109374,0.107471,0.099860,0.101226,0.105475,0.102163,0.135104,0.239327
1628,0.108536,0.114126,0.102762,0.094061,0.103869,0.106535,0.143678,0.226433
1629,0.110219,0.107578,0.098495,0.097556,0.104070,0.104385,0.140888,0.236809
1630,0.109849,0.105691,0.099573,0.101776,0.106727,0.103674,0.137525,0.235186
1631,0.114835,0.121288,0.101651,0.088235,0.099039,0.104814,0.142955,0.227183
1632,0.110147,0.111077,0.100433,0.095062,0.103716,0.106082,0.144793,0.228692
1633,0.105528,0.099781,0.097029,0.099768,0.106857,0.106121,0.146557,0.238358
1634,0.114724,0.122670,0.101810,0.092846,0.102883,0.101958,0.132966,0.230143
1635,0.113939,0.121448,0.100677,0.090386,0.100412,0.102307,0.136759,0.234072
1636,0.113482,0.120884,0.101474,0.093512,0.103126,0.102345,0.133934,0.231242
1637,0.113409,0.120042,0.100556,0.090572,0.100465,0.102611,0.137590,0.234755
1638,0.119956,0.122781,0.101612,0.095008,0.102291,0.100087,0.126765,0.231501
1639,0.119130,0.126305,0.102356,0.092584,0.102553,0.101019,0.128937,0.227117
1640,0.122593,0.129731,0.102046,0.085328,0.095910,0.102592,0.136772,0.225028
1641,0.116150,0.126227,0.101874,0.088826,0.100167,0.101954,0.134718,0.230083
1642,0.123722,0.120984,0.101069,0.094042,0.101156,0.100699,0.128232,0.230098
1643,0.117742,0.117850,0.100468,0.097227,0.102582,0.099847,0.127478,0.236806
1644,0.119718,0.118594,0.100491,0.096224,0.101496,0.099526,0.126987,0.236965
1645,0.119610,0.119361,0.100670,0.096017,0.101550,0.099615,0.126946,0.236231
1646,0.123038,0.123290,0.101689,0.092390,0.100851,0.101111,0.129375,0.228256
1647,0.115414,0.122371,0.102142,0.094604,0.103863,0.101020,0.129814,0.230772
1648,0.124008,0.131757,0.103580,0.087738,0.099713,0.101772,0.131151,0.220280
1649,0.116453,0.127898,0.102506,0.088591,0.100553,0.101949,0.134205,0.227844
1650,0.115702,0.128013,0.103887,0.091566,0.103887,0.102140,0.130986,0.223819
1651,0.116531,0.126708,0.102707,0.089330,0.101161,0.102103,0.133877,0.227582
1652,0.121189,0.125593,0.103439,0.095535,0.103500,0.100445,0.123623,0.226675
1653,0.120851,0.127763,0.104247,0.094719,0.104491,0.100908,0.124219,0.222802
1654,0.119572,0.131470,0.104765,0.091805,0.104344,0.101788,0.127119,0.219137
1655,0.119314,0.128620,0.103279,0.089411,0.101389,0.101764,0.131374,0.224849
1656,0.125381,0.131022,0.105840,0.095976,0.107602,0.101537,0.120441,0.212200
1657,0.127223,0.132279,0.105555,0.090581,0.103120,0.101210,0.124473,0.215560
1658,0.152177,0.084325,0.084915,0.094330,0.076098,0.078273,0.091484,0.338399
1659,0.152177,0.084325,0.084915,0.094330,0.076098,0.078273,0.091484,0.338399
1660,0.152177,0.084325,0.084915,0.094330,0.076098,0.078273,0.091484,0.338399
1661,0.140211,0.116671,0.100137,0.100675,0.104446,0.098173,0.113944,0.225743
1662,0.128464,0.119095,0.103545,0.102066,0.107654,0.099765,0.115920,0.223491
1663,0.127912,0.119773,0.104234,0.101755,0.107705,0.099911,0.116184,0.222526
1664,0.127743,0.120586,0.104451,0.101226,0.107535,0.099979,0.116322,0.222157
1665,0.127542,0.121440,0.104656,0.100752,0.107437,0.100093,0.116443,0.221636
1666,0.127250,0.122530,0.104916,0.100270,0.107477,0.100303,0.116569,0.220686
1667,0.126834,0.124127,0.105322,0.099709,0.107891,0.100691,0.116771,0.218654
1668,0.126376,0.126683,0.105940,0.098536,0.108549,0.101181,0.117662,0.215073
1669,0.125904,0.131160,0.106427,0.095402,0.108006,0.101838,0.120231,0.211032
1670,0.128618,0.132782,0.106318,0.090834,0.104069,0.101544,0.123056,0.212780
1671,0.137068,0.115710,0.100035,0.101999,0.105153,0.098683,0.116076,0.225277
1672,0.127864,0.118344,0.102485,0.102711,0.106271,0.099460,0.116663,0.226202
1673,0.134315,0.122136,0.104421,0.100313,0.109178,0.100331,0.116727,0.212579
1674,0.127885,0.122353,0.105825,0.100847,0.109663,0.101098,0.117014,0.215316
1675,0.130376,0.126742,0.102889,0.093361,0.102612,0.100026,0.122818,0.221177
1676,0.122198,0.126332,0.104242,0.095800,0.104469,0.100256,0.121838,0.224866
1677,0.123189,0.127371,0.104357,0.095030,0.104117,0.100286,0.121894,0.223755
1678,0.122785,0.129088,0.104993,0.094347,0.105016,0.100712,0.122668,0.220390
1679,0.121640,0.132656,0.105289,0.091769,0.104813,0.101557,0.125516,0.216759
1680,0.121571,0.131537,0.104100,0.088800,0.101690,0.101722,0.129757,0.220822
1681,0.123336,0.131568,0.105605,0.094108,0.106800,0.101618,0.122576,0.214390
1682,0.125553,0.132748,0.105903,0.092852,0.106294,0.102151,0.123189,0.211310
1683,0.125056,0.131408,0.105924,0.095628,0.107011,0.101452,0.120489,0.213031
1684,0.127592,0.134621,0.103700,0.084208,0.095779,0.101953,0.131830,0.220317
1685,0.125501,0.118740,0.102007,0.101905,0.104860,0.099320,0.118800,0.228868
1686,0.125120,0.119513,0.102551,0.101622,0.104681,0.099398,0.118862,0.228253
1687,0.125068,0.120065,0.102648,0.101327,0.104518,0.099430,0.118852,0.228092
1688,0.124980,0.120607,0.102777,0.101106,0.104453,0.099497,0.118832,0.227747
1689,0.120796,0.120858,0.101843,0.093640,0.101098,0.101432,0.130153,0.230180
1690,0.117415,0.117423,0.100399,0.097723,0.102437,0.100213,0.127977,0.236413
1691,0.119168,0.119484,0.101205,0.096265,0.102247,0.100315,0.128011,0.233306
1692,0.118821,0.123209,0.101865,0.093639,0.102249,0.101209,0.129949,0.229058
1693,0.118255,0.120879,0.100775,0.091593,0.099963,0.101787,0.133792,0.232957
1694,0.122890,0.116271,0.101930,0.102794,0.101978,0.098723,0.120977,0.234436
1695,0.124238,0.123472,0.101549,0.093372,0.101016,0.100724,0.127725,0.227904
1696,0.115331,0.123041,0.103162,0.095914,0.104375,0.101260,0.128599,0.228318
1697,0.114934,0.127986,0.103851,0.092057,0.103990,0.102284,0.130854,0.224043
1698,0.119537,0.126500,0.101831,0.085884,0.096611,0.103774,0.139687,0.226175
1699,0.121405,0.120282,0.100916,0.096679,0.101076,0.098822,0.123877,0.236942
1700,0.123180,0.121193,0.100984,0.095642,0.100242,0.098642,0.123599,0.236519
1701,0.122907,0.122659,0.101361,0.095243,0.100613,0.098915,0.123667,0.234635
1702,0.122519,0.124668,0.102147,0.094475,0.101507,0.099393,0.124360,0.230932
1703,0.120716,0.127443,0.102702,0.092054,0.101882,0.100482,0.127601,0.227120
1704,0.120841,0.127329,0.101962,0.088902,0.099296,0.100991,0.130947,0.229731
1705,0.123712,0.126212,0.102713,0.092059,0.101231,0.101437,0.128556,0.224080
1706,0.115718,0.127745,0.103138,0.091866,0.103412,0.101785,0.130842,0.225494
1707,0.116342,0.125212,0.101889,0.089404,0.100402,0.101902,0.134511,0.230338
1708,0.124930,0.120035,0.102524,0.101262,0.104462,0.099369,0.119029,0.228388
1709,0.124839,0.120573,0.102652,0.101045,0.104395,0.099436,0.119013,0.228046
1710,0.124717,0.121375,0.102855,0.100795,0.104432,0.099570,0.118960,0.227296
1711,0.124552,0.122779,0.103220,0.100448,0.104840,0.099860,0.118889,0.225413
1712,0.124282,0.125304,0.103806,0.099486,0.105915,0.100363,0.119529,0.221314
1713,0.124196,0.130239,0.104805,0.095588,0.105178,0.100738,0.121657,0.217599
1714,0.123469,0.129908,0.102454,0.085367,0.096093,0.102753,0.135874,0.224083
1715,0.109733,0.105121,0.099986,0.099832,0.103813,0.104381,0.138411,0.238724
1716,0.108610,0.103879,0.098969,0.098836,0.103856,0.104756,0.141390,0.239702
1717,0.110530,0.098056,0.096306,0.105778,0.105377,0.101446,0.134696,0.247811
1718,0.115818,0.112553,0.099916,0.095815,0.101984,0.102074,0.135021,0.236818
