frame,p0,p1,p2,p3,p4,p5,p6,p7
0,0.197426,0.115161,0.099091,0.102483,0.065809,0.086297,0.104128,0.229606
1,0.197475,0.115038,0.099031,0.102411,0.065767,0.086239,0.104176,0.229864
2,0.197473,0.115031,0.099029,0.102405,0.065762,0.086235,0.104181,0.229883
3,0.197475,0.115043,0.099032,0.102414,0.065769,0.086240,0.104173,0.229853
4,0.197359,0.114632,0.098958,0.102041,0.065508,0.085892,0.104277,0.231334
5,0.197475,0.115041,0.099032,0.102413,0.065768,0.086239,0.104173,0.229860
6,0.197468,0.115021,0.099029,0.102394,0.065755,0.086218,0.104175,0.229940
7,0.197467,0.115015,0.099028,0.102389,0.065752,0.086213,0.104175,0.229962
8,0.197467,0.115016,0.099028,0.102390,0.065752,0.086214,0.104175,0.229958
9,0.197467,0.115015,0.099028,0.102389,0.065752,0.086213,0.104176,0.229960
10,0.197471,0.115032,0.099031,0.102404,0.065762,0.086227,0.104172,0.229901
11,0.197468,0.115019,0.099028,0.102392,0.065754,0.086216,0.104175,0.229947
12,0.197466,0.115012,0.099027,0.102386,0.065750,0.086210,0.104177,0.229973
13,0.197469,0.115023,0.099029,0.102396,0.065756,0.086220,0.104175,0.229933
14,0.197467,0.115017,0.099028,0.102390,0.065753,0.086215,0.104176,0.229955
15,0.197467,0.115013,0.099027,0.102387,0.065750,0.086213,0.104178,0.229964
16,0.197465,0.115007,0.099026,0.102382,0.065747,0.086208,0.104180,0.229985
17,0.197467,0.115014,0.099028,0.102388,0.065751,0.086212,0.104176,0.229964
18,0.197468,0.115018,0.099028,0.102392,0.065753,0.086218,0.104177,0.229946
19,0.197465,0.115004,0.099025,0.102379,0.065745,0.086207,0.104182,0.229994
20,0.197465,0.115006,0.099025,0.102381,0.065746,0.086209,0.104182,0.229985
21,0.197312,0.114468,0.098928,0.101893,0.065404,0.085755,0.104320,0.231920
22,0.197466,0.115011,0.099027,0.102385,0.065749,0.086211,0.104178,0.229973
23,0.197367,0.114659,0.098963,0.102066,0.065525,0.085915,0.104269,0.231235
24,0.197465,0.115010,0.099027,0.102385,0.065748,0.086210,0.104178,0.229976
25,0.197374,0.114686,0.098968,0.102090,0.065542,0.085938,0.104264,0.231138
26,0.197466,0.115010,0.099026,0.102385,0.065749,0.086212,0.104181,0.229971
27,0.197369,0.114669,0.098965,0.102074,0.065531,0.085922,0.104267,0.231203
28,0.155952,0.135912,0.125151,0.106318,0.112854,0.104110,0.099827,0.159876
29,0.197408,0.115232,0.099123,0.102536,0.065838,0.086325,0.104081,0.229456
30,0.197406,0.115228,0.099123,0.102532,0.065835,0.086319,0.104079,0.229477
31,0.143296,0.132940,0.128747,0.108395,0.115955,0.114225,0.111019,0.145422
32,0.197403,0.115217,0.099120,0.102523,0.065830,0.086315,0.104087,0.229505
33,0.139940,0.131629,0.129019,0.109625,0.118184,0.117054,0.113661,0.140889
34,0.197406,0.115203,0.099114,0.102513,0.065824,0.086305,0.104092,0.229543
35,0.197313,0.114878,0.099056,0.102216,0.065616,0.086033,0.104179,0.230708
36,0.197407,0.115205,0.099115,0.102514,0.065825,0.086307,0.104092,0.229536
37,0.197409,0.115212,0.099116,0.102520,0.065829,0.086314,0.104091,0.229509
38,0.197408,0.115208,0.099115,0.102517,0.065827,0.086310,0.104091,0.229525
39,0.197314,0.114882,0.099057,0.102220,0.065619,0.086036,0.104178,0.230695
40,0.197407,0.115204,0.099114,0.102513,0.065824,0.086306,0.104092,0.229539
41,0.144759,0.133969,0.128850,0.107877,0.115249,0.113315,0.109671,0.146311
42,0.197408,0.115210,0.099115,0.102519,0.065828,0.086312,0.104090,0.229517
43,0.197407,0.115235,0.099124,0.102539,0.065840,0.086327,0.104079,0.229450
44,0.197312,0.114904,0.099065,0.102237,0.065629,0.086047,0.104166,0.230641
45,0.197310,0.114898,0.099064,0.102231,0.065625,0.086042,0.104167,0.230661
46,0.197410,0.115244,0.099125,0.102547,0.065847,0.086337,0.104079,0.229411
47,0.197310,0.114900,0.099065,0.102233,0.065626,0.086044,0.104167,0.230655
48,0.197409,0.115235,0.099123,0.102540,0.065841,0.086332,0.104085,0.229435
49,0.197409,0.115235,0.099123,0.102540,0.065841,0.086333,0.104086,0.229434
50,0.197312,0.114904,0.099065,0.102237,0.065629,0.086049,0.104167,0.230636
51,0.197467,0.115015,0.099027,0.102389,0.065752,0.086216,0.104180,0.229954
52,0.197310,0.114466,0.098928,0.101891,0.065403,0.085751,0.104319,0.231931
53,0.197314,0.114482,0.098932,0.101905,0.065413,0.085764,0.104313,0.231876
54,0.197468,0.115022,0.099029,0.102395,0.065756,0.086219,0.104174,0.229936
55,0.197465,0.115011,0.099027,0.102386,0.065749,0.086211,0.104177,0.229973
56,0.197374,0.114687,0.098968,0.102091,0.065543,0.085938,0.104263,0.231136
57,0.197468,0.115019,0.099028,0.102393,0.065754,0.086220,0.104178,0.229940
58,0.197372,0.114679,0.098967,0.102083,0.065538,0.085930,0.104264,0.231168
59,0.197471,0.115031,0.099031,0.102404,0.065762,0.086227,0.104172,0.229902
60,0.197465,0.115012,0.099027,0.102386,0.065749,0.086210,0.104177,0.229974
61,0.197311,0.114470,0.098929,0.101895,0.065405,0.085756,0.104319,0.231915
62,0.197311,0.114470,0.098930,0.101894,0.065405,0.085752,0.104315,0.231924
63,0.160290,0.137050,0.123926,0.104878,0.111153,0.100188,0.095883,0.166632
64,0.197315,0.114889,0.099060,0.102226,0.065622,0.086036,0.104168,0.230683
65,0.197412,0.115227,0.099120,0.102535,0.065838,0.086323,0.104081,0.229465
66,0.150139,0.134720,0.127043,0.107205,0.113859,0.108765,0.105000,0.153269
67,0.197405,0.115231,0.099124,0.102534,0.065837,0.086322,0.104079,0.229467
68,0.138859,0.130454,0.128605,0.110340,0.119161,0.117699,0.114572,0.140310
69,0.197317,0.114872,0.099052,0.102213,0.065615,0.086032,0.104184,0.230714
70,0.197268,0.114707,0.099024,0.102062,0.065509,0.085890,0.104224,0.231317
71,0.197413,0.115203,0.099111,0.102515,0.065826,0.086313,0.104099,0.229520
72,0.141973,0.131339,0.128334,0.108919,0.116402,0.114702,0.112410,0.145921
73,0.197322,0.114889,0.099055,0.102228,0.065626,0.086048,0.104181,0.230651
74,0.197411,0.115200,0.099111,0.102511,0.065824,0.086309,0.104098,0.229537
75,0.197317,0.114873,0.099053,0.102214,0.065615,0.086032,0.104183,0.230714
76,0.197318,0.114876,0.099053,0.102217,0.065617,0.086036,0.104183,0.230699
77,0.197318,0.114876,0.099053,0.102216,0.065617,0.086035,0.104183,0.230702
78,0.138750,0.130025,0.128400,0.110455,0.119192,0.117616,0.114748,0.140814
79,0.197413,0.115206,0.099112,0.102517,0.065828,0.086313,0.104096,0.229516
80,0.197410,0.115198,0.099110,0.102509,0.065823,0.086305,0.104097,0.229547
81,0.197410,0.115199,0.099111,0.102511,0.065824,0.086307,0.104097,0.229542
82,0.156725,0.134748,0.124066,0.106455,0.112628,0.102691,0.099306,0.163381
83,0.197270,0.114715,0.099025,0.102069,0.065514,0.085898,0.104224,0.231285
84,0.197408,0.115192,0.099110,0.102504,0.065819,0.086300,0.104099,0.229570
85,0.197414,0.115206,0.099111,0.102518,0.065828,0.086315,0.104098,0.229510
86,0.150581,0.132004,0.125224,0.107729,0.113382,0.106753,0.104994,0.159333
87,0.197322,0.114889,0.099055,0.102229,0.065626,0.086048,0.104181,0.230651
88,0.197310,0.114898,0.099064,0.102232,0.065626,0.086043,0.104168,0.230659
89,0.197310,0.114899,0.099064,0.102232,0.065626,0.086042,0.104167,0.230660
90,0.154940,0.135865,0.125591,0.106490,0.113048,0.105049,0.100685,0.158332
91,0.197405,0.115222,0.099121,0.102529,0.065834,0.086320,0.104087,0.229483
92,0.197309,0.114897,0.099064,0.102230,0.065625,0.086040,0.104167,0.230669
93,0.197312,0.114905,0.099065,0.102238,0.065630,0.086049,0.104167,0.230635
94,0.197317,0.114922,0.099068,0.102254,0.065641,0.086064,0.104163,0.230572
95,0.197320,0.114930,0.099069,0.102262,0.065647,0.086071,0.104161,0.230540
96,0.197407,0.115232,0.099124,0.102536,0.065838,0.086325,0.104081,0.229457
97,0.197406,0.115229,0.099124,0.102533,0.065836,0.086321,0.104079,0.229472
98,0.197411,0.115247,0.099126,0.102549,0.065847,0.086336,0.104076,0.229407
99,0.197264,0.114743,0.099038,0.102089,0.065525,0.085909,0.104205,0.231227
100,0.197323,0.114512,0.098937,0.101933,0.065432,0.085790,0.104306,0.231767
101,0.197379,0.114706,0.098972,0.102108,0.065555,0.085953,0.104256,0.231071
102,0.197464,0.115006,0.099026,0.102381,0.065746,0.086208,0.104181,0.229988
103,0.197380,0.114709,0.098972,0.102111,0.065557,0.085955,0.104256,0.231060
104,0.197468,0.115021,0.099029,0.102394,0.065755,0.086218,0.104174,0.229940
105,0.197464,0.115007,0.099027,0.102381,0.065746,0.086205,0.104176,0.229994
106,0.197376,0.114692,0.098969,0.102095,0.065546,0.085943,0.104262,0.231118
107,0.197470,0.115027,0.099030,0.102400,0.065759,0.086224,0.104174,0.229916
108,0.197332,0.114546,0.098944,0.101963,0.065453,0.085815,0.104294,0.231654
109,0.197467,0.115018,0.099028,0.102391,0.065753,0.086215,0.104175,0.229952
110,0.197376,0.114694,0.098969,0.102097,0.065547,0.085944,0.104261,0.231110
111,0.150201,0.133823,0.126474,0.107378,0.113730,0.108172,0.105076,0.155147
112,0.153928,0.132817,0.124131,0.107129,0.112719,0.103998,0.101894,0.163384
113,0.197260,0.114735,0.099036,0.102082,0.065520,0.085902,0.104207,0.231257
114,0.197314,0.114913,0.099067,0.102245,0.065634,0.086055,0.104164,0.230608
115,0.197309,0.114897,0.099065,0.102230,0.065624,0.086040,0.104167,0.230668
116,0.197311,0.114904,0.099066,0.102236,0.065628,0.086047,0.104166,0.230643
117,0.197405,0.115227,0.099123,0.102532,0.065835,0.086321,0.104082,0.229476
118,0.197240,0.114673,0.099027,0.102025,0.065480,0.085842,0.104214,0.231498
119,0.150940,0.135022,0.126874,0.107087,0.113728,0.108224,0.104255,0.153869
120,0.197312,0.114909,0.099067,0.102240,0.065631,0.086050,0.104164,0.230627
121,0.197314,0.114916,0.099068,0.102247,0.065635,0.086057,0.104163,0.230600
122,0.197316,0.114922,0.099069,0.102252,0.065639,0.086062,0.104162,0.230578
123,0.197313,0.114909,0.099067,0.102241,0.065631,0.086052,0.104165,0.230623
124,0.197408,0.115241,0.099126,0.102543,0.065843,0.086333,0.104079,0.229427
125,0.197314,0.114912,0.099067,0.102243,0.065633,0.086054,0.104164,0.230613
126,0.166201,0.145563,0.126905,0.101375,0.106864,0.098257,0.088889,0.165946
127,0.197313,0.114909,0.099067,0.102240,0.065631,0.086051,0.104165,0.230625
128,0.197310,0.114900,0.099065,0.102233,0.065625,0.086043,0.104167,0.230657
129,0.197433,0.115162,0.099089,0.102494,0.065813,0.086294,0.104112,0.229603
130,0.197434,0.115163,0.099089,0.102495,0.065814,0.086295,0.104111,0.229600
131,0.197432,0.115160,0.099089,0.102492,0.065812,0.086290,0.104110,0.229615
132,0.197339,0.114834,0.099030,0.102195,0.065604,0.086015,0.104195,0.230788
133,0.197338,0.114830,0.099030,0.102191,0.065601,0.086012,0.104196,0.230802
134,0.197440,0.115184,0.099092,0.102514,0.065828,0.086314,0.104108,0.229520
135,0.197437,0.115172,0.099090,0.102504,0.065820,0.086304,0.104110,0.229562
136,0.197469,0.115021,0.099028,0.102395,0.065756,0.086221,0.104178,0.229933
137,0.197311,0.114468,0.098929,0.101892,0.065403,0.085752,0.104318,0.231928
138,0.197313,0.114478,0.098932,0.101902,0.065410,0.085755,0.104308,0.231902
139,0.151938,0.136795,0.127499,0.106671,0.113772,0.108394,0.103157,0.151772
140,0.197408,0.115237,0.099125,0.102539,0.065840,0.086328,0.104079,0.229444
141,0.197411,0.115246,0.099127,0.102548,0.065846,0.086337,0.104077,0.229408
142,0.197411,0.115242,0.099124,0.102545,0.065844,0.086338,0.104084,0.229411
143,0.197411,0.115247,0.099127,0.102549,0.065847,0.086338,0.104078,0.229403
144,0.197249,0.114701,0.099032,0.102049,0.065496,0.085864,0.104207,0.231401
145,0.197410,0.115243,0.099126,0.102545,0.065844,0.086334,0.104078,0.229421
146,0.197246,0.114690,0.099031,0.102039,0.065489,0.085853,0.104207,0.231445
147,0.197416,0.115259,0.099128,0.102560,0.065855,0.086351,0.104077,0.229353
148,0.197411,0.115244,0.099126,0.102546,0.065845,0.086337,0.104081,0.229410
149,0.197472,0.115036,0.099031,0.102408,0.065765,0.086233,0.104173,0.229882
150,0.197311,0.114470,0.098930,0.101894,0.065405,0.085749,0.104310,0.231931
151,0.197468,0.115022,0.099029,0.102395,0.065756,0.086218,0.104173,0.229938
152,0.197476,0.115047,0.099033,0.102418,0.065772,0.086243,0.104171,0.229841
153,0.197475,0.115042,0.099032,0.102414,0.065769,0.086240,0.104174,0.229854
154,0.197469,0.115023,0.099028,0.102397,0.065757,0.086223,0.104177,0.229926
155,0.138440,0.129995,0.128436,0.110633,0.119566,0.117958,0.114911,0.140062
156,0.197415,0.115203,0.099110,0.102515,0.065827,0.086313,0.104099,0.229520
157,0.197415,0.115203,0.099110,0.102514,0.065827,0.086312,0.104099,0.229521
158,0.197258,0.114660,0.099013,0.102020,0.065480,0.085857,0.104243,0.231469
159,0.197421,0.115216,0.099111,0.102528,0.065836,0.086330,0.104102,0.229455
160,0.197421,0.115222,0.099113,0.102533,0.065840,0.086333,0.104098,0.229440
161,0.197416,0.115204,0.099110,0.102516,0.065828,0.086315,0.104100,0.229511
162,0.197416,0.115202,0.099109,0.102515,0.065827,0.086316,0.104103,0.229512
163,0.197423,0.115222,0.099111,0.102534,0.065840,0.086337,0.104103,0.229429
164,0.197255,0.114656,0.099013,0.102016,0.065477,0.085848,0.104239,0.231496
165,0.146251,0.135591,0.129177,0.107382,0.114912,0.112804,0.108135,0.145748
166,0.197410,0.115242,0.099125,0.102545,0.065845,0.086337,0.104082,0.229414
167,0.197416,0.115261,0.099128,0.102563,0.065857,0.086355,0.104079,0.229341
168,0.197416,0.115257,0.099126,0.102559,0.065854,0.086352,0.104082,0.229354
169,0.197322,0.114936,0.099071,0.102265,0.065649,0.086076,0.104160,0.230521
170,0.197246,0.114691,0.099030,0.102040,0.065491,0.085856,0.104209,0.231438
171,0.197322,0.114939,0.099071,0.102268,0.065651,0.086079,0.104160,0.230509
172,0.144378,0.135257,0.129686,0.107712,0.115594,0.114381,0.109693,0.143299
173,0.197324,0.114941,0.099071,0.102270,0.065652,0.086082,0.104161,0.230499
174,0.197408,0.115235,0.099124,0.102538,0.065840,0.086328,0.104081,0.229447
175,0.197413,0.115253,0.099127,0.102554,0.065851,0.086342,0.104075,0.229384
176,0.197409,0.115240,0.099125,0.102542,0.065843,0.086330,0.104077,0.229434
177,0.197321,0.114930,0.099069,0.102260,0.065645,0.086072,0.104162,0.230541
178,0.197318,0.114919,0.099067,0.102251,0.065638,0.086063,0.104165,0.230578
179,0.197408,0.115236,0.099124,0.102539,0.065841,0.086328,0.104079,0.229444
180,0.197408,0.115236,0.099124,0.102539,0.065841,0.086328,0.104079,0.229445
181,0.197318,0.114920,0.099067,0.102251,0.065639,0.086063,0.104165,0.230577
182,0.197383,0.114717,0.098973,0.102118,0.065562,0.085966,0.104258,0.231023
183,0.197310,0.114466,0.098928,0.101890,0.065402,0.085750,0.104318,0.231935
184,0.197474,0.115041,0.099032,0.102413,0.065768,0.086238,0.104172,0.229863
185,0.197309,0.114464,0.098929,0.101888,0.065401,0.085742,0.104310,0.231957
186,0.197384,0.114721,0.098974,0.102122,0.065565,0.085969,0.104256,0.231009
187,0.197470,0.115027,0.099029,0.102401,0.065760,0.086227,0.104177,0.229909
188,0.197469,0.115025,0.099029,0.102399,0.065758,0.086224,0.104175,0.229921
189,0.197471,0.115030,0.099029,0.102404,0.065762,0.086231,0.104177,0.229896
190,0.197472,0.115035,0.099031,0.102407,0.065764,0.086232,0.104173,0.229886
191,0.197469,0.115027,0.099030,0.102400,0.065759,0.086223,0.104172,0.229919
192,0.197473,0.115038,0.099032,0.102410,0.065766,0.086234,0.104171,0.229876
193,0.197469,0.115023,0.099029,0.102396,0.065757,0.086220,0.104173,0.229933
194,0.197474,0.115042,0.099033,0.102414,0.065769,0.086236,0.104169,0.229863
195,0.197467,0.115018,0.099028,0.102391,0.065753,0.086214,0.104174,0.229955
196,0.197470,0.115027,0.099030,0.102399,0.065759,0.086223,0.104173,0.229921
197,0.197376,0.114692,0.098969,0.102095,0.065546,0.085944,0.104263,0.231115
198,0.197467,0.115018,0.099029,0.102391,0.065753,0.086214,0.104173,0.229953
199,0.197474,0.115041,0.099032,0.102412,0.065768,0.086235,0.104170,0.229868
200,0.197312,0.114471,0.098929,0.101895,0.065406,0.085756,0.104318,0.231913
201,0.197380,0.114704,0.098971,0.102107,0.065554,0.085954,0.104260,0.231070
202,0.197478,0.115052,0.099033,0.102423,0.065775,0.086250,0.104172,0.229816
203,0.197468,0.115020,0.099028,0.102394,0.065755,0.086219,0.104176,0.229940
204,0.197379,0.114702,0.098970,0.102105,0.065553,0.085952,0.104261,0.231078
205,0.197378,0.114699,0.098970,0.102102,0.065551,0.085950,0.104261,0.231089
206,0.197469,0.115025,0.099030,0.102398,0.065758,0.086221,0.104172,0.229927
207,0.197377,0.114695,0.098969,0.102098,0.065548,0.085945,0.104261,0.231107
208,0.197378,0.114698,0.098970,0.102101,0.065550,0.085949,0.104261,0.231093
209,0.197306,0.114456,0.098928,0.101881,0.065396,0.085735,0.104312,0.231987
210,0.197474,0.115042,0.099033,0.102414,0.065769,0.086236,0.104169,0.229864
211,0.197467,0.115021,0.099029,0.102394,0.065755,0.086217,0.104173,0.229944
212,0.197318,0.114496,0.098935,0.101917,0.065421,0.085772,0.104306,0.231836
213,0.197383,0.114716,0.098973,0.102118,0.065562,0.085966,0.104258,0.231024
214,0.197379,0.114704,0.098971,0.102107,0.065554,0.085954,0.104260,0.231072
215,0.197306,0.114457,0.098928,0.101882,0.065397,0.085735,0.104311,0.231984
216,0.197469,0.115026,0.099030,0.102399,0.065758,0.086221,0.104172,0.229925
217,0.197381,0.114711,0.098972,0.102113,0.065558,0.085961,0.104259,0.231044
218,0.197468,0.115024,0.099030,0.102397,0.065757,0.086219,0.104172,0.229934
219,0.197378,0.114699,0.098970,0.102102,0.065551,0.085950,0.104262,0.231090
220,0.197472,0.115037,0.099031,0.102409,0.065765,0.086232,0.104171,0.229882
221,0.197379,0.114704,0.098971,0.102107,0.065554,0.085954,0.104260,0.231071
222,0.197376,0.114694,0.098969,0.102098,0.065548,0.085945,0.104261,0.231109
223,0.197471,0.115027,0.099028,0.102401,0.065759,0.086230,0.104180,0.229904
224,0.197421,0.115229,0.099116,0.102540,0.065842,0.086335,0.104090,0.229428
225,0.197471,0.115026,0.099028,0.102400,0.065759,0.086229,0.104181,0.229907
226,0.197382,0.114711,0.098972,0.102113,0.065558,0.085961,0.104259,0.231044
227,0.197311,0.114470,0.098929,0.101894,0.065405,0.085754,0.104317,0.231921
228,0.197473,0.115037,0.099031,0.102410,0.065766,0.086235,0.104174,0.229874
229,0.197470,0.115026,0.099029,0.102399,0.065758,0.086224,0.104175,0.229919
230,0.197469,0.115018,0.099027,0.102392,0.065754,0.086221,0.104182,0.229939
231,0.156953,0.136954,0.125347,0.106013,0.112824,0.103856,0.098860,0.159191
232,0.157432,0.136721,0.124982,0.105930,0.112632,0.103211,0.098476,0.160617
233,0.197249,0.114688,0.099028,0.102039,0.065489,0.085860,0.104216,0.231431
234,0.197410,0.115227,0.099121,0.102533,0.065836,0.086327,0.104088,0.229459
235,0.197412,0.115236,0.099122,0.102540,0.065841,0.086333,0.104085,0.229431
236,0.197411,0.115232,0.099122,0.102537,0.065839,0.086330,0.104085,0.229443
237,0.197322,0.114928,0.099069,0.102258,0.065644,0.086068,0.104159,0.230552
238,0.145685,0.133659,0.128276,0.107859,0.114967,0.112285,0.108968,0.148302
239,0.197403,0.115215,0.099119,0.102522,0.065829,0.086316,0.104091,0.229505
240,0.197314,0.114914,0.099067,0.102246,0.065635,0.086057,0.104165,0.230601
241,0.197319,0.114930,0.099070,0.102261,0.065646,0.086072,0.104162,0.230541
242,0.197245,0.114683,0.099027,0.102035,0.065487,0.085858,0.104220,0.231444
243,0.197317,0.114924,0.099068,0.102255,0.065641,0.086066,0.104164,0.230565
244,0.197317,0.114924,0.099068,0.102255,0.065642,0.086066,0.104163,0.230564
245,0.197319,0.114927,0.099069,0.102259,0.065644,0.086070,0.104164,0.230549
246,0.156744,0.132942,0.122864,0.106521,0.111939,0.101223,0.099412,0.168355
247,0.197247,0.114690,0.099028,0.102042,0.065492,0.085864,0.104218,0.231419
248,0.157567,0.132916,0.122456,0.106231,0.111501,0.100254,0.098672,0.170403
249,0.197319,0.114918,0.099066,0.102251,0.065639,0.086062,0.104164,0.230581
250,0.197404,0.115208,0.099116,0.102517,0.065826,0.086312,0.104094,0.229522
251,0.197248,0.114683,0.099026,0.102037,0.065488,0.085858,0.104219,0.231441
252,0.197406,0.115217,0.099118,0.102525,0.065831,0.086319,0.104091,0.229494
253,0.197401,0.115192,0.099113,0.102504,0.065816,0.086302,0.104101,0.229571
254,0.151590,0.130972,0.124071,0.107822,0.112956,0.105115,0.104186,0.163288
255,0.197399,0.115189,0.099112,0.102500,0.065814,0.086300,0.104104,0.229582
256,0.197320,0.114924,0.099067,0.102257,0.065644,0.086069,0.104165,0.230555
257,0.154265,0.129991,0.122130,0.107615,0.112000,0.101789,0.101810,0.170401
258,0.197401,0.115200,0.099115,0.102510,0.065821,0.086307,0.104098,0.229548
259,0.153777,0.131118,0.123110,0.107493,0.112414,0.103047,0.102168,0.166873
260,0.197404,0.115209,0.099116,0.102518,0.065827,0.086316,0.104098,0.229514
261,0.197403,0.115206,0.099115,0.102516,0.065825,0.086313,0.104097,0.229524
262,0.197403,0.115206,0.099115,0.102516,0.065825,0.086312,0.104097,0.229526
263,0.197404,0.115208,0.099116,0.102518,0.065826,0.086315,0.104097,0.229517
264,0.197404,0.115207,0.099115,0.102517,0.065826,0.086313,0.104096,0.229521
265,0.197409,0.115220,0.099117,0.102529,0.065834,0.086326,0.104095,0.229470
266,0.197406,0.115211,0.099116,0.102520,0.065828,0.086317,0.104096,0.229506
267,0.197405,0.115211,0.099116,0.102520,0.065828,0.086316,0.104095,0.229509
268,0.197407,0.115215,0.099117,0.102524,0.065830,0.086320,0.104095,0.229493
269,0.197466,0.115008,0.099025,0.102383,0.065747,0.086214,0.104186,0.229971
270,0.197467,0.115007,0.099024,0.102383,0.065747,0.086215,0.104187,0.229970
271,0.197468,0.115013,0.099026,0.102388,0.065751,0.086217,0.104182,0.229954
272,0.197463,0.114994,0.099022,0.102371,0.065738,0.086204,0.104191,0.230018
273,0.197309,0.114462,0.098928,0.101887,0.065400,0.085746,0.104318,0.231949
274,0.197470,0.115021,0.099028,0.102395,0.065756,0.086223,0.104180,0.229927
275,0.197465,0.115001,0.099023,0.102377,0.065743,0.086210,0.104190,0.229991
276,0.197469,0.115016,0.099026,0.102391,0.065752,0.086221,0.104185,0.229941
277,0.197310,0.114466,0.098929,0.101891,0.065403,0.085750,0.104316,0.231935
278,0.197384,0.114721,0.098974,0.102122,0.065565,0.085969,0.104256,0.231009
279,0.197379,0.114704,0.098971,0.102107,0.065554,0.085953,0.104259,0.231073
280,0.161225,0.136045,0.122884,0.104249,0.109704,0.097981,0.095042,0.172870
281,0.197327,0.114922,0.099064,0.102260,0.065645,0.086069,0.104164,0.230550
282,0.197409,0.115205,0.099113,0.102518,0.065826,0.086311,0.104092,0.229526
283,0.197250,0.114668,0.099020,0.102028,0.065482,0.085847,0.104221,0.231484
284,0.197413,0.115217,0.099115,0.102529,0.065834,0.086322,0.104090,0.229479
285,0.197253,0.114680,0.099022,0.102038,0.065489,0.085857,0.104219,0.231442
286,0.197412,0.115213,0.099114,0.102526,0.065832,0.086319,0.104092,0.229493
287,0.197408,0.115199,0.099111,0.102513,0.065823,0.086309,0.104097,0.229539
288,0.197248,0.114665,0.099020,0.102024,0.065480,0.085844,0.104221,0.231498
289,0.197410,0.115208,0.099114,0.102522,0.065829,0.086314,0.104092,0.229512
290,0.197464,0.115004,0.099025,0.102380,0.065745,0.086209,0.104185,0.229988
291,0.197378,0.114701,0.098970,0.102104,0.065552,0.085950,0.104260,0.231086
292,0.197310,0.114469,0.098929,0.101893,0.065404,0.085752,0.104316,0.231926
293,0.197465,0.115007,0.099025,0.102382,0.065747,0.086211,0.104183,0.229979
294,0.184409,0.167024,0.131892,0.093194,0.088822,0.085780,0.069709,0.179170
295,0.197443,0.115094,0.099062,0.102444,0.065783,0.086256,0.104142,0.229775
296,0.197443,0.115094,0.099062,0.102444,0.065783,0.086256,0.104143,0.229775
297,0.197357,0.114796,0.099010,0.102173,0.065592,0.086002,0.104216,0.230854
298,0.197287,0.114556,0.098968,0.101954,0.065439,0.085795,0.104273,0.231728
299,0.197358,0.114797,0.099010,0.102173,0.065593,0.086002,0.104215,0.230852
300,0.197453,0.115129,0.099069,0.102477,0.065805,0.086287,0.104134,0.229646
301,0.197287,0.114560,0.098969,0.101957,0.065441,0.085797,0.104272,0.231716
302,0.197359,0.114800,0.099011,0.102176,0.065595,0.086005,0.104215,0.230839
303,0.197447,0.115108,0.099065,0.102457,0.065792,0.086268,0.104138,0.229724
304,0.197465,0.115006,0.099025,0.102381,0.065746,0.086211,0.104185,0.229982
305,0.197380,0.114708,0.098972,0.102111,0.065557,0.085958,0.104259,0.231055
306,0.197469,0.115021,0.099027,0.102396,0.065756,0.086225,0.104182,0.229923
307,0.197468,0.115017,0.099027,0.102392,0.065753,0.086222,0.104183,0.229938
308,0.197310,0.114467,0.098929,0.101891,0.065403,0.085751,0.104317,0.231933
309,0.197470,0.115022,0.099027,0.102397,0.065757,0.086227,0.104183,0.229916
310,0.197470,0.115022,0.099027,0.102397,0.065757,0.086228,0.104184,0.229916
311,0.197307,0.114456,0.098927,0.101881,0.065396,0.085740,0.104318,0.231976
312,0.197470,0.115020,0.099027,0.102395,0.065756,0.086227,0.104184,0.229921
313,0.197467,0.115011,0.099025,0.102387,0.065750,0.086217,0.104185,0.229958
314,0.197310,0.114465,0.098928,0.101890,0.065402,0.085749,0.104317,0.231938
315,0.197380,0.114707,0.098972,0.102110,0.065556,0.085956,0.104259,0.231061
316,0.197468,0.115016,0.099026,0.102391,0.065753,0.086222,0.104184,0.229938
317,0.197381,0.114710,0.098972,0.102112,0.065558,0.085959,0.104259,0.231050
318,0.197467,0.115011,0.099026,0.102387,0.065750,0.086216,0.104184,0.229960
319,0.197470,0.115022,0.099028,0.102397,0.065757,0.086225,0.104180,0.229922
320,0.197376,0.114693,0.098969,0.102097,0.065547,0.085944,0.104261,0.231112
321,0.197467,0.115011,0.099025,0.102386,0.065749,0.086217,0.104186,0.229958
322,0.162667,0.140331,0.125016,0.103777,0.110269,0.099779,0.093277,0.164883
323,0.197416,0.115196,0.099108,0.102511,0.065822,0.086310,0.104102,0.229535
324,0.197331,0.114906,0.099058,0.102245,0.065636,0.086059,0.104170,0.230595
325,0.197417,0.115197,0.099108,0.102512,0.065823,0.086311,0.104101,0.229531
326,0.197332,0.114910,0.099059,0.102249,0.065638,0.086061,0.104168,0.230583
327,0.166302,0.144602,0.126257,0.101181,0.106385,0.097273,0.088897,0.169103
328,0.197418,0.115202,0.099109,0.102517,0.065826,0.086316,0.104100,0.229512
329,0.197420,0.115209,0.099111,0.102523,0.065831,0.086321,0.104097,0.229489
330,0.197263,0.114680,0.099019,0.102039,0.065491,0.085864,0.104224,0.231421
331,0.197418,0.115203,0.099110,0.102518,0.065827,0.086315,0.104098,0.229512
332,0.197431,0.115153,0.099086,0.102487,0.065808,0.086290,0.104118,0.229626
333,0.197346,0.114857,0.099034,0.102217,0.065619,0.086037,0.104192,0.230699
334,0.197429,0.115145,0.099085,0.102479,0.065803,0.086281,0.104118,0.229660
335,0.197343,0.114847,0.099033,0.102208,0.065613,0.086028,0.104194,0.230735
336,0.197343,0.114848,0.099033,0.102208,0.065613,0.086029,0.104194,0.230733
337,0.197470,0.115023,0.099028,0.102397,0.065757,0.086226,0.104180,0.229919
338,0.197309,0.114464,0.098928,0.101889,0.065401,0.085748,0.104317,0.231943
339,0.197467,0.115013,0.099026,0.102388,0.065751,0.086219,0.104185,0.229951
340,0.197379,0.114702,0.098970,0.102105,0.065553,0.085953,0.104261,0.231077
341,0.197469,0.115018,0.099027,0.102393,0.065754,0.086222,0.104183,0.229936
342,0.197466,0.115008,0.099025,0.102383,0.065747,0.086213,0.104185,0.229973
343,0.197375,0.114689,0.098968,0.102093,0.065544,0.085940,0.104263,0.231129
344,0.197463,0.114998,0.099023,0.102374,0.065741,0.086207,0.104190,0.230004
345,0.197307,0.114457,0.098927,0.101883,0.065397,0.085742,0.104319,0.231968
346,0.197377,0.114698,0.098970,0.102102,0.065550,0.085948,0.104260,0.231093
347,0.197464,0.115002,0.099024,0.102379,0.065744,0.086211,0.104188,0.229988
348,0.161745,0.138693,0.124363,0.104158,0.110474,0.099619,0.094336,0.166613
349,0.197418,0.115220,0.099114,0.102532,0.065836,0.086328,0.104093,0.229459
350,0.197415,0.115209,0.099112,0.102522,0.065829,0.086318,0.104095,0.229501
351,0.197325,0.114904,0.099060,0.102242,0.065633,0.086054,0.104168,0.230614
352,0.197254,0.114667,0.099019,0.102026,0.065481,0.085848,0.104224,0.231482
353,0.197416,0.115212,0.099113,0.102524,0.065831,0.086320,0.104095,0.229490
354,0.197415,0.115209,0.099112,0.102522,0.065829,0.086319,0.104096,0.229498
355,0.197255,0.114670,0.099019,0.102028,0.065483,0.085851,0.104223,0.231471
356,0.197255,0.114672,0.099020,0.102030,0.065485,0.085853,0.104223,0.231462
357,0.197413,0.115205,0.099112,0.102518,0.065826,0.086314,0.104096,0.229517
358,0.197467,0.115012,0.099026,0.102387,0.065750,0.086217,0.104184,0.229956
359,0.197379,0.114701,0.098970,0.102105,0.065552,0.085952,0.104261,0.231080
360,0.197471,0.115029,0.099029,0.102403,0.065761,0.086231,0.104178,0.229897
361,0.197462,0.114993,0.099022,0.102370,0.065738,0.086202,0.104191,0.230023
362,0.197470,0.115025,0.099028,0.102399,0.065758,0.086227,0.104180,0.229913
363,0.197377,0.114697,0.098970,0.102100,0.065549,0.085948,0.104262,0.231096
364,0.168679,0.146179,0.126239,0.100208,0.104748,0.095451,0.086435,0.172062
365,0.197432,0.115139,0.099081,0.102476,0.065801,0.086281,0.104124,0.229666
366,0.197272,0.114594,0.098986,0.101979,0.065453,0.085812,0.104254,0.231649
367,0.197343,0.114832,0.099028,0.102196,0.065605,0.086018,0.104199,0.230779
368,0.189032,0.173900,0.133300,0.093717,0.083668,0.084216,0.065664,0.176503
369,0.197439,0.115161,0.099085,0.102497,0.065816,0.086303,0.104121,0.229579
370,0.197433,0.115141,0.099082,0.102478,0.065803,0.086283,0.104124,0.229657
371,0.197432,0.115139,0.099081,0.102476,0.065801,0.086282,0.104124,0.229665
372,0.197268,0.114584,0.098985,0.101969,0.065446,0.085801,0.104254,0.231693
373,0.197434,0.115145,0.099082,0.102482,0.065806,0.086288,0.104123,0.229639
374,0.164213,0.141551,0.125170,0.102804,0.108781,0.098453,0.091542,0.167486
375,0.197424,0.115176,0.099097,0.102501,0.065816,0.086302,0.104109,0.229574
376,0.197426,0.115185,0.099099,0.102509,0.065822,0.086309,0.104107,0.229543
377,0.197263,0.114635,0.099004,0.102006,0.065469,0.085834,0.104238,0.231551
378,0.197337,0.114883,0.099047,0.102233,0.065629,0.086046,0.104176,0.230649
379,0.197265,0.114638,0.099004,0.102010,0.065472,0.085838,0.104238,0.231536
380,0.197426,0.115183,0.099099,0.102507,0.065821,0.086306,0.104106,0.229553
381,0.197338,0.114885,0.099047,0.102235,0.065630,0.086049,0.104177,0.230640
382,0.197263,0.114631,0.099003,0.102003,0.065468,0.085831,0.104238,0.231563
383,0.197422,0.115166,0.099095,0.102493,0.065810,0.086295,0.104113,0.229607
384,0.197467,0.115014,0.099026,0.102389,0.065751,0.086219,0.104184,0.229949
385,0.197310,0.114465,0.098928,0.101890,0.065402,0.085750,0.104318,0.231937
386,0.197384,0.114722,0.098974,0.102123,0.065565,0.085968,0.104254,0.231010
387,0.197466,0.115009,0.099025,0.102385,0.065748,0.086215,0.104184,0.229968
388,0.197388,0.114737,0.098977,0.102137,0.065575,0.085982,0.104251,0.230953
389,0.197385,0.114725,0.098975,0.102125,0.065567,0.085971,0.104254,0.230998
390,0.197464,0.115001,0.099024,0.102377,0.065743,0.086208,0.104187,0.229997
391,0.197384,0.114724,0.098975,0.102125,0.065566,0.085969,0.104254,0.231003
392,0.197468,0.115017,0.099027,0.102392,0.065753,0.086220,0.104181,0.229942
393,0.197466,0.115008,0.099025,0.102384,0.065748,0.086216,0.104187,0.229965
394,0.197382,0.114718,0.098974,0.102119,0.065562,0.085963,0.104253,0.231028
395,0.197471,0.115027,0.099029,0.102401,0.065760,0.086229,0.104179,0.229903
396,0.197465,0.115004,0.099024,0.102380,0.065745,0.086209,0.104185,0.229987
397,0.158294,0.135979,0.124120,0.105754,0.112108,0.101761,0.097797,0.164187
398,0.197405,0.115206,0.099116,0.102515,0.065823,0.086311,0.104095,0.229529
399,0.160022,0.137420,0.124279,0.104982,0.111450,0.100801,0.096096,0.164951
400,0.197328,0.114947,0.099072,0.102277,0.065657,0.086085,0.104155,0.230477
401,0.197410,0.115221,0.099118,0.102529,0.065833,0.086324,0.104091,0.229474
402,0.197253,0.114694,0.099027,0.102046,0.065495,0.085870,0.104220,0.231396
403,0.197409,0.115219,0.099118,0.102527,0.065832,0.086322,0.104091,0.229481
404,0.197413,0.115230,0.099120,0.102537,0.065839,0.086332,0.104090,0.229440
405,0.149635,0.133374,0.126452,0.107518,0.113803,0.108429,0.105635,0.155155
406,0.197318,0.114930,0.099070,0.102261,0.065645,0.086069,0.104159,0.230546
407,0.197408,0.115232,0.099121,0.102538,0.065839,0.086333,0.104090,0.229438
408,0.197241,0.114672,0.099025,0.102024,0.065480,0.085846,0.104221,0.231491
409,0.197322,0.114942,0.099072,0.102271,0.065653,0.086080,0.104157,0.230504
410,0.197406,0.115228,0.099122,0.102533,0.065837,0.086326,0.104087,0.229462
411,0.164748,0.141957,0.125236,0.101594,0.106702,0.096994,0.090663,0.172106
412,0.197407,0.115226,0.099120,0.102532,0.065836,0.086328,0.104091,0.229459
413,0.197245,0.114683,0.099027,0.102035,0.065487,0.085858,0.104221,0.231444
414,0.197406,0.115228,0.099122,0.102534,0.065837,0.086326,0.104086,0.229462
415,0.197341,0.114870,0.099040,0.102226,0.065625,0.086043,0.104185,0.230670
416,0.197426,0.115162,0.099091,0.102493,0.065812,0.086293,0.104113,0.229610
417,0.197427,0.115165,0.099091,0.102496,0.065814,0.086297,0.104114,0.229596
418,0.197267,0.114625,0.098998,0.102002,0.065467,0.085829,0.104241,0.231570
419,0.158962,0.134686,0.122978,0.105526,0.111244,0.099941,0.097296,0.169367
420,0.197413,0.115235,0.099121,0.102542,0.065843,0.086332,0.104083,0.229432
421,0.197408,0.115217,0.099117,0.102526,0.065831,0.086318,0.104089,0.229493
422,0.197409,0.115216,0.099117,0.102526,0.065831,0.086320,0.104092,0.229488
423,0.197410,0.115224,0.099119,0.102532,0.065836,0.086324,0.104087,0.229468
424,0.197406,0.115210,0.099116,0.102519,0.065827,0.086313,0.104091,0.229518
425,0.197324,0.114927,0.099067,0.102260,0.065645,0.086070,0.104162,0.230545
426,0.197409,0.115217,0.099117,0.102526,0.065832,0.086320,0.104091,0.229490
427,0.197248,0.114674,0.099023,0.102030,0.065484,0.085853,0.104222,0.231466
428,0.197409,0.115216,0.099117,0.102526,0.065831,0.086320,0.104091,0.229490
429,0.197466,0.115008,0.099025,0.102383,0.065747,0.086213,0.104184,0.229974
430,0.197381,0.114708,0.098971,0.102111,0.065557,0.085958,0.104260,0.231054
431,0.197466,0.115007,0.099025,0.102383,0.065747,0.086212,0.104185,0.229976
432,0.197380,0.114707,0.098971,0.102109,0.065556,0.085957,0.104260,0.231061
433,0.197308,0.114459,0.098927,0.101885,0.065398,0.085746,0.104320,0.231956
434,0.197381,0.114712,0.098972,0.102114,0.065559,0.085961,0.104259,0.231043
435,0.197469,0.115021,0.099027,0.102396,0.065756,0.086225,0.104182,0.229924
436,0.197464,0.115003,0.099024,0.102379,0.065744,0.086208,0.104185,0.229993
437,0.197465,0.115006,0.099025,0.102382,0.065746,0.086211,0.104185,0.229980
438,0.197312,0.114474,0.098930,0.101897,0.065407,0.085756,0.104315,0.231909
439,0.197375,0.114692,0.098969,0.102096,0.065546,0.085943,0.104262,0.231118
440,0.197467,0.115014,0.099026,0.102389,0.065751,0.086218,0.104183,0.229951
441,0.197310,0.114467,0.098929,0.101892,0.065403,0.085753,0.104319,0.231926
442,0.197468,0.115019,0.099027,0.102394,0.065755,0.086221,0.104180,0.229936
443,0.197464,0.115002,0.099024,0.102378,0.065744,0.086207,0.104185,0.229997
444,0.197467,0.115012,0.099026,0.102387,0.065750,0.086217,0.104184,0.229959
445,0.197312,0.114472,0.098930,0.101896,0.065406,0.085755,0.104315,0.231913
446,0.197470,0.115026,0.099029,0.102400,0.065759,0.086227,0.104179,0.229910
447,0.197465,0.115006,0.099025,0.102382,0.065746,0.086210,0.104183,0.229982
448,0.197464,0.114999,0.099023,0.102376,0.065742,0.086208,0.104189,0.229997
449,0.197301,0.114434,0.098923,0.101861,0.065382,0.085722,0.104324,0.232053
450,0.197312,0.114473,0.098930,0.101897,0.065407,0.085756,0.104316,0.231909
451,0.197466,0.115006,0.099024,0.102382,0.065746,0.086214,0.104189,0.229974
452,0.197471,0.115025,0.099028,0.102399,0.065758,0.086229,0.104183,0.229908
453,0.165075,0.142536,0.125431,0.102476,0.108368,0.098166,0.090586,0.167363
454,0.197341,0.114866,0.099040,0.102221,0.065621,0.086038,0.104185,0.230688
455,0.197271,0.114632,0.098999,0.102008,0.065472,0.085837,0.104241,0.231540
456,0.197426,0.115157,0.099090,0.102488,0.065808,0.086292,0.104118,0.229620
457,0.197342,0.114870,0.099040,0.102226,0.065624,0.086044,0.104185,0.230668
458,0.197428,0.115162,0.099090,0.102493,0.065811,0.086296,0.104117,0.229603
459,0.197429,0.115166,0.099092,0.102496,0.065814,0.086299,0.104114,0.229590
460,0.197340,0.114864,0.099039,0.102220,0.065620,0.086038,0.104186,0.230692
461,0.197427,0.115157,0.099090,0.102488,0.065808,0.086292,0.104118,0.229620
462,0.173437,0.153979,0.129096,0.097216,0.099519,0.093217,0.080639,0.172897
463,0.197443,0.115134,0.099075,0.102476,0.065803,0.086286,0.104131,0.229652
464,0.197442,0.115136,0.099076,0.102477,0.065804,0.086283,0.104125,0.229656
465,0.197437,0.115115,0.099072,0.102458,0.065791,0.086266,0.104132,0.229729
466,0.197435,0.115106,0.099070,0.102450,0.065785,0.086261,0.104137,0.229756
467,0.197287,0.114595,0.098980,0.101985,0.065459,0.085826,0.104265,0.231603
468,0.197437,0.115115,0.099072,0.102459,0.065791,0.086266,0.104132,0.229728
469,0.157227,0.135938,0.124580,0.106056,0.112511,0.102862,0.098728,0.162098
470,0.197407,0.115216,0.099118,0.102524,0.065829,0.086320,0.104094,0.229492
471,0.197413,0.115237,0.099121,0.102543,0.065843,0.086338,0.104089,0.229417
472,0.197412,0.115231,0.099121,0.102537,0.065839,0.086333,0.104089,0.229438
473,0.197413,0.115234,0.099121,0.102540,0.065841,0.086336,0.104089,0.229425
474,0.197415,0.115242,0.099122,0.102548,0.065846,0.086343,0.104088,0.229395
475,0.197416,0.115245,0.099123,0.102550,0.065848,0.086345,0.104086,0.229386
476,0.197411,0.115231,0.099121,0.102537,0.065839,0.086332,0.104089,0.229440
477,0.162355,0.139911,0.124896,0.103641,0.109915,0.099547,0.093543,0.166191
478,0.197411,0.115230,0.099120,0.102536,0.065838,0.086331,0.104089,0.229443
479,0.197328,0.114903,0.099058,0.102242,0.065634,0.086053,0.104167,0.230616
480,0.197419,0.115209,0.099111,0.102523,0.065831,0.086320,0.104096,0.229491
481,0.197337,0.114932,0.099063,0.102269,0.065653,0.086080,0.104163,0.230503
482,0.197419,0.115212,0.099111,0.102526,0.065832,0.086322,0.104095,0.229483
483,0.158704,0.136593,0.124327,0.105588,0.112100,0.101774,0.097381,0.163533
484,0.197414,0.115232,0.099120,0.102539,0.065840,0.086334,0.104089,0.229432
485,0.197321,0.114920,0.099066,0.102252,0.065640,0.086063,0.104163,0.230575
486,0.197409,0.115216,0.099118,0.102524,0.065830,0.086318,0.104091,0.229495
487,0.164825,0.141957,0.125200,0.101564,0.106646,0.096900,0.090590,0.172318
488,0.197266,0.114736,0.099035,0.102084,0.065522,0.085903,0.104205,0.231250
489,0.197260,0.114715,0.099031,0.102065,0.065508,0.085886,0.104212,0.231323
490,0.197411,0.115223,0.099119,0.102531,0.065835,0.086326,0.104090,0.229466
491,0.163514,0.140365,0.124720,0.102597,0.108157,0.097857,0.092206,0.170583
492,0.197320,0.114917,0.099066,0.102250,0.065638,0.086060,0.104162,0.230586
493,0.197256,0.114644,0.099010,0.102011,0.065472,0.085833,0.104228,0.231546
494,0.197329,0.114887,0.099052,0.102232,0.065627,0.086044,0.104173,0.230656
495,0.197331,0.114893,0.099053,0.102238,0.065631,0.086050,0.104173,0.230630
496,0.160558,0.137271,0.123952,0.104740,0.110992,0.100012,0.095603,0.166871
497,0.197257,0.114687,0.099023,0.102044,0.065493,0.085868,0.104223,0.231405
498,0.163162,0.140621,0.125017,0.103165,0.109215,0.098947,0.092626,0.167247
499,0.197252,0.114677,0.099023,0.102033,0.065486,0.085854,0.104220,0.231456
500,0.197326,0.114921,0.099065,0.102256,0.065643,0.086066,0.104163,0.230561
501,0.197326,0.114922,0.099065,0.102257,0.065643,0.086067,0.104163,0.230557
502,0.197265,0.114724,0.099032,0.102075,0.065516,0.085891,0.104205,0.231292
503,0.197326,0.114922,0.099065,0.102258,0.065644,0.086068,0.104163,0.230554
504,0.197324,0.114917,0.099064,0.102252,0.065640,0.086063,0.104165,0.230576
505,0.197414,0.115222,0.099117,0.102531,0.065835,0.086324,0.104088,0.229468
506,0.197332,0.114899,0.099055,0.102242,0.065634,0.086055,0.104172,0.230611
507,0.197331,0.114894,0.099054,0.102237,0.065630,0.086050,0.104173,0.230631
508,0.197465,0.115005,0.099025,0.102381,0.065746,0.086211,0.104185,0.229982
509,0.162274,0.138573,0.124074,0.103747,0.109699,0.098671,0.093787,0.169176
510,0.197414,0.115202,0.099111,0.102517,0.065826,0.086311,0.104095,0.229526
511,0.197260,0.114681,0.099020,0.102040,0.065491,0.085864,0.104224,0.231420
512,0.197418,0.115213,0.099112,0.102528,0.065833,0.086325,0.104097,0.229475
513,0.197417,0.115215,0.099113,0.102528,0.065834,0.086321,0.104091,0.229481
514,0.197412,0.115197,0.099109,0.102512,0.065822,0.086307,0.104097,0.229543
515,0.197413,0.115199,0.099110,0.102514,0.065824,0.086311,0.104098,0.229530
516,0.197417,0.115210,0.099111,0.102525,0.065831,0.086321,0.104096,0.229489
517,0.197260,0.114682,0.099020,0.102041,0.065492,0.085865,0.104223,0.231417
518,0.197415,0.115205,0.099110,0.102520,0.065828,0.086316,0.104097,0.229509
519,0.197467,0.115009,0.099025,0.102385,0.065748,0.086217,0.104187,0.229963
520,0.197466,0.115006,0.099024,0.102382,0.065747,0.086214,0.104187,0.229973
521,0.197467,0.115009,0.099024,0.102384,0.065748,0.086216,0.104187,0.229964
522,0.197464,0.115000,0.099023,0.102377,0.065743,0.086208,0.104188,0.229996
523,0.197470,0.115021,0.099027,0.102396,0.065756,0.086227,0.104184,0.229920
524,0.197466,0.115004,0.099024,0.102380,0.065745,0.086211,0.104187,0.229982
525,0.197308,0.114457,0.098927,0.101883,0.065397,0.085742,0.104319,0.231968
526,0.160320,0.136515,0.123571,0.104836,0.110879,0.099685,0.095894,0.168299
527,0.197332,0.114943,0.099068,0.102277,0.065657,0.086087,0.104160,0.230476
528,0.197410,0.115211,0.099115,0.102522,0.065829,0.086317,0.104093,0.229503
529,0.197411,0.115214,0.099115,0.102525,0.065831,0.086320,0.104093,0.229492
530,0.197334,0.114949,0.099069,0.102282,0.065661,0.086093,0.104159,0.230453
531,0.197390,0.114742,0.098978,0.102142,0.065578,0.085988,0.104252,0.230931
532,0.155203,0.132928,0.123595,0.106906,0.112419,0.102821,0.100748,0.165381
533,0.197251,0.114697,0.099029,0.102049,0.065497,0.085870,0.104216,0.231392
534,0.197407,0.115221,0.099119,0.102529,0.065833,0.086323,0.104091,0.229476
535,0.197252,0.114700,0.099029,0.102051,0.065499,0.085873,0.104217,0.231379
536,0.197337,0.114981,0.099077,0.102308,0.065679,0.086118,0.104153,0.230347
537,0.197336,0.114979,0.099077,0.102307,0.065678,0.086116,0.104152,0.230356
538,0.197406,0.115222,0.099120,0.102528,0.065833,0.086321,0.104088,0.229482
539,0.197330,0.114959,0.099073,0.102288,0.065665,0.086098,0.104156,0.230431
540,0.197330,0.114959,0.099073,0.102289,0.065665,0.086098,0.104155,0.230429
541,0.197408,0.115227,0.099120,0.102533,0.065837,0.086326,0.104087,0.229461
542,0.152740,0.133013,0.124817,0.107275,0.113040,0.105289,0.102927,0.160899
543,0.154072,0.135086,0.125502,0.106734,0.113099,0.105358,0.101527,0.158622
544,0.197249,0.114694,0.099029,0.102046,0.065494,0.085867,0.104216,0.231405
545,0.197338,0.114989,0.099079,0.102315,0.065683,0.086126,0.104151,0.230319
546,0.197338,0.114986,0.099078,0.102313,0.065682,0.086124,0.104152,0.230326
547,0.197337,0.114984,0.099078,0.102311,0.065680,0.086121,0.104152,0.230337
548,0.197431,0.115323,0.099140,0.102619,0.065897,0.086405,0.104061,0.229124
549,0.197245,0.114682,0.099027,0.102034,0.065486,0.085855,0.104218,0.231454
550,0.197333,0.114969,0.099075,0.102297,0.065671,0.086109,0.104156,0.230390
551,0.197423,0.115282,0.099130,0.102583,0.065871,0.086378,0.104080,0.229253
552,0.197380,0.114740,0.098967,0.102143,0.065592,0.085999,0.104275,0.230905
553,0.197310,0.114467,0.098929,0.101892,0.065403,0.085750,0.104316,0.231934
554,0.134392,0.116835,0.121550,0.112720,0.121131,0.117259,0.122514,0.153600
555,0.197344,0.114891,0.099039,0.102246,0.065645,0.086074,0.104201,0.230561
556,0.197259,0.114610,0.098991,0.101989,0.065465,0.085827,0.104262,0.231598
557,0.197295,0.114459,0.098918,0.101888,0.065413,0.085754,0.104339,0.231935
558,0.197456,0.115019,0.099018,0.102396,0.065769,0.086230,0.104197,0.229915
559,0.197459,0.115025,0.099019,0.102403,0.065773,0.086238,0.104199,0.229885
560,0.197459,0.115028,0.099019,0.102405,0.065775,0.086240,0.104198,0.229875
561,0.197460,0.115028,0.099019,0.102405,0.065775,0.086241,0.104199,0.229875
562,0.197460,0.115030,0.099020,0.102408,0.065776,0.086243,0.104198,0.229864
563,0.197383,0.114758,0.098971,0.102160,0.065603,0.086011,0.104266,0.230847
564,0.197400,0.114777,0.098984,0.102173,0.065600,0.086017,0.104243,0.230805
565,0.197474,0.115039,0.099031,0.102412,0.065767,0.086237,0.104174,0.229865
566,0.197408,0.114802,0.098988,0.102196,0.065616,0.086039,0.104238,0.230714
567,0.197312,0.114472,0.098930,0.101896,0.065406,0.085756,0.104316,0.231912
568,0.197474,0.115040,0.099031,0.102412,0.065767,0.086237,0.104173,0.229865
569,0.197477,0.115048,0.099032,0.102420,0.065773,0.086248,0.104176,0.229825
570,0.197481,0.115059,0.099034,0.102431,0.065780,0.086259,0.104174,0.229782
571,0.197474,0.115041,0.099032,0.102413,0.065768,0.086238,0.104172,0.229861
572,0.197477,0.115048,0.099032,0.102420,0.065773,0.086249,0.104177,0.229824
573,0.197309,0.114463,0.098928,0.101888,0.065400,0.085748,0.104318,0.231945
574,0.197479,0.115055,0.099033,0.102426,0.065777,0.086255,0.104175,0.229799
575,0.197474,0.115037,0.099030,0.102410,0.065766,0.086239,0.104178,0.229865
576,0.197310,0.114464,0.098928,0.101889,0.065401,0.085748,0.104318,0.231943
577,0.197480,0.115055,0.099033,0.102427,0.065778,0.086256,0.104176,0.229795
578,0.197475,0.115040,0.099031,0.102412,0.065768,0.086241,0.104178,0.229856
579,0.197782,0.165605,0.122619,0.104667,0.076289,0.081451,0.065387,0.186201
580,0.159045,0.138386,0.125303,0.105421,0.112493,0.102776,0.096906,0.159670
581,0.197418,0.115244,0.099122,0.102549,0.065847,0.086342,0.104084,0.229394
582,0.197424,0.115260,0.099124,0.102564,0.065858,0.086359,0.104083,0.229327
583,0.197350,0.115009,0.099081,0.102334,0.065697,0.086143,0.104144,0.230241
584,0.197421,0.115250,0.099123,0.102555,0.065852,0.086349,0.104083,0.229366
585,0.197424,0.115262,0.099125,0.102566,0.065859,0.086360,0.104082,0.229323
586,0.197343,0.114987,0.099078,0.102313,0.065682,0.086122,0.104148,0.230327
587,0.197351,0.115010,0.099081,0.102335,0.065698,0.086144,0.104144,0.230237
588,0.197422,0.115255,0.099124,0.102559,0.065855,0.086354,0.104083,0.229348
589,0.197254,0.114688,0.099026,0.102041,0.065491,0.085864,0.104219,0.231417
590,0.163910,0.142807,0.126047,0.103420,0.110180,0.100309,0.091813,0.161514
591,0.197434,0.115207,0.099103,0.102529,0.065836,0.086328,0.104101,0.229464
592,0.197433,0.115205,0.099103,0.102527,0.065835,0.086326,0.104101,0.229469
593,0.197358,0.114945,0.099057,0.102289,0.065668,0.086103,0.104166,0.230414
594,0.197438,0.115222,0.099105,0.102543,0.065846,0.086342,0.104098,0.229406
595,0.166295,0.145658,0.126889,0.101909,0.107852,0.098863,0.088973,0.163560
596,0.197433,0.115206,0.099103,0.102528,0.065835,0.086328,0.104102,0.229465
597,0.197355,0.114937,0.099056,0.102281,0.065662,0.086096,0.104168,0.230446
598,0.197273,0.114665,0.099010,0.102032,0.065488,0.085855,0.104226,0.231452
599,0.197433,0.115207,0.099103,0.102528,0.065835,0.086326,0.104100,0.229468
600,0.197447,0.115205,0.099095,0.102534,0.065841,0.086336,0.104107,0.229436
601,0.197440,0.115184,0.099093,0.102514,0.065827,0.086315,0.104109,0.229518
602,0.197445,0.115201,0.099095,0.102530,0.065838,0.086332,0.104108,0.229450
603,0.197442,0.115189,0.099093,0.102519,0.065831,0.086322,0.104111,0.229493
604,0.166231,0.144402,0.126113,0.102212,0.108184,0.098353,0.089280,0.165225
605,0.160633,0.140465,0.125906,0.104914,0.112331,0.102653,0.095261,0.157837
606,0.197426,0.115247,0.099120,0.102554,0.065851,0.086350,0.104087,0.229365
607,0.166275,0.145354,0.126730,0.101467,0.107047,0.098168,0.088918,0.166041
608,0.197425,0.115245,0.099120,0.102552,0.065850,0.086347,0.104086,0.229376
609,0.170357,0.151231,0.128723,0.099080,0.103077,0.096192,0.084021,0.167319
610,0.197341,0.114963,0.099072,0.102292,0.065668,0.086100,0.104152,0.230412
611,0.197351,0.114991,0.099076,0.102319,0.065687,0.086130,0.104150,0.230297
612,0.197426,0.115248,0.099121,0.102554,0.065852,0.086350,0.104085,0.229364
613,0.197257,0.114679,0.099022,0.102033,0.065486,0.085858,0.104223,0.231442
614,0.197352,0.114996,0.099077,0.102323,0.065690,0.086134,0.104149,0.230280
615,0.197440,0.115183,0.099092,0.102514,0.065827,0.086316,0.104111,0.229519
616,0.197447,0.115203,0.099095,0.102533,0.065840,0.086335,0.104108,0.229438
617,0.197449,0.115172,0.099084,0.102508,0.065825,0.086315,0.104119,0.229528
618,0.197447,0.115166,0.099083,0.102503,0.065821,0.086309,0.104120,0.229550
619,0.197482,0.115065,0.099035,0.102436,0.065784,0.086264,0.104173,0.229761
620,0.197312,0.114473,0.098930,0.101897,0.065407,0.085757,0.104316,0.231908
621,0.197400,0.114774,0.098983,0.102170,0.065598,0.086015,0.104245,0.230815
622,0.197310,0.114468,0.098929,0.101892,0.065404,0.085751,0.104317,0.231929
623,0.197400,0.114776,0.098984,0.102173,0.065600,0.086016,0.104243,0.230808
624,0.160050,0.140540,0.126195,0.105106,0.112667,0.103355,0.095774,0.156313
625,0.197258,0.114684,0.099024,0.102037,0.065489,0.085862,0.104222,0.231424
626,0.197346,0.114979,0.099074,0.102307,0.065679,0.086119,0.104153,0.230343
627,0.197350,0.114994,0.099078,0.102321,0.065688,0.086129,0.104146,0.230295
628,0.197346,0.114980,0.099075,0.102308,0.065679,0.086119,0.104152,0.230341
629,0.197259,0.114688,0.099024,0.102041,0.065492,0.085865,0.104220,0.231411
630,0.159908,0.140282,0.126100,0.105145,0.112648,0.103305,0.095925,0.156688
631,0.197257,0.114684,0.099024,0.102037,0.065489,0.085861,0.104220,0.231428
632,0.157860,0.139287,0.126380,0.105652,0.113106,0.104629,0.097813,0.155272
633,0.197340,0.114978,0.099077,0.102305,0.065676,0.086114,0.104149,0.230361
634,0.159382,0.140665,0.126559,0.105239,0.112884,0.104096,0.096316,0.154858
635,0.160578,0.141636,0.126643,0.104882,0.112554,0.103547,0.095124,0.155036
636,0.197254,0.114692,0.099027,0.102043,0.065492,0.085865,0.104217,0.231409
637,0.197254,0.114689,0.099027,0.102040,0.065491,0.085863,0.104218,0.231418
638,0.197346,0.114998,0.099080,0.102323,0.065689,0.086131,0.104145,0.230288
639,0.162428,0.144775,0.127745,0.104371,0.112303,0.103899,0.092981,0.151498
640,0.197256,0.114691,0.099026,0.102042,0.065492,0.085866,0.104219,0.231408
641,0.197348,0.114999,0.099080,0.102323,0.065690,0.086131,0.104145,0.230285
642,0.197349,0.114987,0.099076,0.102314,0.065683,0.086123,0.104149,0.230319
643,0.197432,0.115277,0.099127,0.102579,0.065869,0.086373,0.104078,0.229264
644,0.197358,0.115005,0.099077,0.102331,0.065696,0.086142,0.104148,0.230244
645,0.197276,0.114696,0.099019,0.102053,0.065502,0.085879,0.104222,0.231353
646,0.197443,0.115273,0.099121,0.102579,0.065871,0.086375,0.104082,0.229257
647,0.197437,0.115260,0.099120,0.102566,0.065861,0.086358,0.104079,0.229318
648,0.153716,0.110932,0.109105,0.108495,0.102405,0.091960,0.108386,0.215001
649,0.197384,0.114905,0.099021,0.102274,0.065673,0.086105,0.104207,0.230431
650,0.197389,0.114923,0.099025,0.102290,0.065685,0.086120,0.104202,0.230367
651,0.154769,0.114443,0.111073,0.108877,0.104261,0.091780,0.105093,0.209704
652,0.154804,0.115038,0.111485,0.108897,0.104625,0.091963,0.104758,0.208431
653,0.197396,0.114950,0.099032,0.102312,0.065699,0.086138,0.104191,0.230282
654,0.197396,0.114949,0.099031,0.102311,0.065699,0.086138,0.104192,0.230283
655,0.197400,0.114962,0.099033,0.102323,0.065707,0.086152,0.104193,0.230230
656,0.197407,0.114983,0.099037,0.102343,0.065721,0.086170,0.104187,0.230152
657,0.156206,0.118773,0.113283,0.109328,0.107288,0.092654,0.101611,0.200857
658,0.197269,0.114575,0.098974,0.101964,0.065451,0.085808,0.104277,0.231681
659,0.197406,0.115045,0.099057,0.102392,0.065751,0.086210,0.104162,0.229976
660,0.197271,0.114580,0.098975,0.101969,0.065455,0.085813,0.104278,0.231659
661,0.197411,0.115068,0.099063,0.102413,0.065765,0.086229,0.104155,0.229896
662,0.197405,0.115104,0.099078,0.102440,0.065780,0.086251,0.104141,0.229802
663,0.197407,0.115110,0.099079,0.102445,0.065784,0.086256,0.104139,0.229781
664,0.197410,0.115119,0.099080,0.102454,0.065790,0.086264,0.104137,0.229746
665,0.197413,0.115130,0.099082,0.102463,0.065796,0.086274,0.104135,0.229706
666,0.197416,0.115140,0.099084,0.102473,0.065803,0.086284,0.104134,0.229666
667,0.197466,0.115007,0.099024,0.102383,0.065747,0.086215,0.104188,0.229969
668,0.197468,0.115015,0.099026,0.102390,0.065752,0.086221,0.104185,0.229943
669,0.197470,0.115021,0.099027,0.102396,0.065756,0.086227,0.104184,0.229920
670,0.197472,0.115027,0.099028,0.102401,0.065759,0.086231,0.104182,0.229901
671,0.197473,0.115030,0.099029,0.102403,0.065761,0.086233,0.104180,0.229891
672,0.197474,0.115033,0.099029,0.102406,0.065764,0.086236,0.104180,0.229879
673,0.197471,0.115024,0.099027,0.102398,0.065758,0.086229,0.104183,0.229909
674,0.197473,0.115031,0.099029,0.102405,0.065763,0.086236,0.104181,0.229882
675,0.197476,0.115045,0.099032,0.102417,0.065771,0.086242,0.104172,0.229845
676,0.197478,0.115052,0.099033,0.102423,0.065775,0.086250,0.104173,0.229817
677,0.197477,0.115047,0.099032,0.102419,0.065772,0.086248,0.104176,0.229828
678,0.197317,0.114490,0.098933,0.101912,0.065417,0.085767,0.104308,0.231855
679,0.151414,0.137258,0.128003,0.106630,0.113915,0.109139,0.103535,0.150106
680,0.197260,0.114726,0.099034,0.102073,0.065513,0.085900,0.104217,0.231277
681,0.158948,0.139961,0.126326,0.105310,0.112788,0.103967,0.096774,0.155925
682,0.197280,0.114793,0.099046,0.102135,0.065556,0.085956,0.104198,0.231036
683,0.135915,0.125806,0.126318,0.113366,0.123087,0.119262,0.116864,0.139381
684,0.197283,0.114656,0.099000,0.102024,0.065487,0.085871,0.104258,0.231420
685,0.136226,0.126463,0.126701,0.112905,0.122506,0.119118,0.116654,0.139426
686,0.197306,0.114737,0.099015,0.102097,0.065539,0.085939,0.104238,0.231128
687,0.197291,0.114683,0.099005,0.102048,0.065504,0.085897,0.104256,0.231316
688,0.197302,0.114723,0.099013,0.102084,0.065530,0.085927,0.104241,0.231181
689,0.160160,0.139431,0.125493,0.105472,0.112999,0.102810,0.095943,0.157693
690,0.197299,0.114708,0.099009,0.102071,0.065520,0.085918,0.104250,0.231225
691,0.197321,0.114787,0.099025,0.102143,0.065571,0.085977,0.104219,0.230958
692,0.197323,0.114794,0.099026,0.102149,0.065575,0.085983,0.104218,0.230932
693,0.197324,0.114809,0.099030,0.102161,0.065583,0.085994,0.104214,0.230885
694,0.161865,0.141312,0.125929,0.104798,0.112436,0.102256,0.094169,0.157235
695,0.197317,0.114889,0.099060,0.102224,0.065620,0.086036,0.104169,0.230687
696,0.197318,0.114892,0.099061,0.102226,0.065622,0.086038,0.104168,0.230676
697,0.197319,0.114896,0.099061,0.102230,0.065624,0.086041,0.104167,0.230661
698,0.197272,0.114739,0.099034,0.102087,0.065524,0.085910,0.104209,0.231226
699,0.162513,0.143546,0.126999,0.104331,0.112021,0.102906,0.093119,0.154565
700,0.197434,0.115258,0.099119,0.102566,0.065860,0.086366,0.104091,0.229306
701,0.197435,0.115261,0.099120,0.102568,0.065862,0.086369,0.104090,0.229295
702,0.197334,0.114918,0.099061,0.102253,0.065641,0.086068,0.104168,0.230558
703,0.197332,0.114913,0.099061,0.102248,0.065638,0.086063,0.104169,0.230577
704,0.197435,0.115245,0.099116,0.102555,0.065853,0.086355,0.104093,0.229348
705,0.197437,0.115260,0.099120,0.102567,0.065862,0.086362,0.104083,0.229309
706,0.197332,0.114893,0.099055,0.102232,0.065627,0.086049,0.104175,0.230637
707,0.197330,0.114889,0.099054,0.102228,0.065624,0.086044,0.104175,0.230655
708,0.197440,0.115273,0.099123,0.102578,0.065870,0.086369,0.104075,0.229273
709,0.197485,0.115077,0.099037,0.102446,0.065791,0.086275,0.104171,0.229719
710,0.197487,0.115090,0.099041,0.102457,0.065799,0.086281,0.104162,0.229682
711,0.197380,0.114703,0.098971,0.102106,0.065554,0.085954,0.104261,0.231071
712,0.197493,0.115111,0.099044,0.102477,0.065813,0.086300,0.104158,0.229604
713,0.197491,0.115102,0.099043,0.102468,0.065807,0.086292,0.104161,0.229637
714,0.197376,0.114690,0.098968,0.102094,0.065545,0.085943,0.104264,0.231119
715,0.197487,0.115092,0.099041,0.102459,0.065800,0.086281,0.104160,0.229679
716,0.197375,0.114689,0.098968,0.102094,0.065544,0.085941,0.104263,0.231126
717,0.197374,0.114687,0.098968,0.102092,0.065543,0.085940,0.104264,0.231132
718,0.197374,0.114685,0.098968,0.102090,0.065542,0.085938,0.104264,0.231140
719,0.148045,0.085367,0.090138,0.106832,0.091353,0.095489,0.129366,0.253410
720,0.197356,0.114611,0.098937,0.102032,0.065517,0.085893,0.104307,0.231347
721,0.197365,0.114641,0.098942,0.102059,0.065536,0.085921,0.104302,0.231233
722,0.197364,0.114638,0.098941,0.102056,0.065534,0.085918,0.104303,0.231247
723,0.197365,0.114642,0.098942,0.102060,0.065537,0.085921,0.104301,0.231231
724,0.197330,0.114522,0.098920,0.101952,0.065461,0.085822,0.104334,0.231658
725,0.197366,0.114643,0.098942,0.102061,0.065538,0.085922,0.104302,0.231227
726,0.197305,0.114433,0.098904,0.101871,0.065405,0.085746,0.104356,0.231979
727,0.151186,0.092162,0.094513,0.105883,0.090667,0.090833,0.121519,0.253237
728,0.197366,0.114645,0.098943,0.102063,0.065539,0.085924,0.104301,0.231219
729,0.197295,0.114470,0.098920,0.101900,0.065420,0.085765,0.104336,0.231893
730,0.197345,0.114643,0.098952,0.102056,0.065530,0.085907,0.104287,0.231281
731,0.197343,0.114635,0.098951,0.102049,0.065525,0.085901,0.104289,0.231307
732,0.197355,0.114675,0.098957,0.102085,0.065550,0.085937,0.104282,0.231159
733,0.197289,0.114453,0.098919,0.101884,0.065409,0.085741,0.104329,0.231976
734,0.197345,0.114641,0.098952,0.102055,0.065529,0.085906,0.104288,0.231284
735,0.197358,0.114682,0.098958,0.102092,0.065555,0.085946,0.104284,0.231125
736,0.197359,0.114689,0.098960,0.102098,0.065559,0.085948,0.104278,0.231109
737,0.197328,0.114532,0.098941,0.101951,0.065444,0.085807,0.104302,0.231696
738,0.197329,0.114532,0.098940,0.101951,0.065445,0.085810,0.104305,0.231688
739,0.197358,0.114633,0.098959,0.102043,0.065509,0.085891,0.104273,0.231334
740,0.197380,0.114710,0.098972,0.102113,0.065558,0.085957,0.104256,0.231053
741,0.197335,0.114554,0.098944,0.101971,0.065458,0.085828,0.104299,0.231611
742,0.197380,0.114711,0.098973,0.102114,0.065559,0.085958,0.104255,0.231050
743,0.197383,0.114721,0.098975,0.102122,0.065564,0.085965,0.104252,0.231019
744,0.197356,0.114627,0.098958,0.102037,0.065505,0.085884,0.104273,0.231360
745,0.197357,0.114631,0.098959,0.102041,0.065508,0.085888,0.104273,0.231344
746,0.197359,0.114638,0.098960,0.102046,0.065512,0.085894,0.104272,0.231320
747,0.197358,0.114634,0.098959,0.102043,0.065509,0.085889,0.104272,0.231337
748,0.197358,0.114634,0.098959,0.102043,0.065509,0.085890,0.104272,0.231334
749,0.197316,0.114492,0.098935,0.101914,0.065419,0.085765,0.104302,0.231857
750,0.197321,0.114510,0.098937,0.101930,0.065430,0.085784,0.104303,0.231785
751,0.197334,0.114551,0.098944,0.101968,0.065457,0.085825,0.104299,0.231621
752,0.197405,0.114800,0.098989,0.102194,0.065615,0.086032,0.104232,0.230733
753,0.197322,0.114515,0.098939,0.101934,0.065433,0.085785,0.104297,0.231775
754,0.154656,0.112776,0.109909,0.108713,0.103114,0.091291,0.106096,0.213445
755,0.155071,0.113533,0.110186,0.108288,0.102720,0.090657,0.105204,0.214339
756,0.155043,0.114543,0.110962,0.108541,0.103704,0.091224,0.104727,0.211256
757,0.197301,0.114647,0.098981,0.102036,0.065504,0.085878,0.104265,0.231388
758,0.197386,0.114937,0.099032,0.102300,0.065689,0.086125,0.104192,0.230338
759,0.197391,0.114957,0.099036,0.102318,0.065702,0.086141,0.104186,0.230269
760,0.197393,0.114964,0.099037,0.102324,0.065706,0.086147,0.104185,0.230245
761,0.197395,0.114970,0.099038,0.102330,0.065710,0.086153,0.104184,0.230218
762,0.155318,0.117293,0.112789,0.108962,0.105933,0.092428,0.103146,0.204130
763,0.197346,0.114815,0.099014,0.102185,0.065608,0.086014,0.104217,0.230800
764,0.197345,0.114830,0.099020,0.102197,0.065615,0.086023,0.104210,0.230761
765,0.197398,0.115023,0.099055,0.102372,0.065737,0.086187,0.104161,0.230066
766,0.197391,0.115027,0.099060,0.102373,0.065735,0.086190,0.104163,0.230060
767,0.197395,0.115044,0.099063,0.102388,0.065746,0.086203,0.104157,0.230004
768,0.197397,0.115049,0.099064,0.102393,0.065749,0.086208,0.104157,0.229984
769,0.197400,0.115063,0.099067,0.102405,0.065758,0.086217,0.104150,0.229941
770,0.197400,0.115065,0.099068,0.102406,0.065759,0.086216,0.104147,0.229940
771,0.197403,0.115074,0.099069,0.102415,0.065765,0.086224,0.104145,0.229906
772,0.197448,0.114946,0.099014,0.102327,0.065708,0.086160,0.104199,0.230198
773,0.197453,0.114961,0.099017,0.102340,0.065717,0.086173,0.104196,0.230143
774,0.197454,0.114964,0.099017,0.102343,0.065719,0.086175,0.104195,0.230132
775,0.197454,0.114966,0.099018,0.102345,0.065721,0.086176,0.104193,0.230126
776,0.197455,0.114972,0.099020,0.102350,0.065724,0.086177,0.104186,0.230116
777,0.197454,0.114969,0.099019,0.102347,0.065722,0.086176,0.104190,0.230123
778,0.197458,0.114979,0.099020,0.102357,0.065729,0.086188,0.104191,0.230078
779,0.197459,0.114983,0.099021,0.102361,0.065732,0.086192,0.104190,0.230062
780,0.197460,0.114985,0.099021,0.102363,0.065733,0.086194,0.104190,0.230054
781,0.197461,0.114989,0.099022,0.102366,0.065735,0.086197,0.104189,0.230042
782,0.155141,0.131091,0.122424,0.107239,0.112008,0.101635,0.100937,0.169526
783,0.197404,0.115209,0.099117,0.102518,0.065827,0.086310,0.104090,0.229524
784,0.197400,0.115195,0.099114,0.102505,0.065818,0.086298,0.104094,0.229576
785,0.197400,0.115195,0.099114,0.102506,0.065818,0.086299,0.104094,0.229573
786,0.197400,0.115195,0.099114,0.102506,0.065818,0.086299,0.104094,0.229574
787,0.197401,0.115197,0.099114,0.102507,0.065819,0.086301,0.104095,0.229565
788,0.197400,0.115193,0.099113,0.102503,0.065816,0.086297,0.104096,0.229581
789,0.197402,0.115199,0.099114,0.102510,0.065821,0.086304,0.104095,0.229555
790,0.197400,0.115194,0.099113,0.102505,0.065817,0.086299,0.104096,0.229576
791,0.197277,0.114576,0.098969,0.101971,0.065457,0.085816,0.104282,0.231652
792,0.197390,0.114964,0.099039,0.102323,0.065704,0.086146,0.104184,0.230249
793,0.197391,0.114977,0.099043,0.102334,0.065712,0.086152,0.104175,0.230217
794,0.197288,0.114617,0.098978,0.102007,0.065483,0.085847,0.104267,0.231513
795,0.197392,0.114972,0.099040,0.102330,0.065709,0.086152,0.104182,0.230221
796,0.197393,0.114974,0.099041,0.102332,0.065711,0.086153,0.104179,0.230217
797,0.151559,0.117752,0.115357,0.110142,0.109334,0.097941,0.107283,0.190632
798,0.197385,0.115017,0.099060,0.102361,0.065727,0.086176,0.104162,0.230113
799,0.197270,0.114624,0.098990,0.102003,0.065476,0.085844,0.104264,0.231529
800,0.197395,0.115055,0.099067,0.102396,0.065752,0.086208,0.104151,0.229975
801,0.197276,0.114641,0.098993,0.102020,0.065488,0.085860,0.104260,0.231463
802,0.197264,0.114611,0.098990,0.101990,0.065467,0.085822,0.104254,0.231602
803,0.197267,0.114611,0.098987,0.101992,0.065468,0.085834,0.104267,0.231573
804,0.197393,0.115045,0.099064,0.102387,0.065745,0.086202,0.104156,0.230006
805,0.197398,0.115097,0.099079,0.102430,0.065773,0.086238,0.104137,0.229847
806,0.153414,0.121770,0.117008,0.110118,0.110774,0.098084,0.103555,0.185277
807,0.197397,0.115100,0.099080,0.102433,0.065775,0.086245,0.104141,0.229829
808,0.197397,0.115112,0.099083,0.102444,0.065781,0.086255,0.104139,0.229789
809,0.197257,0.114641,0.099001,0.102014,0.065480,0.085848,0.104251,0.231508
810,0.197405,0.115140,0.099088,0.102469,0.065799,0.086278,0.104131,0.229690
811,0.197402,0.115127,0.099086,0.102458,0.065791,0.086268,0.104136,0.229734
812,0.197403,0.115135,0.099088,0.102465,0.065796,0.086272,0.104130,0.229711
813,0.197401,0.115128,0.099087,0.102458,0.065791,0.086266,0.104131,0.229738
814,0.197399,0.115138,0.099093,0.102463,0.065793,0.086268,0.104124,0.229723
815,0.197400,0.115142,0.099094,0.102467,0.065795,0.086270,0.104120,0.229711
816,0.197457,0.114976,0.099019,0.102354,0.065727,0.086186,0.104193,0.230087
817,0.197312,0.114471,0.098929,0.101896,0.065406,0.085755,0.104317,0.231914
818,0.197463,0.115001,0.099024,0.102376,0.065743,0.086206,0.104185,0.230003
819,0.197462,0.114999,0.099024,0.102375,0.065742,0.086202,0.104183,0.230012
820,0.197462,0.114996,0.099024,0.102372,0.065740,0.086200,0.104184,0.230022
821,0.197464,0.115005,0.099025,0.102381,0.065746,0.086209,0.104183,0.229987
822,0.197310,0.114465,0.098928,0.101890,0.065402,0.085750,0.104318,0.231935
823,0.197466,0.115012,0.099027,0.102387,0.065750,0.086213,0.104179,0.229966
824,0.197465,0.115008,0.099026,0.102383,0.065747,0.086210,0.104181,0.229979
825,0.197470,0.115029,0.099030,0.102402,0.065760,0.086228,0.104175,0.229905
826,0.197314,0.114478,0.098930,0.101902,0.065410,0.085761,0.104316,0.231889
827,0.197322,0.114509,0.098937,0.101929,0.065429,0.085785,0.104305,0.231785
828,0.197472,0.115029,0.099028,0.102403,0.065761,0.086236,0.104185,0.229886
829,0.197472,0.115028,0.099028,0.102402,0.065760,0.086235,0.104186,0.229890
830,0.197476,0.115045,0.099031,0.102417,0.065771,0.086248,0.104180,0.229832
831,0.197449,0.114948,0.099015,0.102329,0.065709,0.086163,0.104200,0.230188
832,0.197473,0.115033,0.099029,0.102407,0.065764,0.086239,0.104184,0.229871
833,0.197448,0.114945,0.099014,0.102326,0.065707,0.086160,0.104200,0.230199
834,0.197473,0.115031,0.099028,0.102405,0.065763,0.086239,0.104186,0.229875
835,0.197474,0.115035,0.099029,0.102409,0.065765,0.086243,0.104185,0.229859
836,0.197474,0.115034,0.099029,0.102408,0.065765,0.086241,0.104184,0.229864
837,0.160881,0.139338,0.125114,0.104729,0.111694,0.101402,0.095144,0.161698
838,0.197423,0.115238,0.099118,0.102547,0.065846,0.086346,0.104093,0.229389
839,0.197399,0.115167,0.099108,0.102479,0.065799,0.086275,0.104100,0.229672
840,0.197426,0.115250,0.099120,0.102558,0.065854,0.086357,0.104091,0.229344
841,0.197422,0.115239,0.099119,0.102547,0.065847,0.086345,0.104090,0.229390
842,0.197423,0.115240,0.099118,0.102548,0.065847,0.086348,0.104093,0.229383
843,0.197401,0.115168,0.099107,0.102481,0.065801,0.086280,0.104105,0.229657
844,0.197422,0.115238,0.099118,0.102546,0.065846,0.086344,0.104091,0.229395
845,0.197424,0.115240,0.099118,0.102548,0.065847,0.086348,0.104094,0.229382
846,0.197310,0.114860,0.099054,0.102199,0.065603,0.086011,0.104175,0.230790
847,0.197475,0.115036,0.099029,0.102409,0.065765,0.086243,0.104185,0.229857
848,0.163078,0.142636,0.126256,0.103924,0.111096,0.101372,0.092680,0.158957
849,0.197428,0.115214,0.099108,0.102530,0.065835,0.086332,0.104102,0.229450
850,0.197431,0.115227,0.099111,0.102541,0.065843,0.086341,0.104096,0.229409
851,0.197409,0.115156,0.099100,0.102474,0.065797,0.086275,0.104109,0.229680
852,0.197427,0.115213,0.099109,0.102528,0.065834,0.086328,0.104100,0.229463
853,0.197266,0.114666,0.099014,0.102028,0.065484,0.085857,0.104231,0.231453
854,0.197408,0.115149,0.099097,0.102469,0.065793,0.086274,0.104116,0.229693
855,0.197427,0.115212,0.099108,0.102528,0.065834,0.086330,0.104103,0.229457
856,0.197314,0.114834,0.099044,0.102181,0.065591,0.085995,0.104183,0.230858
857,0.197425,0.115202,0.099106,0.102519,0.065828,0.086323,0.104106,0.229491
858,0.197478,0.115052,0.099033,0.102424,0.065775,0.086253,0.104176,0.229809
859,0.197278,0.114360,0.098911,0.101794,0.065334,0.085650,0.104332,0.232342
860,0.197363,0.114650,0.098962,0.102057,0.065519,0.085904,0.104269,0.231275
861,0.197468,0.115015,0.099025,0.102391,0.065752,0.086225,0.104189,0.229934
862,0.197284,0.114384,0.098916,0.101816,0.065350,0.085671,0.104326,0.232253
863,0.163039,0.141386,0.125521,0.103695,0.110393,0.100215,0.092814,0.162937
864,0.197431,0.115232,0.099112,0.102546,0.065846,0.086346,0.104098,0.229390
865,0.197262,0.114665,0.099015,0.102027,0.065483,0.085852,0.104227,0.231469
866,0.197409,0.115164,0.099102,0.102482,0.065802,0.086281,0.104106,0.229654
867,0.197425,0.115218,0.099111,0.102532,0.065837,0.086331,0.104097,0.229449
868,0.161263,0.139494,0.125054,0.104519,0.111414,0.101016,0.094778,0.162462
869,0.197423,0.115240,0.099119,0.102546,0.065846,0.086346,0.104092,0.229388
870,0.197399,0.115164,0.099107,0.102476,0.065796,0.086274,0.104104,0.229680
871,0.197312,0.114837,0.099046,0.102182,0.065592,0.085995,0.104180,0.230856
872,0.197427,0.115222,0.099110,0.102536,0.065840,0.086337,0.104099,0.229428
873,0.197477,0.115046,0.099031,0.102419,0.065772,0.086251,0.104182,0.229822
874,0.197421,0.115230,0.099116,0.102540,0.065841,0.086339,0.104095,0.229419
875,0.197451,0.114955,0.099016,0.102336,0.065714,0.086169,0.104198,0.230161
876,0.197476,0.115042,0.099030,0.102415,0.065769,0.086247,0.104182,0.229839
877,0.197424,0.115242,0.099119,0.102550,0.065849,0.086347,0.104089,0.229379
878,0.197454,0.114966,0.099017,0.102345,0.065721,0.086178,0.104196,0.230123
879,0.159988,0.140713,0.126326,0.105109,0.112740,0.103543,0.095810,0.155772
880,0.197259,0.114687,0.099024,0.102040,0.065491,0.085865,0.104221,0.231413
881,0.197422,0.115235,0.099118,0.102542,0.065843,0.086342,0.104094,0.229405
882,0.197422,0.115240,0.099120,0.102546,0.065846,0.086344,0.104090,0.229393
883,0.197400,0.115168,0.099108,0.102479,0.065799,0.086276,0.104101,0.229669
884,0.197426,0.115251,0.099121,0.102556,0.065853,0.086354,0.104088,0.229350
885,0.197407,0.115188,0.099111,0.102497,0.065812,0.086297,0.104100,0.229588
886,0.197423,0.115238,0.099118,0.102545,0.065845,0.086346,0.104094,0.229391
887,0.197421,0.115236,0.099119,0.102543,0.065843,0.086340,0.104090,0.229407
888,0.197402,0.115170,0.099108,0.102481,0.065801,0.086282,0.104105,0.229652
889,0.197476,0.115042,0.099030,0.102415,0.065770,0.086248,0.104183,0.229835
890,0.197473,0.115032,0.099029,0.102405,0.065763,0.086236,0.104181,0.229882
891,0.197454,0.114965,0.099017,0.102344,0.065720,0.086178,0.104197,0.230126
892,0.197324,0.114512,0.098937,0.101932,0.065432,0.085788,0.104304,0.231770
893,0.197366,0.114659,0.098963,0.102066,0.065525,0.085913,0.104268,0.231239
894,0.197472,0.115028,0.099027,0.102402,0.065760,0.086236,0.104186,0.229888
895,0.197474,0.115035,0.099029,0.102409,0.065765,0.086242,0.104184,0.229861
896,0.197472,0.115027,0.099027,0.102401,0.065760,0.086235,0.104186,0.229892
897,0.197479,0.115050,0.099031,0.102422,0.065774,0.086256,0.104182,0.229806
898,0.197479,0.115050,0.099031,0.102423,0.065775,0.086256,0.104182,0.229805
899,0.197472,0.115026,0.099027,0.102401,0.065759,0.086234,0.104186,0.229894
900,0.197473,0.115030,0.099028,0.102404,0.065762,0.086237,0.104185,0.229881
901,0.166552,0.145514,0.126659,0.102325,0.108544,0.099033,0.088881,0.162491
902,0.197438,0.115174,0.099090,0.102505,0.065820,0.086312,0.104118,0.229544
903,0.197444,0.115191,0.099092,0.102521,0.065832,0.086328,0.104116,0.229476
904,0.197418,0.115109,0.099079,0.102445,0.065779,0.086252,0.104129,0.229788
905,0.197441,0.115185,0.099092,0.102515,0.065827,0.086320,0.104115,0.229505
906,0.197416,0.115096,0.099076,0.102434,0.065771,0.086245,0.104138,0.229825
907,0.197254,0.114557,0.098985,0.101940,0.065424,0.085766,0.104250,0.231825
908,0.197274,0.114617,0.098994,0.101996,0.065464,0.085828,0.104247,0.231580
909,0.197417,0.115109,0.099081,0.102444,0.065778,0.086248,0.104125,0.229800
910,0.197442,0.115193,0.099094,0.102522,0.065832,0.086326,0.104112,0.229479
911,0.176650,0.158273,0.130336,0.096436,0.097748,0.092212,0.077399,0.170946
912,0.197451,0.115145,0.099074,0.102488,0.065811,0.086301,0.104134,0.229597
913,0.197450,0.115146,0.099075,0.102488,0.065812,0.086299,0.104130,0.229600
914,0.179639,0.162753,0.131709,0.095305,0.094867,0.090671,0.074248,0.170809
915,0.197428,0.115066,0.099061,0.102415,0.065761,0.086230,0.104149,0.229890
916,0.197447,0.115130,0.099072,0.102475,0.065802,0.086288,0.104137,0.229649
917,0.197342,0.114772,0.099010,0.102146,0.065573,0.085972,0.104215,0.230971
918,0.197449,0.115134,0.099073,0.102478,0.065805,0.086290,0.104134,0.229637
919,0.197450,0.115138,0.099073,0.102482,0.065808,0.086296,0.104137,0.229616
920,0.197451,0.115140,0.099073,0.102483,0.065809,0.086297,0.104136,0.229611
921,0.197452,0.115141,0.099073,0.102484,0.065809,0.086299,0.104136,0.229606
922,0.197341,0.114755,0.099006,0.102132,0.065564,0.085960,0.104220,0.231022
923,0.197286,0.114566,0.098972,0.101960,0.065443,0.085800,0.104270,0.231704
924,0.197453,0.114963,0.099017,0.102342,0.065719,0.086177,0.104198,0.230132
925,0.197474,0.115036,0.099029,0.102409,0.065765,0.086240,0.104182,0.229864
926,0.197470,0.115023,0.099027,0.102397,0.065757,0.086230,0.104186,0.229910
927,0.197473,0.115028,0.099027,0.102403,0.065761,0.086236,0.104186,0.229886
928,0.197366,0.114659,0.098964,0.102065,0.065525,0.085912,0.104267,0.231244
929,0.197472,0.115029,0.099028,0.102403,0.065761,0.086235,0.104183,0.229888
930,0.197364,0.114654,0.098963,0.102061,0.065522,0.085907,0.104267,0.231262
931,0.197293,0.114410,0.098920,0.101839,0.065366,0.085695,0.104323,0.232154
932,0.197311,0.114471,0.098929,0.101895,0.065405,0.085754,0.104316,0.231917
933,0.160432,0.139298,0.125274,0.104931,0.112018,0.101925,0.095564,0.160557
934,0.197265,0.114714,0.099030,0.102065,0.065509,0.085884,0.104209,0.231324
935,0.197394,0.115155,0.099107,0.102468,0.065791,0.086261,0.104099,0.229726
936,0.197318,0.114893,0.099060,0.102228,0.065623,0.086038,0.104167,0.230673
937,0.197324,0.114910,0.099063,0.102245,0.065635,0.086056,0.104165,0.230602
938,0.197325,0.114915,0.099064,0.102249,0.065638,0.086059,0.104162,0.230587
939,0.197323,0.114908,0.099063,0.102242,0.065633,0.086052,0.104164,0.230615
940,0.197396,0.115162,0.099108,0.102474,0.065795,0.086267,0.104099,0.229700
941,0.197413,0.115207,0.099113,0.102517,0.065826,0.086320,0.104102,0.229503
942,0.197394,0.115157,0.099107,0.102470,0.065792,0.086263,0.104098,0.229718
943,0.197392,0.114750,0.098980,0.102148,0.065583,0.085991,0.104246,0.230911
944,0.197395,0.114759,0.098981,0.102157,0.065589,0.086001,0.104246,0.230872
945,0.197313,0.114475,0.098930,0.101899,0.065408,0.085758,0.104315,0.231901
946,0.197401,0.114779,0.098984,0.102175,0.065602,0.086018,0.104241,0.230800
947,0.197471,0.115026,0.099027,0.102401,0.065759,0.086235,0.104188,0.229892
948,0.197310,0.114466,0.098929,0.101891,0.065403,0.085750,0.104317,0.231933
949,0.197471,0.115024,0.099027,0.102398,0.065758,0.086231,0.104186,0.229905
950,0.197470,0.115021,0.099026,0.102396,0.065756,0.086230,0.104188,0.229911
951,0.197473,0.115030,0.099028,0.102404,0.065762,0.086238,0.104187,0.229880
952,0.197473,0.115030,0.099027,0.102405,0.065762,0.086241,0.104190,0.229872
953,0.197314,0.114479,0.098931,0.101903,0.065411,0.085762,0.104315,0.231885
954,0.197311,0.114471,0.098930,0.101895,0.065405,0.085754,0.104316,0.231918
955,0.197450,0.114952,0.099015,0.102332,0.065712,0.086166,0.104200,0.230173
956,0.197323,0.114519,0.098940,0.101938,0.065436,0.085784,0.104291,0.231769
957,0.197412,0.114822,0.098992,0.102214,0.065629,0.086053,0.104229,0.230649
958,0.197445,0.114936,0.099013,0.102318,0.065702,0.086151,0.104201,0.230234
959,0.197479,0.115052,0.099031,0.102425,0.065776,0.086259,0.104183,0.229795
960,0.197481,0.115060,0.099033,0.102432,0.065781,0.086266,0.104181,0.229766
961,0.197479,0.115051,0.099031,0.102423,0.065775,0.086257,0.104182,0.229801
962,0.197478,0.115049,0.099031,0.102422,0.065774,0.086256,0.104183,0.229806
963,0.197476,0.115041,0.099030,0.102414,0.065769,0.086247,0.104184,0.229840
964,0.197476,0.115041,0.099030,0.102415,0.065769,0.086249,0.104184,0.229836
965,0.197477,0.115043,0.099030,0.102417,0.065770,0.086251,0.104184,0.229827
966,0.197451,0.114954,0.099016,0.102333,0.065713,0.086165,0.104196,0.230172
967,0.197416,0.114831,0.098994,0.102222,0.065635,0.086062,0.104228,0.230613
968,0.160268,0.140665,0.126179,0.105030,0.112595,0.103209,0.095568,0.156484
969,0.197429,0.115258,0.099122,0.102564,0.065858,0.086363,0.104089,0.229318
970,0.197398,0.115156,0.099105,0.102469,0.065792,0.086270,0.104109,0.229700
971,0.197435,0.115278,0.099125,0.102582,0.065871,0.086381,0.104085,0.229244
972,0.197430,0.115264,0.099123,0.102568,0.065861,0.086365,0.104085,0.229303
973,0.197429,0.115263,0.099123,0.102567,0.065861,0.086364,0.104085,0.229308
974,0.197258,0.114683,0.099023,0.102036,0.065488,0.085861,0.104222,0.231429
975,0.197400,0.115163,0.099106,0.102476,0.065797,0.086276,0.104107,0.229674
976,0.197432,0.115275,0.099126,0.102578,0.065869,0.086373,0.104079,0.229268
977,0.197365,0.115042,0.099085,0.102365,0.065719,0.086171,0.104135,0.230117
978,0.197448,0.114942,0.099013,0.102324,0.065706,0.086158,0.104202,0.230207
979,0.197478,0.115054,0.099034,0.102425,0.065777,0.086251,0.104171,0.229810
980,0.197353,0.115008,0.099076,0.102338,0.065702,0.086148,0.104150,0.230225
981,0.197469,0.115023,0.099029,0.102396,0.065757,0.086221,0.104175,0.229930
982,0.197395,0.115143,0.099097,0.102465,0.065793,0.086265,0.104116,0.229724
983,0.175530,0.160882,0.132053,0.099024,0.102142,0.097571,0.078234,0.154563
984,0.197281,0.114537,0.098953,0.101941,0.065442,0.085793,0.104299,0.231753
985,0.197280,0.114534,0.098953,0.101939,0.065440,0.085790,0.104299,0.231764
986,0.197299,0.114602,0.098966,0.102000,0.065483,0.085843,0.104277,0.231531
987,0.157913,0.128933,0.119321,0.108383,0.113141,0.098699,0.098871,0.174738
988,0.197300,0.114677,0.098996,0.102050,0.065511,0.085880,0.104236,0.231350
989,0.197450,0.115188,0.099084,0.102519,0.065839,0.086328,0.104121,0.229471
990,0.197449,0.115186,0.099084,0.102517,0.065837,0.086325,0.104121,0.229479
991,0.197452,0.115191,0.099084,0.102521,0.065840,0.086332,0.104123,0.229456
992,0.197389,0.115140,0.099101,0.102456,0.065784,0.086266,0.104126,0.229739
993,0.197385,0.115142,0.099103,0.102458,0.065784,0.086263,0.104120,0.229744
994,0.197385,0.115139,0.099102,0.102455,0.065783,0.086262,0.104122,0.229752
995,0.197384,0.115133,0.099101,0.102450,0.065779,0.086258,0.104124,0.229771
996,0.197418,0.115256,0.099123,0.102562,0.065857,0.086360,0.104090,0.229334
997,0.197440,0.114912,0.099007,0.102297,0.065687,0.086138,0.104217,0.230302
998,0.197478,0.115047,0.099031,0.102420,0.065773,0.086252,0.104181,0.229819
999,0.197438,0.114906,0.099005,0.102291,0.065683,0.086133,0.104219,0.230326
1000,0.197437,0.114901,0.099005,0.102286,0.065680,0.086129,0.104219,0.230343
1001,0.197433,0.114888,0.099002,0.102275,0.065672,0.086118,0.104222,0.230390
1002,0.197432,0.114883,0.099002,0.102270,0.065668,0.086113,0.104223,0.230409
1003,0.197427,0.114868,0.098999,0.102256,0.065659,0.086099,0.104226,0.230465
1004,0.197479,0.115052,0.099032,0.102424,0.065776,0.086257,0.104181,0.229799
1005,0.197480,0.115056,0.099032,0.102428,0.065778,0.086260,0.104180,0.229786
1006,0.197425,0.114859,0.098997,0.102248,0.065653,0.086091,0.104228,0.230499
1007,0.197453,0.114965,0.099018,0.102343,0.065720,0.086173,0.104191,0.230137
1008,0.197423,0.114854,0.098997,0.102243,0.065649,0.086087,0.104229,0.230518
1009,0.197480,0.115056,0.099032,0.102428,0.065778,0.086261,0.104180,0.229785
1010,0.197483,0.115065,0.099034,0.102436,0.065784,0.086269,0.104179,0.229750
1011,0.197448,0.114941,0.099013,0.102323,0.065705,0.086159,0.104204,0.230206
1012,0.197482,0.115061,0.099033,0.102433,0.065782,0.086266,0.104180,0.229763
1013,0.197480,0.115053,0.099032,0.102425,0.065776,0.086258,0.104182,0.229795
1014,0.197480,0.115054,0.099032,0.102426,0.065777,0.086259,0.104181,0.229791
1015,0.197481,0.115055,0.099032,0.102427,0.065778,0.086260,0.104181,0.229785
1016,0.197480,0.115054,0.099032,0.102426,0.065777,0.086259,0.104182,0.229791
1017,0.197423,0.114851,0.098996,0.102241,0.065648,0.086083,0.104228,0.230529
1018,0.197444,0.114929,0.099011,0.102311,0.065697,0.086145,0.104203,0.230261
1019,0.197444,0.114928,0.099011,0.102310,0.065697,0.086144,0.104203,0.230264
1020,0.197420,0.114844,0.098995,0.102234,0.065643,0.086076,0.104228,0.230558
1021,0.197445,0.114932,0.099011,0.102315,0.065699,0.086150,0.104205,0.230242
1022,0.197479,0.115050,0.099031,0.102422,0.065774,0.086256,0.104182,0.229806
1023,0.197477,0.115045,0.099031,0.102418,0.065772,0.086251,0.104182,0.229825
1024,0.197477,0.115046,0.099031,0.102418,0.065772,0.086250,0.104180,0.229826
1025,0.197481,0.115058,0.099032,0.102430,0.065780,0.086264,0.104181,0.229774
1026,0.197446,0.114938,0.099013,0.102319,0.065703,0.086150,0.104198,0.230232
1027,0.197448,0.114948,0.099016,0.102327,0.065709,0.086155,0.104192,0.230205
1028,0.197480,0.115052,0.099032,0.102425,0.065776,0.086258,0.104182,0.229796
1029,0.197448,0.114947,0.099015,0.102327,0.065708,0.086156,0.104194,0.230206
1030,0.197415,0.114827,0.098993,0.102218,0.065632,0.086059,0.104230,0.230626
1031,0.197449,0.114948,0.099015,0.102328,0.065709,0.086159,0.104196,0.230196
1032,0.197478,0.115047,0.099031,0.102419,0.065772,0.086252,0.104181,0.229820
1033,0.197480,0.115053,0.099032,0.102425,0.065777,0.086258,0.104181,0.229794
1034,0.197479,0.115053,0.099032,0.102424,0.065776,0.086254,0.104177,0.229804
1035,0.197480,0.115051,0.099031,0.102424,0.065776,0.086257,0.104182,0.229799
1036,0.197480,0.115053,0.099032,0.102425,0.065776,0.086257,0.104180,0.229798
1037,0.197427,0.114872,0.099002,0.102259,0.065660,0.086094,0.104215,0.230471
1038,0.197479,0.115053,0.099032,0.102425,0.065776,0.086257,0.104180,0.229798
1039,0.197479,0.115055,0.099033,0.102426,0.065777,0.086255,0.104176,0.229799
1040,0.197450,0.114953,0.099016,0.102333,0.065713,0.086164,0.104195,0.230176
1041,0.197388,0.114735,0.098977,0.102134,0.065573,0.085978,0.104249,0.230966
1042,0.197481,0.115058,0.099033,0.102430,0.065780,0.086262,0.104179,0.229777
1043,0.197450,0.114950,0.099015,0.102330,0.065711,0.086164,0.104200,0.230180
1044,0.197480,0.115053,0.099032,0.102425,0.065777,0.086258,0.104180,0.229794
1045,0.197483,0.115065,0.099034,0.102437,0.065785,0.086270,0.104179,0.229747
1046,0.197482,0.115060,0.099033,0.102432,0.065781,0.086265,0.104181,0.229766
1047,0.197481,0.115057,0.099032,0.102429,0.065779,0.086263,0.104182,0.229778
1048,0.197478,0.115048,0.099031,0.102420,0.065773,0.086253,0.104181,0.229815
1049,0.197480,0.115053,0.099032,0.102425,0.065776,0.086259,0.104182,0.229793
1050,0.197345,0.114586,0.098950,0.101999,0.065478,0.085850,0.104285,0.231507
1051,0.197479,0.115049,0.099031,0.102422,0.065774,0.086255,0.104182,0.229807
1052,0.197479,0.115050,0.099031,0.102423,0.065775,0.086256,0.104182,0.229804
1053,0.197481,0.115057,0.099033,0.102428,0.065779,0.086260,0.104178,0.229785
1054,0.197445,0.114934,0.099012,0.102316,0.065701,0.086150,0.104202,0.230239
1055,0.197479,0.115051,0.099032,0.102423,0.065775,0.086256,0.104180,0.229804
1056,0.197403,0.114787,0.098986,0.102182,0.065607,0.086022,0.104235,0.230778
1057,0.197449,0.114945,0.099014,0.102326,0.065707,0.086160,0.104201,0.230198
1058,0.197479,0.115051,0.099032,0.102423,0.065775,0.086255,0.104180,0.229804
1059,0.197446,0.114937,0.099012,0.102319,0.065702,0.086153,0.104202,0.230229
1060,0.197479,0.115048,0.099031,0.102421,0.065773,0.086254,0.104182,0.229812
1061,0.197445,0.114934,0.099012,0.102316,0.065700,0.086149,0.104202,0.230242
1062,0.197480,0.115055,0.099032,0.102427,0.065778,0.086260,0.104182,0.229787
1063,0.197405,0.114793,0.098987,0.102187,0.065610,0.086026,0.104234,0.230759
1064,0.197482,0.115059,0.099033,0.102431,0.065781,0.086264,0.104180,0.229771
1065,0.197407,0.114800,0.098988,0.102194,0.065615,0.086035,0.104235,0.230726
1066,0.197479,0.115054,0.099033,0.102425,0.065777,0.086255,0.104177,0.229800
1067,0.197331,0.114539,0.098943,0.101956,0.065448,0.085807,0.104293,0.231684
1068,0.197407,0.114805,0.098990,0.102198,0.065618,0.086036,0.104230,0.230717
1069,0.197312,0.114471,0.098929,0.101895,0.065406,0.085755,0.104317,0.231916
1070,0.197475,0.115043,0.099031,0.102415,0.065770,0.086245,0.104178,0.229843
1071,0.197481,0.115062,0.099034,0.102433,0.065782,0.086262,0.104175,0.229772
1072,0.197476,0.115044,0.099031,0.102416,0.065770,0.086246,0.104178,0.229839
1073,0.197475,0.115043,0.099031,0.102416,0.065770,0.086245,0.104178,0.229842
1074,0.197476,0.115045,0.099032,0.102417,0.065771,0.086245,0.104176,0.229838
1075,0.162621,0.141462,0.125725,0.104010,0.110990,0.100935,0.093245,0.161011
1076,0.197394,0.115116,0.099095,0.102437,0.065770,0.086239,0.104118,0.229832
1077,0.197429,0.115242,0.099117,0.102552,0.065851,0.086347,0.104088,0.229374
1078,0.197394,0.115117,0.099095,0.102438,0.065771,0.086240,0.104118,0.229827
1079,0.197432,0.115246,0.099116,0.102557,0.065854,0.086355,0.104091,0.229348
1080,0.197407,0.115169,0.099105,0.102484,0.065803,0.086280,0.104101,0.229651
1081,0.197434,0.115253,0.099118,0.102562,0.065858,0.086359,0.104088,0.229328
1082,0.197406,0.115168,0.099106,0.102482,0.065802,0.086277,0.104099,0.229661
1083,0.197437,0.115264,0.099119,0.102573,0.065865,0.086370,0.104087,0.229284
1084,0.197432,0.115244,0.099115,0.102555,0.065853,0.086356,0.104094,0.229350
1085,0.197480,0.115053,0.099032,0.102425,0.065776,0.086257,0.104180,0.229797
1086,0.197484,0.115072,0.099036,0.102442,0.065788,0.086271,0.104173,0.229734
1087,0.197483,0.115066,0.099034,0.102437,0.065785,0.086268,0.104176,0.229752
1088,0.197411,0.114814,0.098991,0.102206,0.065624,0.086045,0.104230,0.230679
1089,0.197312,0.114472,0.098930,0.101896,0.065406,0.085754,0.104315,0.231916
1090,0.197410,0.114812,0.098990,0.102204,0.065622,0.086044,0.104232,0.230686
1091,0.197479,0.115051,0.099032,0.102423,0.065775,0.086255,0.104180,0.229806
1092,0.197306,0.114451,0.098926,0.101877,0.065393,0.085737,0.104321,0.231991
1093,0.197309,0.114466,0.098930,0.101890,0.065402,0.085742,0.104308,0.231953
1094,0.197480,0.115058,0.099033,0.102430,0.065780,0.086261,0.104179,0.229780
1095,0.197416,0.114834,0.098994,0.102225,0.065637,0.086066,0.104228,0.230599
1096,0.197480,0.115055,0.099032,0.102427,0.065778,0.086259,0.104180,0.229788
1097,0.197482,0.115063,0.099034,0.102434,0.065783,0.086266,0.104178,0.229761
1098,0.197479,0.115054,0.099032,0.102427,0.065777,0.086259,0.104180,0.229791
1099,0.197283,0.114378,0.098914,0.101810,0.065346,0.085667,0.104329,0.232272
1100,0.197480,0.115056,0.099033,0.102428,0.065778,0.086259,0.104179,0.229788
1101,0.197443,0.114929,0.099011,0.102311,0.065697,0.086146,0.104204,0.230259
1102,0.197445,0.114936,0.099012,0.102318,0.065701,0.086152,0.104203,0.230232
1103,0.197442,0.114923,0.099010,0.102306,0.065693,0.086141,0.104206,0.230281
1104,0.197482,0.115061,0.099033,0.102433,0.065782,0.086266,0.104180,0.229764
1105,0.197440,0.114916,0.099009,0.102299,0.065689,0.086134,0.104206,0.230308
1106,0.197481,0.115056,0.099032,0.102428,0.065779,0.086262,0.104181,0.229781
1107,0.197310,0.114467,0.098929,0.101891,0.065403,0.085751,0.104317,0.231932
1108,0.197407,0.114803,0.098989,0.102197,0.065617,0.086035,0.104231,0.230720
1109,0.197479,0.115053,0.099032,0.102425,0.065777,0.086258,0.104180,0.229795
1110,0.197443,0.114927,0.099010,0.102310,0.065696,0.086146,0.104206,0.230261
1111,0.197480,0.115054,0.099032,0.102427,0.065777,0.086259,0.104181,0.229789
1112,0.167419,0.147198,0.127337,0.102090,0.108296,0.099282,0.087845,0.160534
1113,0.197446,0.115190,0.099091,0.102521,0.065832,0.086329,0.104117,0.229473
1114,0.197446,0.115190,0.099091,0.102521,0.065832,0.086329,0.104118,0.229473
1115,0.197447,0.115193,0.099092,0.102524,0.065834,0.086331,0.104116,0.229463
1116,0.197377,0.114958,0.099053,0.102307,0.065683,0.086119,0.104162,0.230341
1117,0.180455,0.166119,0.133376,0.095521,0.094493,0.091801,0.073158,0.165078
1118,0.197447,0.115190,0.099091,0.102520,0.065832,0.086329,0.104117,0.229474
1119,0.197377,0.114955,0.099052,0.102304,0.065681,0.086117,0.104164,0.230351
1120,0.197447,0.115190,0.099091,0.102520,0.065832,0.086329,0.104118,0.229473
1121,0.197299,0.114692,0.099006,0.102065,0.065513,0.085891,0.104227,0.231307
1122,0.197426,0.115033,0.099052,0.102387,0.065742,0.086205,0.104160,0.229995
1123,0.197420,0.115013,0.099049,0.102369,0.065729,0.086186,0.104162,0.230070
1124,0.197457,0.115141,0.099071,0.102486,0.065812,0.086302,0.104138,0.229593
1125,0.197388,0.114902,0.099030,0.102267,0.065658,0.086091,0.104189,0.230474
1126,0.197421,0.115017,0.099050,0.102372,0.065732,0.086189,0.104162,0.230058
1127,0.197482,0.115061,0.099033,0.102433,0.065782,0.086266,0.104180,0.229762
1128,0.197444,0.114930,0.099011,0.102313,0.065698,0.086148,0.104205,0.230251
1129,0.197479,0.115051,0.099032,0.102423,0.065775,0.086256,0.104181,0.229804
1130,0.197479,0.115051,0.099031,0.102423,0.065775,0.086257,0.104182,0.229802
1131,0.197441,0.114920,0.099009,0.102303,0.065692,0.086138,0.104206,0.230290
1132,0.197444,0.114928,0.099011,0.102311,0.065697,0.086146,0.104205,0.230258
1133,0.197479,0.115051,0.099031,0.102423,0.065775,0.086256,0.104182,0.229802
1134,0.197480,0.115053,0.099032,0.102425,0.065777,0.086258,0.104181,0.229794
1135,0.197411,0.114814,0.098991,0.102206,0.065624,0.086046,0.104230,0.230678
1136,0.197480,0.115052,0.099032,0.102424,0.065776,0.086257,0.104181,0.229798
1137,0.197410,0.114812,0.098990,0.102204,0.065622,0.086044,0.104232,0.230684
1138,0.197481,0.115056,0.099032,0.102428,0.065778,0.086261,0.104181,0.229783
1139,0.197313,0.114475,0.098930,0.101899,0.065408,0.085758,0.104316,0.231901
1140,0.197479,0.115050,0.099031,0.102423,0.065775,0.086256,0.104181,0.229805
1141,0.197935,0.149775,0.114518,0.110967,0.075108,0.083037,0.074029,0.194631
1142,0.197433,0.114958,0.099025,0.102331,0.065708,0.086159,0.104190,0.230196
1143,0.197435,0.114963,0.099026,0.102335,0.065711,0.086164,0.104189,0.230177
1144,0.197470,0.115085,0.099046,0.102448,0.065790,0.086274,0.104165,0.229722
1145,0.197469,0.115082,0.099046,0.102444,0.065787,0.086270,0.104164,0.229737
1146,0.197402,0.114851,0.099006,0.102233,0.065639,0.086066,0.104214,0.230589
1147,0.197471,0.115087,0.099047,0.102449,0.065791,0.086275,0.104163,0.229718
1148,0.197471,0.115087,0.099047,0.102449,0.065791,0.086275,0.104164,0.229716
1149,0.197471,0.115085,0.099046,0.102447,0.065789,0.086273,0.104164,0.229725
1150,0.197470,0.115087,0.099047,0.102448,0.065790,0.086272,0.104161,0.229725
1151,0.197478,0.115047,0.099031,0.102420,0.065773,0.086252,0.104181,0.229819
1152,0.197441,0.114920,0.099009,0.102303,0.065691,0.086138,0.104207,0.230290
1153,0.197406,0.114799,0.098988,0.102192,0.065614,0.086031,0.104233,0.230736
1154,0.197405,0.114794,0.098988,0.102188,0.065611,0.086026,0.104233,0.230756
1155,0.197311,0.114469,0.098929,0.101893,0.065404,0.085752,0.104317,0.231925
1156,0.197479,0.115055,0.099033,0.102426,0.065778,0.086255,0.104175,0.229798
1157,0.197406,0.114800,0.098989,0.102193,0.065615,0.086033,0.104233,0.230732
1158,0.197440,0.114914,0.099008,0.102298,0.065688,0.086134,0.104209,0.230309
1159,0.197480,0.115059,0.099034,0.102430,0.065780,0.086258,0.104174,0.229785
1160,0.197480,0.115060,0.099034,0.102431,0.065780,0.086259,0.104173,0.229783
1161,0.197482,0.115065,0.099035,0.102436,0.065784,0.086266,0.104175,0.229758
1162,0.197480,0.115059,0.099034,0.102430,0.065780,0.086258,0.104173,0.229786
1163,0.197439,0.114912,0.099008,0.102296,0.065686,0.086131,0.104208,0.230319
1164,0.197480,0.115059,0.099034,0.102429,0.065780,0.086258,0.104174,0.229786
1165,0.197483,0.115068,0.099035,0.102438,0.065786,0.086267,0.104174,0.229749
1166,0.197439,0.114910,0.099007,0.102294,0.065685,0.086131,0.104211,0.230324
1167,0.197484,0.115067,0.099034,0.102438,0.065785,0.086269,0.104176,0.229747
1168,0.197439,0.114911,0.099007,0.102295,0.065686,0.086132,0.104211,0.230318
1169,0.197483,0.115065,0.099034,0.102436,0.065784,0.086266,0.104175,0.229758
1170,0.197406,0.114798,0.098988,0.102192,0.065614,0.086032,0.104234,0.230737
1171,0.197481,0.115062,0.099034,0.102433,0.065782,0.086262,0.104174,0.229771
1172,0.197440,0.114915,0.099008,0.102299,0.065688,0.086136,0.104210,0.230305
1173,0.197487,0.115081,0.099037,0.102451,0.065794,0.086279,0.104171,0.229699
1174,0.197484,0.115071,0.099036,0.102441,0.065788,0.086271,0.104173,0.229736
1175,0.197405,0.114794,0.098987,0.102188,0.065611,0.086027,0.104234,0.230754
1176,0.170117,0.150570,0.128352,0.100495,0.105576,0.097636,0.084702,0.162551
1177,0.197412,0.115048,0.099064,0.102393,0.065744,0.086205,0.104148,0.229986
1178,0.197451,0.115185,0.099088,0.102518,0.065832,0.086323,0.104114,0.229488
1179,0.165895,0.145908,0.127108,0.103133,0.110093,0.100715,0.089587,0.157561
1180,0.197449,0.115220,0.099100,0.102544,0.065848,0.086347,0.104103,0.229389
1181,0.197448,0.115216,0.099099,0.102542,0.065846,0.086345,0.104106,0.229397
1182,0.197408,0.115077,0.099075,0.102414,0.065757,0.086223,0.104136,0.229910
1183,0.197299,0.114711,0.099012,0.102079,0.065522,0.085902,0.104218,0.231257
1184,0.197447,0.115214,0.099099,0.102539,0.065844,0.086342,0.104105,0.229410
1185,0.197371,0.114952,0.099054,0.102299,0.065676,0.086112,0.104163,0.230373
1186,0.197449,0.115218,0.099099,0.102543,0.065847,0.086347,0.104105,0.229391
1187,0.197409,0.115082,0.099076,0.102419,0.065760,0.086227,0.104135,0.229891
1188,0.197446,0.115209,0.099098,0.102535,0.065842,0.086338,0.104106,0.229426
1189,0.197445,0.114932,0.099012,0.102314,0.065699,0.086149,0.104204,0.230245
1190,0.197484,0.115073,0.099036,0.102443,0.065789,0.086272,0.104173,0.229731
1191,0.197481,0.115062,0.099034,0.102433,0.065782,0.086261,0.104173,0.229773
1192,0.197463,0.115006,0.099027,0.102380,0.065745,0.086204,0.104176,0.229999
1193,0.197483,0.115066,0.099035,0.102437,0.065785,0.086266,0.104173,0.229755
1194,0.197442,0.114921,0.099010,0.102304,0.065692,0.086138,0.104205,0.230288
1195,0.197481,0.115060,0.099034,0.102430,0.065780,0.086259,0.104174,0.229781
1196,0.197467,0.115020,0.099029,0.102392,0.065754,0.086213,0.104171,0.229954
1197,0.197481,0.115059,0.099033,0.102430,0.065780,0.086261,0.104177,0.229779
1198,0.197482,0.115064,0.099035,0.102434,0.065783,0.086263,0.104174,0.229766
1199,0.197446,0.114935,0.099012,0.102317,0.065701,0.086152,0.104204,0.230233
1200,0.197479,0.115056,0.099034,0.102427,0.065778,0.086255,0.104173,0.229798
1201,0.197485,0.115075,0.099036,0.102445,0.065790,0.086274,0.104172,0.229723
1202,0.197484,0.115070,0.099036,0.102440,0.065787,0.086269,0.104173,0.229740
1203,0.197446,0.114937,0.099012,0.102319,0.065702,0.086153,0.104203,0.230227
1204,0.197410,0.114810,0.098990,0.102202,0.065621,0.086042,0.104231,0.230694
1205,0.197484,0.115069,0.099035,0.102439,0.065786,0.086269,0.104174,0.229744
1206,0.197482,0.115065,0.099035,0.102435,0.065784,0.086264,0.104173,0.229762
1207,0.197412,0.114816,0.098991,0.102208,0.065625,0.086048,0.104230,0.230669
1208,0.197482,0.115063,0.099034,0.102434,0.065783,0.086264,0.104175,0.229764
1209,0.197442,0.114923,0.099010,0.102306,0.065693,0.086141,0.104205,0.230279
1210,0.197483,0.115068,0.099035,0.102438,0.065786,0.086268,0.104174,0.229748
1211,0.197481,0.115061,0.099034,0.102431,0.065781,0.086260,0.104174,0.229778
1212,0.197483,0.115067,0.099035,0.102437,0.065785,0.086267,0.104174,0.229752
1213,0.197482,0.115065,0.099035,0.102435,0.065784,0.086265,0.104175,0.229759
1214,0.197482,0.115064,0.099035,0.102435,0.065783,0.086263,0.104173,0.229765
1215,0.197481,0.115061,0.099034,0.102432,0.065781,0.086261,0.104175,0.229774
1216,0.197485,0.115072,0.099036,0.102442,0.065789,0.086271,0.104172,0.229732
1217,0.197467,0.115020,0.099029,0.102393,0.065754,0.086215,0.104172,0.229948
1218,0.197443,0.114925,0.099010,0.102308,0.065695,0.086142,0.104205,0.230272
1219,0.197408,0.114802,0.098989,0.102196,0.065616,0.086035,0.104232,0.230722
1220,0.197467,0.115022,0.099030,0.102394,0.065755,0.086215,0.104170,0.229947
1221,0.197481,0.115058,0.099033,0.102429,0.065779,0.086259,0.104177,0.229784
1222,0.197486,0.115075,0.099036,0.102445,0.065790,0.086275,0.104173,0.229720
1223,0.197441,0.114919,0.099009,0.102302,0.065691,0.086136,0.104206,0.230296
1224,0.197467,0.115020,0.099030,0.102392,0.065754,0.086213,0.104171,0.229954
1225,0.197484,0.115072,0.099036,0.102442,0.065788,0.086270,0.104172,0.229735
1226,0.197445,0.114932,0.099011,0.102314,0.065699,0.086148,0.104204,0.230247
1227,0.197312,0.114469,0.098929,0.101894,0.065405,0.085756,0.104320,0.231915
1228,0.197483,0.115068,0.099035,0.102438,0.065786,0.086267,0.104174,0.229750
1229,0.197443,0.114929,0.099012,0.102311,0.065697,0.086142,0.104200,0.230266
1230,0.197329,0.114530,0.098941,0.101949,0.065443,0.085802,0.104298,0.231709
1231,0.197481,0.115060,0.099034,0.102431,0.065781,0.086261,0.104176,0.229777
1232,0.197466,0.115020,0.099030,0.102392,0.065754,0.086213,0.104170,0.229954
1233,0.197441,0.114923,0.099010,0.102306,0.065693,0.086139,0.104204,0.230283
1234,0.197484,0.115071,0.099036,0.102441,0.065788,0.086271,0.104173,0.229737
1235,0.197440,0.114916,0.099009,0.102299,0.065689,0.086134,0.104206,0.230307
1236,0.197483,0.115069,0.099035,0.102440,0.065787,0.086269,0.104173,0.229743
1237,0.197441,0.114920,0.099010,0.102303,0.065691,0.086137,0.104206,0.230293
1238,0.197483,0.115070,0.099036,0.102440,0.065787,0.086268,0.104172,0.229745
1239,0.197483,0.115068,0.099035,0.102439,0.065786,0.086268,0.104174,0.229747
1240,0.197406,0.114799,0.098988,0.102192,0.065614,0.086031,0.104232,0.230737
1241,0.197483,0.115068,0.099035,0.102439,0.065786,0.086268,0.104174,0.229746
1242,0.197440,0.114917,0.099009,0.102301,0.065690,0.086135,0.104206,0.230302
1243,0.197483,0.115068,0.099035,0.102438,0.065786,0.086267,0.104174,0.229750
1244,0.197480,0.115059,0.099034,0.102429,0.065780,0.086258,0.104174,0.229785
1245,0.197408,0.114802,0.098989,0.102196,0.065616,0.086035,0.104233,0.230721
1246,0.197484,0.115071,0.099036,0.102441,0.065788,0.086271,0.104174,0.229737
1247,0.197446,0.114936,0.099012,0.102318,0.065702,0.086152,0.104203,0.230232
1248,0.197443,0.114925,0.099010,0.102308,0.065695,0.086142,0.104205,0.230272
1249,0.197482,0.115065,0.099035,0.102436,0.065784,0.086265,0.104174,0.229758
1250,0.197329,0.114527,0.098939,0.101946,0.065441,0.085804,0.104305,0.231709
1251,0.197484,0.115072,0.099036,0.102442,0.065788,0.086272,0.104173,0.229732
1252,0.197480,0.115059,0.099034,0.102430,0.065780,0.086259,0.104174,0.229782
1253,0.165247,0.144776,0.126688,0.103269,0.110196,0.100555,0.090340,0.158928
1254,0.197447,0.115223,0.099101,0.102547,0.065850,0.086349,0.104102,0.229380
1255,0.197445,0.115213,0.099099,0.102538,0.065843,0.086342,0.104107,0.229414
1256,0.197429,0.115176,0.099096,0.102501,0.065818,0.086294,0.104099,0.229587
1257,0.197450,0.115230,0.099102,0.102555,0.065855,0.086359,0.104104,0.229345
1258,0.197452,0.115239,0.099103,0.102562,0.065860,0.086364,0.104100,0.229320
1259,0.197405,0.115084,0.099079,0.102418,0.065760,0.086220,0.104127,0.229908
1260,0.197444,0.115211,0.099099,0.102536,0.065842,0.086338,0.104105,0.229425
1261,0.197445,0.115218,0.099101,0.102542,0.065846,0.086343,0.104102,0.229402
1262,0.167713,0.148508,0.127994,0.102122,0.108476,0.099986,0.087398,0.157802
1263,0.197412,0.115067,0.099070,0.102407,0.065753,0.086216,0.104139,0.229935
1264,0.197453,0.115209,0.099094,0.102537,0.065844,0.086343,0.104110,0.229409
1265,0.197380,0.114965,0.099054,0.102312,0.065687,0.086122,0.104157,0.230324
1266,0.197381,0.114972,0.099056,0.102318,0.065691,0.086125,0.104152,0.230305
1267,0.197454,0.115207,0.099093,0.102536,0.065843,0.086345,0.104115,0.229408
1268,0.197409,0.115057,0.099069,0.102397,0.065746,0.086207,0.104142,0.229973
1269,0.197453,0.115205,0.099093,0.102535,0.065842,0.086343,0.104114,0.229415
1270,0.197456,0.115213,0.099094,0.102542,0.065847,0.086352,0.104115,0.229381
1271,0.197406,0.115051,0.099069,0.102391,0.065742,0.086199,0.104139,0.230003
1272,0.197483,0.115063,0.099033,0.102434,0.065783,0.086267,0.104179,0.229758
1273,0.197327,0.114524,0.098940,0.101943,0.065439,0.085796,0.104299,0.231732
1274,0.197443,0.114930,0.099012,0.102312,0.065698,0.086143,0.104200,0.230262
1275,0.197406,0.114802,0.098989,0.102195,0.065616,0.086032,0.104230,0.230730
1276,0.197442,0.114926,0.099011,0.102308,0.065695,0.086139,0.104200,0.230279
1277,0.163590,0.144134,0.126940,0.103922,0.111383,0.102078,0.092035,0.155918
1278,0.197366,0.114976,0.099064,0.102315,0.065686,0.086124,0.104153,0.230315
1279,0.197400,0.115097,0.099085,0.102425,0.065763,0.086227,0.104123,0.229879
1280,0.197396,0.115079,0.099082,0.102410,0.065752,0.086214,0.104129,0.229938
1281,0.197440,0.115228,0.099106,0.102547,0.065848,0.086349,0.104101,0.229380
1282,0.197400,0.115091,0.099084,0.102420,0.065760,0.086225,0.104128,0.229892
1283,0.164856,0.145631,0.127362,0.103313,0.110484,0.101522,0.090581,0.156252
1284,0.197365,0.114974,0.099064,0.102312,0.065685,0.086121,0.104152,0.230328
1285,0.197398,0.115084,0.099082,0.102414,0.065755,0.086219,0.104129,0.229919
1286,0.197400,0.115090,0.099083,0.102419,0.065759,0.086225,0.104128,0.229895
1287,0.197404,0.115074,0.099076,0.102410,0.065754,0.086217,0.104134,0.229931
1288,0.197447,0.115220,0.099100,0.102544,0.065847,0.086347,0.104104,0.229391
1289,0.165678,0.146078,0.127285,0.103279,0.110397,0.101162,0.089783,0.156338
1290,0.197292,0.114692,0.099009,0.102061,0.065509,0.085887,0.104225,0.231324
1291,0.197448,0.115218,0.099099,0.102543,0.065847,0.086350,0.104110,0.229386
1292,0.197403,0.115069,0.099075,0.102406,0.065751,0.086213,0.104135,0.229949
1293,0.197371,0.114954,0.099055,0.102300,0.065677,0.086113,0.104162,0.230368
1294,0.197452,0.115229,0.099101,0.102553,0.065854,0.086357,0.104105,0.229350
1295,0.197375,0.114970,0.099058,0.102315,0.065688,0.086125,0.104156,0.230313
1296,0.197405,0.115069,0.099074,0.102406,0.065751,0.086214,0.104136,0.229945
1297,0.197407,0.115077,0.099075,0.102413,0.065756,0.086222,0.104136,0.229913
1298,0.197372,0.114956,0.099055,0.102303,0.065679,0.086115,0.104162,0.230359
1299,0.197323,0.114513,0.098938,0.101933,0.065432,0.085786,0.104300,0.231773
1300,0.197409,0.114812,0.098991,0.102204,0.065622,0.086042,0.104229,0.230692
1301,0.197439,0.114915,0.099009,0.102299,0.065688,0.086133,0.104207,0.230311
1302,0.197483,0.115067,0.099034,0.102439,0.065786,0.086271,0.104178,0.229740
1303,0.197482,0.115061,0.099033,0.102432,0.065781,0.086266,0.104181,0.229764
1304,0.197480,0.115054,0.099032,0.102426,0.065777,0.086260,0.104181,0.229789
1305,0.197412,0.114821,0.098993,0.102212,0.065628,0.086048,0.104224,0.230661
1306,0.197480,0.115054,0.099032,0.102426,0.065777,0.086260,0.104182,0.229790
1307,0.197440,0.114918,0.099009,0.102301,0.065690,0.086136,0.104206,0.230300
1308,0.197479,0.115050,0.099031,0.102423,0.065775,0.086256,0.104182,0.229804
1309,0.197311,0.114467,0.098929,0.101892,0.065403,0.085751,0.104317,0.231930
1310,0.197479,0.115052,0.099032,0.102425,0.065776,0.086257,0.104181,0.229798
1311,0.197327,0.114523,0.098939,0.101942,0.065439,0.085796,0.104300,0.231736
1312,0.197443,0.114929,0.099011,0.102311,0.065697,0.086146,0.104204,0.230257
1313,0.197479,0.115051,0.099032,0.102424,0.065775,0.086256,0.104181,0.229803
1314,0.197414,0.114831,0.098995,0.102221,0.065634,0.086055,0.104220,0.230631
1315,0.197440,0.114917,0.099009,0.102300,0.065689,0.086134,0.104206,0.230304
1316,0.197478,0.115048,0.099031,0.102421,0.065773,0.086254,0.104183,0.229812
1317,0.197439,0.114915,0.099009,0.102298,0.065688,0.086133,0.104207,0.230311
1318,0.197439,0.114916,0.099009,0.102299,0.065689,0.086134,0.104206,0.230307
1319,0.197479,0.115049,0.099031,0.102422,0.065774,0.086256,0.104183,0.229806
1320,0.197439,0.114914,0.099009,0.102298,0.065688,0.086132,0.104207,0.230314
1321,0.197479,0.115050,0.099031,0.102422,0.065774,0.086256,0.104182,0.229805
1322,0.197323,0.114511,0.098937,0.101931,0.065431,0.085785,0.104302,0.231781
1323,0.197440,0.114918,0.099009,0.102301,0.065690,0.086136,0.104207,0.230300
1324,0.197479,0.115052,0.099032,0.102425,0.065776,0.086258,0.104182,0.229796
1325,0.197480,0.115054,0.099032,0.102426,0.065777,0.086260,0.104181,0.229790
1326,0.197417,0.114845,0.098998,0.102233,0.065643,0.086064,0.104214,0.230586
1327,0.197482,0.115060,0.099033,0.102432,0.065781,0.086266,0.104181,0.229764
1328,0.197440,0.114917,0.099009,0.102300,0.065690,0.086135,0.104206,0.230303
1329,0.197481,0.115058,0.099033,0.102430,0.065780,0.086263,0.104180,0.229776
1330,0.166382,0.146269,0.127152,0.102804,0.109521,0.100231,0.089037,0.158604
1331,0.197450,0.115211,0.099096,0.102539,0.065844,0.086347,0.104113,0.229399
1332,0.197449,0.115207,0.099095,0.102535,0.065842,0.086343,0.104114,0.229416
1333,0.197450,0.115211,0.099096,0.102539,0.065844,0.086347,0.104113,0.229401
1334,0.197372,0.114951,0.099053,0.102299,0.065677,0.086110,0.104162,0.230376
1335,0.197407,0.115069,0.099073,0.102407,0.065752,0.086214,0.104136,0.229942
1336,0.197445,0.115194,0.099093,0.102523,0.065833,0.086331,0.104116,0.229466
1337,0.197293,0.114683,0.099006,0.102055,0.065505,0.085882,0.104229,0.231347
1338,0.197447,0.115203,0.099094,0.102531,0.065839,0.086340,0.104115,0.229429
1339,0.197444,0.115194,0.099093,0.102523,0.065833,0.086330,0.104115,0.229468
1340,0.197443,0.114928,0.099011,0.102310,0.065696,0.086144,0.104204,0.230264
1341,0.197444,0.114935,0.099013,0.102316,0.065701,0.086147,0.104199,0.230245
1342,0.197442,0.114925,0.099011,0.102307,0.065695,0.086139,0.104201,0.230280
1343,0.197437,0.114913,0.099010,0.102296,0.065687,0.086125,0.104200,0.230332
1344,0.197324,0.114517,0.098938,0.101936,0.065434,0.085789,0.104300,0.231762
1345,0.197481,0.115059,0.099033,0.102431,0.065780,0.086264,0.104181,0.229772
1346,0.197479,0.115050,0.099031,0.102423,0.065775,0.086257,0.104183,0.229803
1347,0.197476,0.115041,0.099030,0.102415,0.065769,0.086248,0.104184,0.229836
1348,0.197478,0.115048,0.099031,0.102420,0.065773,0.086252,0.104180,0.229818
1349,0.197477,0.115044,0.099030,0.102417,0.065771,0.086251,0.104184,0.229825
1350,0.197410,0.114818,0.098993,0.102209,0.065626,0.086043,0.104223,0.230678
1351,0.197475,0.115037,0.099029,0.102411,0.065767,0.086244,0.104184,0.229853
1352,0.197324,0.114516,0.098938,0.101936,0.065434,0.085789,0.104300,0.231762
1353,0.197439,0.114921,0.099011,0.102303,0.065692,0.086131,0.104197,0.230305
1354,0.197475,0.115038,0.099029,0.102412,0.065767,0.086246,0.104185,0.229848
1355,0.197476,0.115039,0.099029,0.102413,0.065768,0.086247,0.104185,0.229842
1356,0.197441,0.114926,0.099012,0.102307,0.065694,0.086135,0.104196,0.230289
1357,0.197477,0.115046,0.099031,0.102419,0.065772,0.086252,0.104182,0.229821
1358,0.197445,0.114939,0.099014,0.102320,0.065703,0.086148,0.104195,0.230236
1359,0.197474,0.115033,0.099029,0.102407,0.065764,0.086241,0.104185,0.229867
1360,0.197479,0.115050,0.099031,0.102422,0.065774,0.086255,0.104182,0.229806
1361,0.197479,0.115050,0.099031,0.102422,0.065775,0.086256,0.104183,0.229804
1362,0.197440,0.114923,0.099012,0.102304,0.065693,0.086133,0.104197,0.230298
1363,0.197473,0.115029,0.099028,0.102403,0.065761,0.086237,0.104186,0.229885
1364,0.197440,0.114921,0.099011,0.102303,0.065691,0.086132,0.104198,0.230305
1365,0.197475,0.115037,0.099029,0.102410,0.065766,0.086244,0.104185,0.229854
1366,0.197441,0.114921,0.099010,0.102304,0.065692,0.086135,0.104202,0.230294
1367,0.197478,0.115047,0.099031,0.102419,0.065773,0.086250,0.104179,0.229822
1368,0.197474,0.115033,0.099028,0.102407,0.065764,0.086241,0.104186,0.229865
1369,0.197441,0.114923,0.099011,0.102305,0.065693,0.086135,0.104199,0.230294
1370,0.197477,0.115044,0.099030,0.102417,0.065771,0.086250,0.104183,0.229828
1371,0.197474,0.115034,0.099029,0.102407,0.065764,0.086240,0.104184,0.229868
1372,0.197441,0.114925,0.099012,0.102307,0.065694,0.086135,0.104196,0.230289
1373,0.197475,0.115037,0.099029,0.102411,0.065767,0.086245,0.104185,0.229850
1374,0.197439,0.114919,0.099011,0.102300,0.065690,0.086129,0.104198,0.230314
1375,0.197477,0.115042,0.099030,0.102415,0.065770,0.086249,0.104184,0.229833
1376,0.197410,0.114814,0.098992,0.102206,0.065623,0.086042,0.104227,0.230686
1377,0.197473,0.115033,0.099029,0.102406,0.065764,0.086238,0.104182,0.229875
1378,0.197403,0.114786,0.098986,0.102181,0.065606,0.086020,0.104236,0.230783
1379,0.197475,0.115041,0.099031,0.102414,0.065769,0.086243,0.104177,0.229850
1380,0.197311,0.114467,0.098928,0.101892,0.065403,0.085755,0.104321,0.231922
1381,0.197441,0.114922,0.099010,0.102305,0.065693,0.086138,0.104203,0.230287
1382,0.197474,0.115039,0.099030,0.102411,0.065767,0.086242,0.104180,0.229857
1383,0.197312,0.114472,0.098930,0.101896,0.065406,0.085756,0.104316,0.231912
1384,0.197476,0.115045,0.099031,0.102418,0.065771,0.086248,0.104179,0.229831
1385,0.197442,0.114929,0.099012,0.102311,0.065697,0.086141,0.104198,0.230271
1386,0.197339,0.114570,0.098948,0.101984,0.065468,0.085832,0.104284,0.231574
1387,0.197476,0.115045,0.099031,0.102418,0.065771,0.086248,0.104179,0.229830
1388,0.197476,0.115041,0.099030,0.102414,0.065769,0.086247,0.104184,0.229841
1389,0.197412,0.114827,0.098995,0.102217,0.065632,0.086050,0.104220,0.230646
1390,0.197477,0.115046,0.099031,0.102419,0.065772,0.086252,0.104182,0.229822
1391,0.197410,0.114814,0.098992,0.102206,0.065624,0.086042,0.104225,0.230687
1392,0.197479,0.115050,0.099031,0.102423,0.065775,0.086256,0.104183,0.229804
1393,0.197478,0.115048,0.099031,0.102420,0.065773,0.086252,0.104181,0.229817
1394,0.197410,0.114813,0.098992,0.102205,0.065623,0.086041,0.104226,0.230691
1395,0.197479,0.115052,0.099032,0.102424,0.065776,0.086257,0.104181,0.229800
1396,0.197410,0.114815,0.098992,0.102207,0.065624,0.086042,0.104225,0.230685
1397,0.197479,0.115050,0.099031,0.102422,0.065774,0.086256,0.104182,0.229806
1398,0.197479,0.115050,0.099031,0.102422,0.065774,0.086255,0.104181,0.229808
1399,0.197407,0.114806,0.098990,0.102198,0.065618,0.086034,0.104227,0.230720
1400,0.197482,0.115060,0.099033,0.102432,0.065781,0.086265,0.104180,0.229768
1401,0.197444,0.114933,0.099012,0.102314,0.065699,0.086146,0.104200,0.230252
1402,0.197442,0.114922,0.099010,0.102305,0.065693,0.086140,0.104205,0.230284
1403,0.197484,0.115069,0.099035,0.102440,0.065787,0.086272,0.104177,0.229737
1404,0.197480,0.115053,0.099032,0.102425,0.065776,0.086259,0.104182,0.229794
1405,0.197480,0.115053,0.099032,0.102425,0.065776,0.086258,0.104181,0.229795
1406,0.197481,0.115057,0.099032,0.102429,0.065779,0.086263,0.104181,0.229777
1407,0.197310,0.114463,0.098928,0.101888,0.065401,0.085749,0.104319,0.231943
1408,0.197442,0.114928,0.099012,0.102310,0.065696,0.086141,0.104200,0.230270
1409,0.197439,0.114915,0.099009,0.102299,0.065688,0.086132,0.104205,0.230313
1410,0.197480,0.115053,0.099032,0.102425,0.065777,0.086258,0.104180,0.229795
1411,0.197328,0.114529,0.098940,0.101947,0.065442,0.085801,0.104298,0.231714
1412,0.197312,0.114473,0.098930,0.101897,0.065407,0.085757,0.104317,0.231906
1413,0.197446,0.114939,0.099013,0.102321,0.065704,0.086155,0.104202,0.230220
1414,0.197446,0.114943,0.099015,0.102324,0.065706,0.086154,0.104196,0.230217
1415,0.197440,0.114920,0.099010,0.102303,0.065691,0.086134,0.104202,0.230300
1416,0.197443,0.114928,0.099011,0.102311,0.065697,0.086145,0.104203,0.230262
1417,0.197457,0.114986,0.099023,0.102361,0.065732,0.086185,0.104180,0.230075
1418,0.197442,0.114927,0.099012,0.102309,0.065696,0.086139,0.104199,0.230276
1419,0.197410,0.114814,0.098991,0.102206,0.065624,0.086045,0.104229,0.230681
1420,0.197440,0.114924,0.099012,0.102306,0.065693,0.086134,0.104196,0.230295
1421,0.197441,0.114926,0.099012,0.102308,0.065695,0.086138,0.104199,0.230282
1422,0.197439,0.114912,0.099008,0.102296,0.065687,0.086133,0.104210,0.230314
1423,0.197476,0.115041,0.099030,0.102414,0.065769,0.086247,0.104183,0.229840
1424,0.197443,0.114929,0.099011,0.102311,0.065697,0.086144,0.104202,0.230263
1425,0.197466,0.115009,0.099025,0.102385,0.065748,0.086216,0.104187,0.229964
1426,0.197440,0.114916,0.099009,0.102299,0.065689,0.086133,0.104205,0.230309
1427,0.197447,0.114944,0.099015,0.102324,0.065706,0.086154,0.104195,0.230214
1428,0.197446,0.114951,0.099018,0.102328,0.065710,0.086150,0.104183,0.230214
1429,0.197464,0.115002,0.099024,0.102377,0.065743,0.086208,0.104186,0.229996
1430,0.197265,0.114679,0.099018,0.102037,0.065490,0.085865,0.104228,0.231418
1431,0.197469,0.115018,0.099026,0.102393,0.065754,0.086226,0.104187,0.229927
1432,0.197470,0.115023,0.099027,0.102397,0.065757,0.086228,0.104184,0.229913
1433,0.197417,0.114843,0.098998,0.102232,0.065642,0.086062,0.104214,0.230592
1434,0.197468,0.115018,0.099027,0.102393,0.065754,0.086224,0.104185,0.229932
1435,0.136087,0.124793,0.125546,0.114224,0.123682,0.119151,0.116647,0.139870
1436,0.197422,0.115119,0.099080,0.102447,0.065785,0.086267,0.104144,0.229736
1437,0.197379,0.114977,0.099057,0.102316,0.065694,0.086139,0.104171,0.230266
1438,0.197421,0.115118,0.099080,0.102446,0.065784,0.086265,0.104143,0.229743
1439,0.197425,0.115137,0.099085,0.102463,0.065796,0.086275,0.104130,0.229689
1440,0.197382,0.114986,0.099059,0.102324,0.065699,0.086146,0.104169,0.230236
1441,0.197421,0.115118,0.099080,0.102446,0.065784,0.086267,0.104145,0.229738
1442,0.197424,0.115132,0.099084,0.102458,0.065793,0.086272,0.104132,0.229705
1443,0.197421,0.115116,0.099080,0.102444,0.065783,0.086264,0.104144,0.229748
1444,0.197432,0.115152,0.099085,0.102478,0.065806,0.086297,0.104137,0.229612
1445,0.197469,0.115018,0.099027,0.102392,0.065754,0.086221,0.104181,0.229938
1446,0.197472,0.115030,0.099029,0.102403,0.065761,0.086232,0.104179,0.229893
1447,0.197476,0.115040,0.099031,0.102413,0.065768,0.086242,0.104177,0.229854
1448,0.197426,0.114870,0.099001,0.102257,0.065659,0.086093,0.104215,0.230478
1449,0.197466,0.115014,0.099028,0.102388,0.065751,0.086211,0.104174,0.229967
1450,0.197469,0.115023,0.099029,0.102396,0.065757,0.086220,0.104174,0.229933
1451,0.197461,0.114992,0.099023,0.102368,0.065737,0.086198,0.104187,0.230035
1452,0.197462,0.115002,0.099026,0.102376,0.065743,0.086199,0.104177,0.230016
1453,0.197340,0.114570,0.098948,0.101984,0.065468,0.085834,0.104287,0.231569
1454,0.164062,0.140184,0.124378,0.102727,0.108344,0.097451,0.091843,0.171010
1455,0.197377,0.115051,0.099081,0.102382,0.065732,0.086186,0.104135,0.230056
1456,0.197377,0.115050,0.099080,0.102381,0.065732,0.086186,0.104135,0.230059
1457,0.197413,0.115173,0.099101,0.102494,0.065811,0.086294,0.104108,0.229605
1458,0.197412,0.115166,0.099100,0.102489,0.065807,0.086290,0.104112,0.229624
1459,0.197421,0.115206,0.099109,0.102523,0.065831,0.086314,0.104090,0.229505
1460,0.197379,0.115060,0.099083,0.102390,0.065738,0.086192,0.104130,0.230029
1461,0.197413,0.115176,0.099102,0.102496,0.065812,0.086293,0.104104,0.229604
1462,0.197420,0.115196,0.099105,0.102515,0.065825,0.086313,0.104101,0.229524
1463,0.197378,0.115063,0.099085,0.102392,0.065739,0.086190,0.104124,0.230030
1464,0.197460,0.114989,0.099022,0.102366,0.065735,0.086198,0.104191,0.230039
1465,0.197312,0.114473,0.098930,0.101897,0.065407,0.085757,0.104316,0.231908
1466,0.197459,0.114985,0.099021,0.102363,0.065733,0.086196,0.104193,0.230049
1467,0.197429,0.114881,0.099003,0.102267,0.065666,0.086103,0.104214,0.230436
1468,0.197476,0.115042,0.099031,0.102415,0.065769,0.086243,0.104177,0.229847
1469,0.197462,0.114997,0.099023,0.102373,0.065740,0.086205,0.104189,0.230009
1470,0.197463,0.114995,0.099022,0.102372,0.065740,0.086206,0.104192,0.230009
1471,0.197323,0.114511,0.098938,0.101931,0.065431,0.085784,0.104301,0.231781
1472,0.197433,0.114896,0.099006,0.102281,0.065676,0.086118,0.104213,0.230376
1473,0.197462,0.114994,0.099022,0.102371,0.065739,0.086205,0.104192,0.230016
1474,0.197462,0.114993,0.099022,0.102370,0.065738,0.086203,0.104192,0.230021
1475,0.197423,0.114857,0.098998,0.102246,0.065651,0.086087,0.104226,0.230513
1476,0.197430,0.114883,0.099003,0.102269,0.065668,0.086107,0.104217,0.230423
1477,0.197427,0.114876,0.099003,0.102262,0.065663,0.086094,0.104210,0.230465
1478,0.197468,0.115016,0.099026,0.102391,0.065753,0.086223,0.104186,0.229938
1479,0.197332,0.114547,0.098944,0.101963,0.065453,0.085812,0.104289,0.231658
1480,0.143149,0.138688,0.131902,0.107450,0.116719,0.117451,0.109802,0.134839
1481,0.197271,0.114725,0.099030,0.102073,0.065515,0.085901,0.104218,0.231267
1482,0.197411,0.115195,0.099110,0.102505,0.065818,0.086310,0.104108,0.229543
1483,0.197281,0.114768,0.099039,0.102111,0.065542,0.085929,0.104197,0.231133
1484,0.197411,0.115192,0.099109,0.102502,0.065816,0.086309,0.104110,0.229550
1485,0.197283,0.114771,0.099040,0.102114,0.065544,0.085933,0.104198,0.231117
1486,0.197404,0.115171,0.099106,0.102482,0.065802,0.086290,0.104115,0.229630
1487,0.197405,0.115172,0.099106,0.102483,0.065803,0.086291,0.104115,0.229627
1488,0.197283,0.114770,0.099039,0.102113,0.065544,0.085934,0.104201,0.231116
1489,0.197405,0.115174,0.099106,0.102485,0.065804,0.086293,0.104115,0.229618
1490,0.197336,0.114560,0.098946,0.101975,0.065462,0.085826,0.104290,0.231605
1491,0.146762,0.144132,0.133579,0.106037,0.115573,0.117151,0.105835,0.130931
1492,0.197410,0.115174,0.099105,0.102485,0.065804,0.086295,0.104115,0.229611
1493,0.197380,0.115086,0.099094,0.102401,0.065746,0.086203,0.104120,0.229971
1494,0.197440,0.115285,0.099127,0.102585,0.065875,0.086383,0.104081,0.229225
1495,0.197444,0.115304,0.099131,0.102602,0.065886,0.086397,0.104073,0.229163
1496,0.197441,0.115296,0.099130,0.102593,0.065880,0.086387,0.104073,0.229200
1497,0.197440,0.115289,0.099128,0.102588,0.065877,0.086384,0.104077,0.229217
1498,0.197436,0.115274,0.099125,0.102574,0.065867,0.086373,0.104084,0.229267
1499,0.197439,0.115291,0.099129,0.102589,0.065877,0.086385,0.104077,0.229214
1500,0.197412,0.115177,0.099105,0.102488,0.065807,0.086301,0.104118,0.229592
1501,0.197462,0.114992,0.099020,0.102370,0.065737,0.086210,0.104201,0.230008
1502,0.197324,0.114515,0.098937,0.101935,0.065433,0.085792,0.104306,0.231757
1503,0.197476,0.115039,0.099028,0.102413,0.065768,0.086251,0.104190,0.229835
1504,0.197468,0.115010,0.099023,0.102386,0.065749,0.086227,0.104198,0.229938
1505,0.197477,0.115043,0.099030,0.102416,0.065770,0.086252,0.104186,0.229826
1506,0.197481,0.115051,0.099029,0.102425,0.065776,0.086267,0.104194,0.229777
1507,0.197488,0.115082,0.099037,0.102452,0.065795,0.086284,0.104175,0.229686
1508,0.197488,0.115077,0.099035,0.102448,0.065792,0.086287,0.104184,0.229689
1509,0.197492,0.115097,0.099039,0.102465,0.065804,0.086299,0.104174,0.229630
1510,0.197470,0.115020,0.099027,0.102395,0.065756,0.086227,0.104186,0.229919
1511,0.158659,0.136211,0.124103,0.105595,0.111988,0.101513,0.097459,0.164470
1512,0.197380,0.115119,0.099101,0.102435,0.065768,0.086235,0.104115,0.229848
1513,0.197281,0.114791,0.099045,0.102134,0.065557,0.085947,0.104188,0.231057
1514,0.197281,0.114790,0.099045,0.102134,0.065556,0.085946,0.104188,0.231059
1515,0.197282,0.114795,0.099046,0.102137,0.065559,0.085950,0.104187,0.231043
1516,0.197415,0.115232,0.099119,0.102540,0.065841,0.086338,0.104093,0.229421
1517,0.197417,0.115240,0.099120,0.102547,0.065846,0.086345,0.104092,0.229392
1518,0.197420,0.115253,0.099123,0.102559,0.065854,0.086356,0.104088,0.229348
1519,0.197423,0.115263,0.099125,0.102568,0.065861,0.086364,0.104085,0.229312
1520,0.197423,0.115264,0.099125,0.102569,0.065861,0.086364,0.104084,0.229309
1521,0.197309,0.114464,0.098928,0.101889,0.065401,0.085748,0.104317,0.231943
1522,0.197486,0.115078,0.099037,0.102447,0.065792,0.086276,0.104171,0.229713
1523,0.197480,0.115059,0.099034,0.102430,0.065780,0.086261,0.104177,0.229779
1524,0.197483,0.115071,0.099037,0.102441,0.065787,0.086267,0.104169,0.229746
1525,0.197487,0.115086,0.099039,0.102454,0.065797,0.086280,0.104166,0.229691
1526,0.197490,0.115101,0.099043,0.102467,0.065806,0.086289,0.104157,0.229647
1527,0.197392,0.114749,0.098979,0.102147,0.065582,0.085990,0.104247,0.230914
1528,0.197488,0.115089,0.099040,0.102457,0.065799,0.086282,0.104164,0.229681
1529,0.197487,0.115090,0.099041,0.102457,0.065799,0.086281,0.104163,0.229682
1530,0.197349,0.114961,0.099062,0.102302,0.065680,0.086113,0.104163,0.230370
1531,0.197408,0.114803,0.098989,0.102196,0.065617,0.086037,0.104234,0.230717
1532,0.197398,0.115123,0.099089,0.102451,0.065784,0.086260,0.104132,0.229763
1533,0.197416,0.114833,0.098994,0.102224,0.065636,0.086063,0.104227,0.230607
1534,0.197365,0.115015,0.099071,0.102351,0.065714,0.086159,0.104150,0.230175
1535,0.197421,0.114850,0.098997,0.102239,0.065647,0.086076,0.104221,0.230549
1536,0.197425,0.114864,0.099000,0.102252,0.065656,0.086088,0.104218,0.230498
1537,0.197428,0.114877,0.099002,0.102264,0.065664,0.086099,0.104214,0.230452
1538,0.197465,0.115002,0.099023,0.102379,0.065744,0.086213,0.104191,0.229983
1539,0.153438,0.133802,0.124986,0.107026,0.113021,0.105119,0.102227,0.160380
1540,0.197409,0.115228,0.099120,0.102534,0.065837,0.086332,0.104093,0.229447
1541,0.197386,0.115163,0.099112,0.102472,0.065794,0.086263,0.104095,0.229714
1542,0.197411,0.115237,0.099122,0.102543,0.065843,0.086340,0.104091,0.229413
1543,0.197390,0.115173,0.099113,0.102483,0.065801,0.086277,0.104098,0.229665
1544,0.197415,0.115248,0.099123,0.102553,0.065850,0.086350,0.104089,0.229373
1545,0.197415,0.115252,0.099125,0.102557,0.065853,0.086352,0.104086,0.229360
1546,0.197417,0.115258,0.099125,0.102562,0.065856,0.086358,0.104086,0.229338
1547,0.197419,0.115264,0.099126,0.102567,0.065860,0.086363,0.104085,0.229316
1548,0.197419,0.115260,0.099125,0.102565,0.065858,0.086362,0.104088,0.229323
1549,0.197484,0.115070,0.099035,0.102441,0.065787,0.086270,0.104173,0.229739
1550,0.197482,0.115061,0.099033,0.102432,0.065782,0.086264,0.104177,0.229768
1551,0.197486,0.115076,0.099036,0.102446,0.065791,0.086276,0.104173,0.229715
1552,0.197311,0.114464,0.098927,0.101889,0.065401,0.085752,0.104322,0.231934
1553,0.197490,0.115093,0.099040,0.102461,0.065801,0.086287,0.104166,0.229663
1554,0.197468,0.115017,0.099027,0.102391,0.065753,0.086219,0.104180,0.229944
1555,0.197487,0.115085,0.099039,0.102453,0.065796,0.086278,0.104165,0.229698
1556,0.159234,0.135949,0.123681,0.105330,0.111506,0.100594,0.096966,0.166740
1557,0.197422,0.115268,0.099127,0.102571,0.065863,0.086364,0.104080,0.229304
1558,0.197433,0.115308,0.099134,0.102608,0.065889,0.086396,0.104066,0.229165
1559,0.197415,0.115242,0.099123,0.102548,0.065847,0.086338,0.104080,0.229407
1560,0.197429,0.115288,0.099129,0.102591,0.065877,0.086386,0.104079,0.229221
1561,0.197418,0.115256,0.099125,0.102560,0.065856,0.086349,0.104076,0.229359
1562,0.197411,0.115253,0.099128,0.102555,0.065851,0.086343,0.104075,0.229383
1563,0.197262,0.114740,0.099037,0.102086,0.065523,0.085906,0.104206,0.231240
1564,0.163007,0.143351,0.126737,0.103763,0.110897,0.101772,0.092551,0.157922
1565,0.197415,0.115257,0.099127,0.102560,0.065855,0.086352,0.104081,0.229354
1566,0.197417,0.115245,0.099123,0.102550,0.065848,0.086343,0.104084,0.229389
1567,0.197264,0.114728,0.099034,0.102077,0.065517,0.085895,0.104206,0.231280
1568,0.197435,0.115225,0.099108,0.102542,0.065845,0.086342,0.104097,0.229407
1569,0.165928,0.144609,0.126401,0.101787,0.107528,0.098268,0.089413,0.166065
1570,0.197265,0.114651,0.099009,0.102016,0.065476,0.085843,0.104233,0.231507
1571,0.197432,0.115219,0.099108,0.102536,0.065840,0.086333,0.104095,0.229435
1572,0.153426,0.137540,0.127287,0.106414,0.113634,0.107525,0.101792,0.152382
1573,0.197415,0.115255,0.099127,0.102557,0.065852,0.086349,0.104080,0.229365
1574,0.197415,0.115257,0.099128,0.102558,0.065853,0.086347,0.104076,0.229366
1575,0.197416,0.115262,0.099129,0.102563,0.065857,0.086352,0.104075,0.229346
1576,0.197415,0.115259,0.099129,0.102560,0.065855,0.086349,0.104075,0.229357
1577,0.197418,0.115269,0.099130,0.102569,0.065861,0.086358,0.104074,0.229321
1578,0.197260,0.114731,0.099037,0.102077,0.065516,0.085895,0.104204,0.231281
1579,0.197420,0.115273,0.099130,0.102572,0.065863,0.086362,0.104074,0.229306
1580,0.163886,0.141978,0.125586,0.102670,0.108691,0.098892,0.091734,0.166564
1581,0.197416,0.115263,0.099130,0.102563,0.065857,0.086350,0.104072,0.229350
1582,0.159366,0.138618,0.125308,0.105310,0.112411,0.102602,0.096599,0.159787
1583,0.197265,0.114724,0.099032,0.102073,0.065514,0.085891,0.104207,0.231294
1584,0.197419,0.115248,0.099124,0.102552,0.065850,0.086343,0.104080,0.229384
1585,0.197420,0.115252,0.099124,0.102556,0.065852,0.086346,0.104079,0.229371
1586,0.148932,0.137136,0.128986,0.106835,0.114355,0.111258,0.105638,0.146861
1587,0.151888,0.136278,0.127211,0.106755,0.113715,0.108115,0.103277,0.152760
1588,0.155939,0.138161,0.126553,0.106027,0.113255,0.105628,0.099576,0.154861
1589,0.197411,0.115242,0.099125,0.102545,0.065844,0.086338,0.104084,0.229411
1590,0.197273,0.114775,0.099044,0.102117,0.065545,0.085935,0.104197,0.231113
1591,0.159272,0.137752,0.124813,0.105288,0.112090,0.101971,0.096766,0.162049
1592,0.197416,0.115268,0.099131,0.102568,0.065860,0.086355,0.104071,0.229331
1593,0.197410,0.115243,0.099126,0.102545,0.065845,0.086337,0.104081,0.229413
1594,0.197411,0.115249,0.099127,0.102550,0.065848,0.086340,0.104078,0.229398
1595,0.160835,0.138323,0.124510,0.104527,0.111047,0.100433,0.095252,0.165074
1596,0.197263,0.114740,0.099037,0.102086,0.065522,0.085906,0.104206,0.231239
1597,0.197410,0.115232,0.099123,0.102536,0.065838,0.086327,0.104082,0.229452
1598,0.197420,0.115256,0.099126,0.102560,0.065855,0.086347,0.104074,0.229362
1599,0.157358,0.138506,0.126126,0.105786,0.113053,0.104547,0.098338,0.156287
1600,0.197416,0.115243,0.099123,0.102547,0.065846,0.086340,0.104084,0.229402
1601,0.197420,0.115254,0.099125,0.102557,0.065853,0.086351,0.104082,0.229357
1602,0.197417,0.115253,0.099126,0.102555,0.065852,0.086345,0.104077,0.229374
1603,0.197416,0.115251,0.099126,0.102553,0.065850,0.086343,0.104077,0.229383
1604,0.197266,0.114736,0.099035,0.102083,0.065520,0.085904,0.104208,0.231249
1605,0.152996,0.137875,0.127678,0.106405,0.113744,0.108121,0.102107,0.151074
1606,0.197272,0.114771,0.099043,0.102114,0.065542,0.085931,0.104197,0.231129
1607,0.197416,0.115260,0.099128,0.102560,0.065855,0.086350,0.104076,0.229356
1608,0.197411,0.115241,0.099125,0.102543,0.065843,0.086334,0.104081,0.229422
1609,0.197416,0.115261,0.099129,0.102561,0.065855,0.086350,0.104075,0.229353
1610,0.197415,0.115262,0.099130,0.102562,0.065856,0.086349,0.104072,0.229355
1611,0.197249,0.114693,0.099029,0.102042,0.065492,0.085864,0.104216,0.231415
1612,0.197416,0.115261,0.099129,0.102562,0.065856,0.086352,0.104076,0.229348
1613,0.197417,0.115265,0.099129,0.102565,0.065859,0.086355,0.104074,0.229335
1614,0.160584,0.139522,0.125360,0.104751,0.111783,0.101798,0.095372,0.160831
1615,0.151410,0.134666,0.126446,0.107093,0.113586,0.107561,0.103904,0.155335
1616,0.197257,0.114726,0.099036,0.102073,0.065514,0.085891,0.104207,0.231297
1617,0.197253,0.114706,0.099030,0.102056,0.065502,0.085881,0.104219,0.231352
1618,0.197247,0.114690,0.099029,0.102040,0.065490,0.085862,0.104217,0.231426
1619,0.197258,0.114731,0.099036,0.102078,0.065517,0.085896,0.104205,0.231278
1620,0.139061,0.131044,0.128861,0.110207,0.119133,0.117794,0.114278,0.139623
1621,0.197265,0.114699,0.099023,0.102054,0.065503,0.085880,0.104223,0.231353
1622,0.156951,0.137491,0.125700,0.106083,0.113124,0.104362,0.098821,0.157468
1623,0.197255,0.114665,0.099016,0.102023,0.065481,0.085854,0.104235,0.231471
1624,0.141032,0.132507,0.129256,0.109018,0.117256,0.116305,0.112767,0.141859
1625,0.197419,0.115221,0.099114,0.102531,0.065838,0.086331,0.104097,0.229449
1626,0.159283,0.139961,0.126190,0.105410,0.112961,0.103813,0.096527,0.155856
1627,0.197257,0.114668,0.099016,0.102027,0.065484,0.085860,0.104237,0.231451
1628,0.157535,0.139617,0.126749,0.105776,0.113354,0.105260,0.098043,0.153666
1629,0.197425,0.115237,0.099115,0.102546,0.065848,0.086350,0.104100,0.229380
1630,0.197417,0.115243,0.099120,0.102549,0.065849,0.086348,0.104092,0.229382
1631,0.161254,0.141981,0.126585,0.104684,0.112292,0.103084,0.094467,0.155653
1632,0.165159,0.144433,0.126597,0.102336,0.108513,0.099352,0.090232,0.163378
1633,0.197420,0.115252,0.099122,0.102558,0.065855,0.086357,0.104091,0.229346
1634,0.197429,0.115280,0.099129,0.102581,0.065870,0.086375,0.104078,0.229258
1635,0.197425,0.115266,0.099126,0.102568,0.065861,0.086365,0.104084,0.229306
1636,0.197267,0.114735,0.099035,0.102082,0.065520,0.085903,0.104207,0.231251
1637,0.197425,0.115265,0.099125,0.102568,0.065861,0.086365,0.104085,0.229306
1638,0.197432,0.115259,0.099121,0.102565,0.065860,0.086362,0.104085,0.229315
1639,0.197433,0.115259,0.099121,0.102566,0.065860,0.086363,0.104086,0.229312
1640,0.166792,0.147483,0.127795,0.101832,0.107950,0.099676,0.088271,0.160202
1641,0.197446,0.115207,0.099096,0.102535,0.065842,0.086338,0.104107,0.229429
1642,0.158655,0.138424,0.125493,0.105531,0.112694,0.103223,0.097254,0.158727
1643,0.197425,0.115266,0.099126,0.102569,0.065861,0.086363,0.104081,0.229310
1644,0.197424,0.115263,0.099125,0.102566,0.065859,0.086360,0.104081,0.229322
1645,0.197426,0.115268,0.099126,0.102571,0.065863,0.086365,0.104080,0.229302
1646,0.165260,0.144643,0.126682,0.102219,0.108327,0.099290,0.090077,0.163503
1647,0.197424,0.115264,0.099126,0.102566,0.065860,0.086360,0.104080,0.229321
1648,0.159681,0.141054,0.126666,0.105157,0.112878,0.104082,0.096012,0.154471
1649,0.197425,0.115262,0.099125,0.102565,0.065859,0.086360,0.104083,0.229322
1650,0.197267,0.114734,0.099035,0.102082,0.065520,0.085900,0.104205,0.231257
1651,0.197270,0.114740,0.099035,0.102087,0.065524,0.085909,0.104209,0.231227
1652,0.197428,0.115259,0.099123,0.102564,0.065858,0.086361,0.104085,0.229322
1653,0.197256,0.114681,0.099023,0.102034,0.065487,0.085858,0.104221,0.231440
1654,0.197427,0.115261,0.099124,0.102564,0.065859,0.086358,0.104081,0.229325
1655,0.197427,0.115257,0.099123,0.102561,0.065856,0.086357,0.104084,0.229336
1656,0.197421,0.115237,0.099120,0.102543,0.065844,0.086339,0.104088,0.229409
1657,0.197427,0.115263,0.099125,0.102565,0.065859,0.086357,0.104077,0.229327
1658,0.197336,0.114558,0.098945,0.101974,0.065461,0.085828,0.104294,0.231603
1659,0.197474,0.115042,0.099032,0.102414,0.065769,0.086239,0.104172,0.229858
1660,0.197323,0.114513,0.098938,0.101933,0.065432,0.085789,0.104304,0.231769
1661,0.155936,0.137285,0.126012,0.106146,0.113130,0.105056,0.099691,0.156744
1662,0.197259,0.114716,0.099031,0.102065,0.065508,0.085891,0.104218,0.231311
1663,0.197414,0.115248,0.099125,0.102550,0.065848,0.086342,0.104081,0.229391
1664,0.197424,0.115281,0.099131,0.102581,0.065869,0.086371,0.104073,0.229271
1665,0.197271,0.114769,0.099044,0.102112,0.065541,0.085926,0.104193,0.231145
1666,0.197270,0.114755,0.099039,0.102100,0.065532,0.085922,0.104206,0.231177
1667,0.197422,0.115273,0.099129,0.102574,0.065864,0.086365,0.104077,0.229296
1668,0.197418,0.115260,0.099127,0.102561,0.065856,0.086353,0.104078,0.229347
1669,0.197267,0.114750,0.099039,0.102095,0.065529,0.085914,0.104202,0.231203
1670,0.197418,0.115258,0.099126,0.102560,0.065855,0.086354,0.104082,0.229347
1671,0.167524,0.146582,0.126944,0.101672,0.107459,0.098298,0.087732,0.163789
1672,0.197446,0.115189,0.099091,0.102521,0.065832,0.086328,0.104116,0.229477
1673,0.164379,0.143152,0.126074,0.103203,0.109844,0.099968,0.091305,0.162074
1674,0.197441,0.115213,0.099100,0.102537,0.065842,0.086342,0.104108,0.229417
1675,0.163457,0.142993,0.126326,0.103762,0.110866,0.101170,0.092269,0.159156
1676,0.197292,0.114743,0.099026,0.102100,0.065535,0.085922,0.104210,0.231173
1677,0.197437,0.115228,0.099108,0.102545,0.065847,0.086349,0.104103,0.229384
1678,0.197436,0.115227,0.099108,0.102544,0.065846,0.086347,0.104102,0.229390
1679,0.197434,0.115221,0.099107,0.102538,0.065842,0.086342,0.104104,0.229413
1680,0.197270,0.114665,0.099011,0.102030,0.065486,0.085859,0.104233,0.231446
1681,0.197431,0.115211,0.099105,0.102529,0.065835,0.086332,0.104105,0.229451
1682,0.197432,0.115213,0.099105,0.102531,0.065837,0.086334,0.104104,0.229443
1683,0.197432,0.115211,0.099105,0.102530,0.065836,0.086333,0.104105,0.229448
1684,0.164553,0.143501,0.126235,0.102930,0.109436,0.099795,0.091048,0.162502
1685,0.197438,0.115197,0.099096,0.102524,0.065833,0.086330,0.104113,0.229468
1686,0.197439,0.115198,0.099097,0.102525,0.065834,0.086331,0.104112,0.229465
1687,0.197441,0.115206,0.099098,0.102532,0.065839,0.086338,0.104111,0.229435
1688,0.197440,0.115204,0.099098,0.102530,0.065837,0.086334,0.104109,0.229447
1689,0.160803,0.140093,0.125609,0.104824,0.112077,0.102144,0.095144,0.159306
1690,0.197430,0.115259,0.099121,0.102566,0.065860,0.086365,0.104089,0.229310
1691,0.197277,0.114746,0.099034,0.102095,0.065530,0.085916,0.104206,0.231198
1692,0.197426,0.115247,0.099119,0.102554,0.065851,0.086353,0.104091,0.229359
1693,0.197261,0.114688,0.099023,0.102043,0.065493,0.085870,0.104225,0.231398
1694,0.197425,0.115243,0.099119,0.102551,0.065849,0.086350,0.104091,0.229371
1695,0.164013,0.143666,0.126536,0.103266,0.110081,0.100697,0.091558,0.160183
1696,0.197428,0.115253,0.099120,0.102560,0.065856,0.086359,0.104090,0.229335
1697,0.197273,0.114735,0.099032,0.102085,0.065523,0.085905,0.104207,0.231240
1698,0.157987,0.136903,0.124843,0.105780,0.112505,0.102778,0.097981,0.161224
1699,0.197414,0.115246,0.099125,0.102549,0.065847,0.086337,0.104076,0.229406
1700,0.197253,0.114693,0.099028,0.102045,0.065494,0.085866,0.104216,0.231406
1701,0.197258,0.114715,0.099033,0.102064,0.065507,0.085880,0.104206,0.231338
1702,0.197414,0.115243,0.099124,0.102547,0.065846,0.086335,0.104078,0.229413
1703,0.197266,0.114737,0.099035,0.102085,0.065522,0.085906,0.104207,0.231241
1704,0.197265,0.114735,0.099034,0.102083,0.065520,0.085904,0.104209,0.231250
1705,0.154377,0.139073,0.127790,0.106117,0.113684,0.107657,0.100763,0.150540
1706,0.197253,0.114698,0.099029,0.102048,0.065496,0.085873,0.104219,0.231383
1707,0.197415,0.115248,0.099125,0.102550,0.065848,0.086342,0.104081,0.229392
1708,0.197414,0.115244,0.099124,0.102547,0.065845,0.086339,0.104082,0.229403
1709,0.197415,0.115244,0.099124,0.102547,0.065846,0.086342,0.104085,0.229395
1710,0.197417,0.115251,0.099125,0.102554,0.065850,0.086348,0.104084,0.229371
1711,0.197415,0.115249,0.099126,0.102551,0.065848,0.086342,0.104079,0.229390
1712,0.197412,0.115242,0.099125,0.102544,0.065844,0.086333,0.104078,0.229422
1713,0.197414,0.115251,0.099127,0.102552,0.065849,0.086340,0.104075,0.229392
1714,0.142344,0.134168,0.129757,0.108350,0.116580,0.115802,0.111457,0.141542
1715,0.140731,0.130851,0.128392,0.109440,0.117358,0.115790,0.113363,0.144074
1716,0.142329,0.134767,0.130087,0.108292,0.116689,0.116174,0.111302,0.140359
1717,0.197275,0.114767,0.099039,0.102114,0.065544,0.085936,0.104205,0.231121
1718,0.158665,0.136629,0.124375,0.105660,0.112230,0.101913,0.097426,0.163102
