frame,p0,p1,p2,p3,p4,p5,p6,p7
0,0.235110,0.174865,0.172768,0.146154,0.098045,0.096051,0.027063,0.049945
1,0.125726,0.098737,0.158824,0.137487,0.085932,0.094932,0.135325,0.163038
2,0.125726,0.098737,0.158824,0.137487,0.085932,0.094932,0.135325,0.163038
3,0.125726,0.098737,0.158824,0.137487,0.085932,0.094932,0.135325,0.163038
4,0.130060,0.100174,0.157628,0.134544,0.086075,0.096922,0.135338,0.159260
5,0.130004,0.100297,0.157869,0.131725,0.087126,0.097768,0.134756,0.160455
6,0.129480,0.100064,0.157829,0.130127,0.088288,0.098750,0.134528,0.160935
7,0.128926,0.099735,0.157695,0.128977,0.089342,0.099764,0.134426,0.161135
8,0.128436,0.099435,0.157488,0.128008,0.090389,0.100824,0.134356,0.161063
9,0.127981,0.099162,0.157257,0.127111,0.091469,0.101955,0.134298,0.160768
10,0.127512,0.098891,0.157008,0.126236,0.092641,0.103199,0.134284,0.160230
11,0.126886,0.098548,0.156720,0.125337,0.094059,0.104667,0.134432,0.159352
12,0.126363,0.098257,0.156400,0.124233,0.095385,0.106377,0.134613,0.158372
13,0.125645,0.096877,0.155656,0.122854,0.096992,0.109946,0.135647,0.156384
14,0.125726,0.098737,0.158824,0.137487,0.085932,0.094932,0.135325,0.163038
15,0.125726,0.098737,0.158824,0.137487,0.085932,0.094932,0.135325,0.163038
16,0.125726,0.098737,0.158824,0.137487,0.085932,0.094932,0.135325,0.163038
17,0.125726,0.098737,0.158824,0.137487,0.085932,0.094932,0.135325,0.163038
18,0.125726,0.098737,0.158824,0.137487,0.085932,0.094932,0.135325,0.163038
19,0.125726,0.098737,0.158824,0.137487,0.085932,0.094932,0.135325,0.163038
20,0.125726,0.098737,0.158824,0.137487,0.085932,0.094932,0.135325,0.163038
21,0.125942,0.098580,0.160107,0.131366,0.089956,0.099617,0.135715,0.158717
22,0.130378,0.099276,0.156159,0.130299,0.087576,0.098416,0.135877,0.162019
23,0.129200,0.098707,0.156032,0.128903,0.088905,0.099349,0.135779,0.163125
24,0.128606,0.098333,0.155483,0.128206,0.090130,0.100507,0.135817,0.162919
25,0.127947,0.097929,0.155049,0.127522,0.091348,0.101701,0.135836,0.162667
26,0.127319,0.097575,0.154629,0.126845,0.092663,0.102988,0.135830,0.162151
27,0.126590,0.097192,0.154219,0.126165,0.094141,0.104432,0.135887,0.161374
28,0.209450,0.167861,0.173370,0.140642,0.117586,0.096354,0.039301,0.055434
29,0.198384,0.170325,0.173579,0.138184,0.116294,0.113186,0.043802,0.046246
30,0.203166,0.169462,0.167910,0.144997,0.117212,0.112771,0.040862,0.043620
31,0.222703,0.188490,0.173113,0.147972,0.118910,0.106949,0.022952,0.018912
32,0.215557,0.182986,0.184872,0.143972,0.114484,0.108991,0.027281,0.021856
33,0.221909,0.191043,0.177986,0.144248,0.116552,0.109741,0.022600,0.015921
34,0.217070,0.186731,0.186008,0.143045,0.112732,0.110233,0.025802,0.018379
35,0.222110,0.187991,0.181278,0.145107,0.112304,0.107866,0.025382,0.017962
36,0.219726,0.191188,0.185637,0.143099,0.111766,0.104821,0.024903,0.018861
37,0.215125,0.205351,0.181721,0.146391,0.109239,0.102886,0.019536,0.019753
38,0.226394,0.188082,0.167614,0.148414,0.110584,0.109323,0.029644,0.019945
39,0.228008,0.191185,0.171419,0.146475,0.110548,0.104818,0.027380,0.020167
40,0.214262,0.197624,0.192071,0.138058,0.105427,0.105109,0.023415,0.024036
41,0.217579,0.188485,0.175837,0.143445,0.116417,0.116943,0.024660,0.016634
42,0.215021,0.192737,0.197603,0.133836,0.105598,0.106087,0.023011,0.026107
43,0.206940,0.173060,0.164263,0.140096,0.115878,0.117854,0.043911,0.037999
44,0.203947,0.172345,0.163305,0.142932,0.116009,0.122115,0.043789,0.035558
45,0.208110,0.172057,0.162664,0.141499,0.115322,0.121032,0.043412,0.035903
46,0.208858,0.172423,0.161294,0.142341,0.115379,0.122304,0.042782,0.034619
47,0.210229,0.173430,0.159982,0.143336,0.115197,0.122665,0.041807,0.033355
48,0.212228,0.176356,0.160553,0.144802,0.113398,0.120643,0.039822,0.032197
49,0.227740,0.184075,0.157035,0.148585,0.110107,0.109206,0.033821,0.029431
50,0.221690,0.175941,0.173802,0.145550,0.096971,0.099278,0.030351,0.056416
51,0.125532,0.098191,0.157718,0.124793,0.095423,0.104387,0.133918,0.160037
52,0.123035,0.096809,0.158491,0.124381,0.099193,0.108499,0.134617,0.154977
53,0.122310,0.094981,0.156946,0.122724,0.101401,0.112858,0.135773,0.153008
54,0.126094,0.096073,0.153675,0.122591,0.098135,0.110871,0.136078,0.156482
55,0.125760,0.096679,0.154020,0.124105,0.096615,0.107148,0.135951,0.159722
56,0.124975,0.095746,0.153397,0.122601,0.099015,0.111166,0.136360,0.156742
57,0.125841,0.096655,0.153808,0.125304,0.095615,0.105804,0.136227,0.160747
58,0.124975,0.096305,0.153371,0.124424,0.097440,0.107762,0.136375,0.159348
59,0.124024,0.095160,0.152985,0.122687,0.099865,0.111750,0.136768,0.156761
60,0.124493,0.095711,0.152703,0.124437,0.097607,0.107996,0.136996,0.160057
61,0.119161,0.091076,0.153103,0.123388,0.102066,0.113558,0.139284,0.158364
62,0.119311,0.091077,0.153437,0.123596,0.102816,0.114400,0.138629,0.156733
63,0.197009,0.163030,0.166844,0.146936,0.124385,0.111908,0.043735,0.046153
64,0.186095,0.163376,0.173052,0.138709,0.120939,0.125743,0.050067,0.042019
65,0.186656,0.162918,0.171328,0.141571,0.119323,0.128077,0.050471,0.039656
66,0.205605,0.180734,0.169171,0.146778,0.120490,0.124721,0.031899,0.020601
67,0.202879,0.176155,0.174843,0.145933,0.114923,0.126618,0.035829,0.022821
68,0.210717,0.186272,0.174448,0.143818,0.117513,0.122758,0.028073,0.016401
69,0.202936,0.177875,0.187412,0.141397,0.115666,0.124085,0.031344,0.019285
70,0.196974,0.174488,0.188859,0.142803,0.116294,0.126363,0.033189,0.021030
71,0.205967,0.180028,0.188761,0.140868,0.114419,0.117751,0.030793,0.021413
72,0.212893,0.201156,0.188512,0.146649,0.105825,0.112486,0.018688,0.013791
73,0.209815,0.182444,0.188904,0.140050,0.114479,0.118626,0.027967,0.017714
74,0.220782,0.186778,0.187161,0.140737,0.111408,0.109456,0.025969,0.017709
75,0.209421,0.200616,0.196886,0.137460,0.105043,0.109181,0.022633,0.018759
76,0.221662,0.185310,0.176542,0.144115,0.111144,0.112192,0.028702,0.020333
77,0.212348,0.196054,0.196507,0.137015,0.105026,0.105994,0.023481,0.023577
78,0.208691,0.180775,0.177916,0.146872,0.121282,0.117087,0.025961,0.021415
79,0.207106,0.178347,0.180577,0.143209,0.119776,0.115846,0.029106,0.026032
80,0.227457,0.187670,0.174527,0.147847,0.114532,0.100045,0.024119,0.023802
81,0.223697,0.192443,0.195583,0.138527,0.104447,0.094294,0.020120,0.030889
82,0.212097,0.180619,0.179007,0.147088,0.119456,0.116162,0.025447,0.020124
83,0.205785,0.173206,0.185643,0.144495,0.117677,0.119887,0.029684,0.023623
84,0.209653,0.174091,0.185600,0.144874,0.116028,0.116053,0.029269,0.024433
85,0.214853,0.176773,0.182071,0.145994,0.114572,0.112887,0.028655,0.024194
86,0.219264,0.187869,0.183825,0.144722,0.116583,0.109984,0.021460,0.016293
87,0.209770,0.199771,0.194766,0.137936,0.109886,0.107846,0.019805,0.020221
88,0.214826,0.177850,0.174867,0.146031,0.111421,0.120878,0.032664,0.021463
89,0.218040,0.180706,0.172593,0.147295,0.111283,0.117971,0.031335,0.020777
90,0.222630,0.189030,0.185988,0.143226,0.119214,0.103187,0.020130,0.016595
91,0.215181,0.202277,0.200833,0.134093,0.108474,0.100177,0.018832,0.020134
92,0.206043,0.179334,0.181717,0.143811,0.121195,0.114361,0.029620,0.023919
93,0.223045,0.183777,0.177888,0.147447,0.116201,0.104315,0.025476,0.021851
94,0.225672,0.188634,0.181568,0.143748,0.116161,0.098913,0.023408,0.021896
95,0.222394,0.194504,0.195367,0.137986,0.102511,0.097188,0.020637,0.029413
96,0.199946,0.164108,0.167062,0.145117,0.117618,0.121263,0.041089,0.043796
97,0.205156,0.165591,0.171071,0.145772,0.114463,0.117654,0.038603,0.041690
98,0.215192,0.172161,0.169727,0.144787,0.114734,0.110753,0.033409,0.039237
99,0.213591,0.172829,0.167836,0.148975,0.101617,0.097246,0.029746,0.068160
100,0.122750,0.095852,0.157317,0.124161,0.099541,0.109099,0.135390,0.155889
101,0.126094,0.096073,0.153675,0.122591,0.098135,0.110871,0.136078,0.156482
102,0.125236,0.095826,0.153656,0.122426,0.098711,0.110961,0.136212,0.156972
103,0.126448,0.096872,0.154183,0.123815,0.095966,0.107505,0.136349,0.158862
104,0.125838,0.096553,0.153861,0.123686,0.096809,0.108236,0.136491,0.158526
105,0.126323,0.096773,0.153928,0.125970,0.094295,0.104578,0.136231,0.161901
106,0.125269,0.096267,0.153450,0.125305,0.096161,0.106285,0.136544,0.160718
107,0.124493,0.095711,0.152703,0.124437,0.097607,0.107996,0.136996,0.160057
108,0.123524,0.093112,0.150512,0.123843,0.098611,0.111532,0.138756,0.160109
109,0.123735,0.093768,0.151347,0.123949,0.099130,0.111828,0.137828,0.158415
110,0.127731,0.099196,0.157034,0.124325,0.094570,0.106151,0.134504,0.156489
111,0.201034,0.164794,0.173034,0.136591,0.119682,0.096025,0.043059,0.065782
112,0.208548,0.171996,0.182846,0.146055,0.125009,0.099464,0.028369,0.037713
113,0.205388,0.172010,0.187545,0.143576,0.120525,0.104170,0.030056,0.036730
114,0.206077,0.169835,0.187776,0.143207,0.120720,0.103595,0.030534,0.038256
115,0.207257,0.170068,0.185695,0.145612,0.119703,0.104307,0.030439,0.036919
116,0.208339,0.168876,0.184374,0.145348,0.120334,0.104262,0.030756,0.037711
117,0.210149,0.170143,0.182701,0.146922,0.119375,0.103862,0.030172,0.036677
118,0.209414,0.170131,0.183267,0.147287,0.118012,0.106973,0.031064,0.033851
119,0.215275,0.177466,0.195427,0.146292,0.127986,0.093769,0.019171,0.024614
120,0.228438,0.190245,0.196497,0.131837,0.118241,0.090924,0.015265,0.028554
121,0.219631,0.187348,0.192743,0.142249,0.110698,0.092383,0.019171,0.035777
122,0.181498,0.155447,0.168913,0.146439,0.120506,0.124615,0.051337,0.051244
123,0.188525,0.159279,0.170529,0.145267,0.118418,0.122215,0.047874,0.047893
124,0.190984,0.159942,0.169971,0.145694,0.117806,0.121963,0.046701,0.046938
125,0.193856,0.161220,0.170089,0.145733,0.116950,0.120958,0.045246,0.045948
126,0.207720,0.171239,0.191811,0.149410,0.125920,0.106270,0.022966,0.024665
127,0.202658,0.171211,0.193132,0.142739,0.125145,0.111459,0.027812,0.025845
128,0.213444,0.188355,0.199654,0.142056,0.110970,0.098865,0.019116,0.027539
129,0.191185,0.161508,0.178296,0.141176,0.116766,0.121709,0.044866,0.044493
130,0.193027,0.161568,0.177938,0.141246,0.116702,0.122434,0.043797,0.043289
131,0.194971,0.162052,0.178096,0.140878,0.116460,0.122477,0.042695,0.042372
132,0.197191,0.162940,0.178631,0.140253,0.116141,0.121761,0.041471,0.041611
133,0.201384,0.163303,0.179077,0.139371,0.116771,0.119110,0.039593,0.041392
134,0.211486,0.171140,0.177210,0.137695,0.116494,0.112970,0.034232,0.038774
135,0.211567,0.175648,0.177253,0.146052,0.102798,0.097937,0.029130,0.059616
136,0.126438,0.097991,0.156161,0.122657,0.097397,0.109804,0.134630,0.154923
137,0.122627,0.095773,0.157708,0.122528,0.100787,0.112126,0.135344,0.153106
138,0.121952,0.096154,0.158292,0.125220,0.098615,0.107391,0.135581,0.156795
139,0.204085,0.166877,0.172400,0.147459,0.120768,0.097972,0.039185,0.051254
140,0.196394,0.169516,0.173948,0.141565,0.118376,0.112003,0.043672,0.044525
141,0.203997,0.170364,0.168774,0.146912,0.116830,0.109430,0.040782,0.042911
142,0.204901,0.168177,0.166268,0.148873,0.118702,0.109901,0.039797,0.043381
143,0.211608,0.170312,0.165807,0.148778,0.117707,0.106236,0.037017,0.042535
144,0.201999,0.167352,0.166848,0.151065,0.117162,0.115419,0.039908,0.040246
145,0.203845,0.165293,0.166637,0.152091,0.114428,0.115295,0.040123,0.042289
146,0.190957,0.164652,0.170404,0.151833,0.113015,0.124231,0.045136,0.039772
147,0.202099,0.172704,0.170519,0.147563,0.111716,0.115671,0.039896,0.039832
148,0.227709,0.173701,0.167206,0.151415,0.099923,0.093743,0.026326,0.059976
149,0.125420,0.097667,0.154977,0.126124,0.094665,0.104171,0.136141,0.160835
150,0.120229,0.095975,0.157196,0.125018,0.100290,0.107940,0.136103,0.157250
151,0.123490,0.096411,0.153364,0.124758,0.098383,0.107646,0.136871,0.159078
152,0.121817,0.095514,0.152855,0.123523,0.100167,0.109210,0.137524,0.159389
153,0.121500,0.093784,0.151198,0.122655,0.101633,0.112679,0.138226,0.158325
154,0.122185,0.096131,0.153021,0.123478,0.100134,0.109197,0.137108,0.158747
155,0.197304,0.164892,0.154759,0.149336,0.125355,0.116853,0.045689,0.045812
156,0.193858,0.168090,0.167365,0.139531,0.118599,0.120836,0.048131,0.043589
157,0.199835,0.170046,0.162090,0.144856,0.118600,0.117902,0.045367,0.041303
158,0.192225,0.166449,0.160083,0.147830,0.120528,0.126876,0.047523,0.038485
159,0.188320,0.162217,0.160869,0.150446,0.119912,0.127682,0.048614,0.041940
160,0.214307,0.170276,0.156019,0.151741,0.112293,0.118931,0.039944,0.036490
161,0.215756,0.171153,0.154215,0.152590,0.111796,0.119820,0.039425,0.035245
162,0.217616,0.172389,0.152670,0.153585,0.111101,0.119810,0.038835,0.033995
163,0.224366,0.179491,0.154608,0.151302,0.111656,0.111979,0.034307,0.032292
164,0.216981,0.176004,0.172560,0.146851,0.097290,0.100234,0.030264,0.059815
165,0.194236,0.161671,0.167398,0.144979,0.125566,0.112400,0.045453,0.048297
166,0.184663,0.163316,0.174114,0.137484,0.120730,0.123165,0.050192,0.046337
167,0.186203,0.162723,0.169377,0.144609,0.120700,0.121904,0.048851,0.045635
168,0.201195,0.168968,0.165491,0.144104,0.117197,0.116001,0.043875,0.043169
169,0.202624,0.169218,0.164398,0.144235,0.117418,0.116887,0.043035,0.042184
170,0.194921,0.168520,0.161593,0.145752,0.117831,0.127668,0.046348,0.037366
171,0.197043,0.166837,0.160051,0.147751,0.115848,0.126381,0.046254,0.039835
172,0.206193,0.176752,0.178657,0.146384,0.121913,0.117735,0.028235,0.024130
173,0.202927,0.176811,0.186456,0.140592,0.121359,0.111933,0.030060,0.029862
174,0.218724,0.195400,0.195958,0.137762,0.107618,0.093862,0.020118,0.030558
175,0.200374,0.168567,0.167348,0.143680,0.115165,0.112591,0.043221,0.049055
176,0.202079,0.168748,0.165219,0.145663,0.115546,0.113357,0.042190,0.047198
177,0.203745,0.169370,0.164143,0.146978,0.115882,0.113557,0.040985,0.045341
178,0.205635,0.171744,0.165279,0.147130,0.115080,0.112765,0.039331,0.043036
179,0.202714,0.171373,0.167282,0.143671,0.115863,0.114067,0.040311,0.044719
180,0.219808,0.178244,0.169182,0.143542,0.113926,0.103738,0.031980,0.039580
181,0.216431,0.172397,0.170644,0.149958,0.099353,0.093848,0.028656,0.068713
182,0.126095,0.099309,0.158518,0.123470,0.094403,0.106808,0.134218,0.157180
183,0.125361,0.098191,0.160118,0.127952,0.093469,0.102762,0.134449,0.157698
184,0.129913,0.099092,0.155811,0.127155,0.090846,0.101861,0.135110,0.160213
185,0.122211,0.096944,0.159146,0.124831,0.098435,0.107193,0.135218,0.156022
186,0.126400,0.097772,0.154833,0.123893,0.096379,0.107739,0.136144,0.156841
187,0.125049,0.097326,0.154727,0.123297,0.097501,0.108302,0.136315,0.157483
188,0.124904,0.097515,0.154704,0.125169,0.096309,0.105791,0.136096,0.159511
189,0.123737,0.097101,0.154205,0.124309,0.098272,0.107749,0.136360,0.158267
190,0.122686,0.096342,0.153586,0.122666,0.100638,0.110675,0.136963,0.156446
191,0.122170,0.095812,0.152988,0.122342,0.101214,0.111233,0.137329,0.156912
192,0.121785,0.094209,0.151482,0.122833,0.101456,0.112613,0.137925,0.157696
193,0.122500,0.096557,0.153355,0.123603,0.099953,0.109138,0.136719,0.158176
194,0.122185,0.094783,0.151792,0.122340,0.101606,0.112771,0.137171,0.157352
195,0.126095,0.099309,0.158518,0.123469,0.094403,0.106808,0.134218,0.157180
196,0.125726,0.098737,0.158824,0.137487,0.085932,0.094932,0.135325,0.163038
197,0.126975,0.099253,0.158343,0.135839,0.086815,0.096186,0.134894,0.161694
198,0.126926,0.099315,0.158761,0.134275,0.087518,0.096603,0.134317,0.162286
199,0.126908,0.099323,0.158931,0.133266,0.088087,0.097062,0.134022,0.162401
200,0.125605,0.098273,0.160267,0.129433,0.091843,0.101055,0.134799,0.158724
201,0.130289,0.099124,0.156007,0.128793,0.089001,0.099831,0.135351,0.161602
202,0.129085,0.098622,0.155813,0.127485,0.090440,0.100923,0.135321,0.162311
203,0.128385,0.098287,0.155240,0.126777,0.091877,0.102320,0.135417,0.161696
204,0.127429,0.097824,0.154791,0.126047,0.093501,0.103926,0.135599,0.160883
205,0.126428,0.097400,0.154372,0.125189,0.095298,0.105866,0.135792,0.159655
206,0.125516,0.096652,0.153849,0.123671,0.097521,0.108834,0.136283,0.157674
207,0.125511,0.096654,0.153746,0.125470,0.096015,0.106172,0.136207,0.160225
208,0.124680,0.096063,0.153014,0.124614,0.097513,0.107943,0.136665,0.159507
209,0.117819,0.091940,0.154793,0.123669,0.104250,0.114787,0.138365,0.154378
210,0.128018,0.099114,0.156205,0.124688,0.094481,0.106071,0.135382,0.156040
211,0.127109,0.098935,0.156329,0.125850,0.093630,0.103517,0.135173,0.159458
212,0.126082,0.098637,0.155641,0.124926,0.095491,0.105449,0.135417,0.158357
213,0.125083,0.097986,0.154931,0.123327,0.097721,0.108370,0.135927,0.156655
214,0.124278,0.097593,0.154563,0.123087,0.098720,0.109182,0.136117,0.156461
215,0.119298,0.096144,0.157266,0.124104,0.102381,0.110008,0.135877,0.154921
216,0.122764,0.096327,0.153334,0.122639,0.100855,0.111032,0.136879,0.156171
217,0.121782,0.095587,0.153027,0.121921,0.101466,0.111339,0.137340,0.157538
218,0.121887,0.094353,0.151499,0.122179,0.101789,0.112837,0.137474,0.157982
219,0.124475,0.097612,0.154723,0.124644,0.097194,0.106612,0.135876,0.158865
220,0.123381,0.097112,0.154126,0.123690,0.099134,0.108632,0.136160,0.157765
221,0.122585,0.095783,0.152924,0.123013,0.100683,0.111196,0.136994,0.156822
222,0.122273,0.096744,0.153909,0.122153,0.101316,0.112144,0.136651,0.154810
223,0.122342,0.096222,0.153251,0.122142,0.101220,0.111237,0.136932,0.156654
224,0.223082,0.175760,0.174923,0.145263,0.097567,0.097959,0.029344,0.056102
225,0.126665,0.099747,0.158818,0.125370,0.092722,0.103482,0.133567,0.159629
226,0.126095,0.099309,0.158518,0.123470,0.094403,0.106807,0.134218,0.157180
227,0.125238,0.098350,0.159824,0.126351,0.094834,0.104606,0.134459,0.156337
228,0.129505,0.098947,0.155508,0.124760,0.092924,0.105182,0.135400,0.157774
229,0.128409,0.098608,0.155575,0.125472,0.092783,0.103732,0.135195,0.160226
230,0.127527,0.097936,0.154820,0.124019,0.094993,0.106709,0.135732,0.158263
231,0.196395,0.162853,0.171201,0.135328,0.118769,0.099013,0.048515,0.067926
232,0.206078,0.170149,0.182492,0.143160,0.125300,0.099750,0.031722,0.041348
233,0.200036,0.168927,0.186411,0.142157,0.121568,0.106764,0.033330,0.040807
234,0.198981,0.165452,0.187042,0.141970,0.122107,0.107023,0.034078,0.043345
235,0.198585,0.164428,0.184603,0.144424,0.121268,0.109312,0.034619,0.042762
236,0.195770,0.160994,0.180979,0.146342,0.122029,0.113321,0.036396,0.044168
237,0.210798,0.165086,0.187430,0.147924,0.116957,0.102922,0.030336,0.038548
238,0.213657,0.173722,0.194869,0.146319,0.124308,0.097372,0.022095,0.027659
239,0.224347,0.173514,0.195097,0.137297,0.123802,0.092325,0.021724,0.031896
240,0.237123,0.192568,0.190097,0.127905,0.115662,0.083291,0.015716,0.037639
241,0.240139,0.180195,0.176909,0.143386,0.109147,0.077841,0.018717,0.053666
242,0.180901,0.147184,0.157400,0.145163,0.119902,0.120947,0.053853,0.074651
243,0.192308,0.149181,0.163224,0.144345,0.115439,0.111107,0.048528,0.075868
244,0.194272,0.149380,0.161433,0.145424,0.115784,0.112950,0.047757,0.072999
245,0.197589,0.150286,0.159788,0.146178,0.116266,0.113035,0.046518,0.070341
246,0.214173,0.166630,0.182653,0.148826,0.132735,0.084459,0.025147,0.045377
247,0.230638,0.170939,0.176052,0.150286,0.111766,0.066671,0.019856,0.073790
248,0.204100,0.166073,0.179695,0.144142,0.130968,0.076888,0.031908,0.066226
249,0.211137,0.159339,0.177661,0.140328,0.122821,0.074116,0.032447,0.082151
250,0.214905,0.162753,0.172543,0.138151,0.120596,0.076574,0.032147,0.082330
251,0.209829,0.161823,0.163404,0.140233,0.124442,0.084744,0.033786,0.081740
252,0.213823,0.158926,0.167314,0.142752,0.122683,0.080173,0.032066,0.082261
253,0.215661,0.159576,0.164431,0.141804,0.122721,0.079075,0.032044,0.084688
254,0.217705,0.170911,0.187497,0.144944,0.132146,0.083123,0.022331,0.041342
255,0.234527,0.173716,0.179551,0.147492,0.115250,0.065310,0.020381,0.063773
256,0.204667,0.160979,0.175196,0.141375,0.127313,0.097877,0.036379,0.056213
257,0.218625,0.173829,0.190913,0.156853,0.130275,0.067474,0.015901,0.046131
258,0.206998,0.170398,0.189083,0.144342,0.122025,0.108478,0.028868,0.029809
259,0.212950,0.178769,0.193997,0.145216,0.125158,0.100005,0.020897,0.023008
260,0.209102,0.175169,0.193786,0.142403,0.122757,0.105588,0.025562,0.025634
261,0.228822,0.180984,0.186152,0.145176,0.119694,0.095782,0.021894,0.021495
262,0.231662,0.183342,0.187424,0.142315,0.120894,0.090801,0.020638,0.022925
263,0.228363,0.201878,0.184335,0.140504,0.116488,0.087736,0.015698,0.024997
264,0.229443,0.178918,0.182767,0.147671,0.121505,0.091627,0.022670,0.025400
265,0.231199,0.181873,0.186442,0.143710,0.121329,0.088046,0.021251,0.026150
266,0.234578,0.192376,0.181646,0.144011,0.115328,0.084874,0.016005,0.031182
267,0.233417,0.174325,0.168628,0.145636,0.117746,0.097899,0.026849,0.035500
268,0.226369,0.171318,0.172575,0.148618,0.103149,0.089446,0.024634,0.063891
269,0.125726,0.098737,0.158824,0.137487,0.085932,0.094932,0.135325,0.163038
270,0.125726,0.098737,0.158824,0.137487,0.085932,0.094932,0.135325,0.163038
271,0.125726,0.098737,0.158824,0.137487,0.085932,0.094932,0.135325,0.163038
272,0.125726,0.098737,0.158824,0.137487,0.085932,0.094932,0.135325,0.163038
273,0.125942,0.098580,0.160107,0.131366,0.089956,0.099617,0.135715,0.158717
274,0.130378,0.099276,0.156159,0.130299,0.087576,0.098416,0.135877,0.162019
275,0.129200,0.098707,0.156032,0.128903,0.088905,0.099349,0.135779,0.163125
276,0.128606,0.098333,0.155483,0.128206,0.090130,0.100507,0.135817,0.162919
277,0.123423,0.096228,0.157673,0.126459,0.095367,0.104114,0.135838,0.160898
278,0.127352,0.097016,0.153982,0.126649,0.092822,0.103372,0.136278,0.162530
279,0.126066,0.096504,0.153988,0.125761,0.094384,0.104636,0.136284,0.162378
280,0.199808,0.163787,0.171321,0.137930,0.119915,0.095707,0.044021,0.067510
281,0.189452,0.164221,0.170571,0.139448,0.118255,0.110820,0.046193,0.061039
282,0.189292,0.158918,0.165592,0.145045,0.118909,0.115354,0.047177,0.059713
283,0.188345,0.159387,0.169127,0.144050,0.117484,0.118129,0.047190,0.056288
284,0.189220,0.156384,0.167937,0.145149,0.117037,0.118816,0.047428,0.058029
285,0.187206,0.156227,0.167781,0.147212,0.116931,0.123413,0.047658,0.053571
286,0.186362,0.152911,0.165545,0.147723,0.117469,0.124771,0.048679,0.056539
287,0.200206,0.158340,0.168881,0.149100,0.115061,0.116074,0.041448,0.050891
288,0.209360,0.166440,0.169036,0.147468,0.113486,0.112466,0.036429,0.045317
289,0.216019,0.169421,0.164341,0.150647,0.102084,0.090966,0.029539,0.076984
290,0.124015,0.095118,0.153018,0.123016,0.098830,0.109883,0.137267,0.158851
291,0.124007,0.095138,0.152386,0.124265,0.097899,0.108210,0.137418,0.160677
292,0.118939,0.090988,0.153416,0.123200,0.102855,0.114089,0.138905,0.157607
293,0.124365,0.095111,0.152117,0.124432,0.097876,0.108426,0.137404,0.160270
294,0.187329,0.156867,0.162354,0.138916,0.122217,0.101342,0.053532,0.077442
295,0.181164,0.158199,0.167099,0.136246,0.118834,0.113456,0.053135,0.071867
296,0.187210,0.155782,0.163018,0.142636,0.119351,0.113177,0.050080,0.068746
297,0.183205,0.150091,0.160168,0.146924,0.119941,0.118827,0.052110,0.068735
298,0.182797,0.152495,0.164558,0.144573,0.117559,0.121306,0.052457,0.064256
299,0.184394,0.150315,0.162480,0.145134,0.116706,0.121124,0.052680,0.067168
300,0.185795,0.151131,0.161335,0.145758,0.115566,0.122607,0.052231,0.065576
301,0.179722,0.149004,0.161335,0.146302,0.116284,0.128700,0.055056,0.063597
302,0.211330,0.161255,0.160752,0.149904,0.111389,0.111446,0.039338,0.054586
303,0.219243,0.168603,0.159678,0.149141,0.102355,0.086602,0.029215,0.085164
304,0.125831,0.096567,0.153813,0.125422,0.095334,0.105561,0.136297,0.161175
305,0.124768,0.096134,0.153384,0.124633,0.097253,0.107509,0.136583,0.159736
306,0.124179,0.095295,0.152664,0.123065,0.099014,0.110237,0.137213,0.158334
307,0.123538,0.093422,0.151093,0.123758,0.099269,0.111934,0.138095,0.158890
308,0.120395,0.094395,0.156194,0.123181,0.102151,0.111658,0.136659,0.155366
309,0.124656,0.095525,0.152428,0.124577,0.097713,0.108320,0.137045,0.159736
310,0.123272,0.093106,0.151145,0.123641,0.099346,0.112025,0.138145,0.159320
311,0.122978,0.096051,0.157487,0.123626,0.098777,0.108818,0.135834,0.156428
312,0.127451,0.097268,0.154183,0.125864,0.093641,0.104308,0.136037,0.161250
313,0.125897,0.096717,0.154167,0.124815,0.095537,0.106069,0.136174,0.160624
314,0.120680,0.094238,0.156140,0.123171,0.101488,0.111155,0.136820,0.156309
315,0.125212,0.095643,0.152809,0.125203,0.096350,0.106684,0.136997,0.161102
316,0.123779,0.094924,0.152493,0.124152,0.097974,0.108271,0.137441,0.160966
317,0.123221,0.092924,0.150812,0.123551,0.099466,0.112095,0.138400,0.159530
318,0.125175,0.096183,0.153435,0.125275,0.096192,0.106319,0.136592,0.160829
319,0.124383,0.095643,0.152702,0.124456,0.097677,0.108054,0.137030,0.160057
320,0.123538,0.093422,0.151093,0.123758,0.099269,0.111934,0.138095,0.158890
321,0.125511,0.096654,0.153746,0.125470,0.096015,0.106172,0.136207,0.160225
322,0.195320,0.161512,0.170263,0.135702,0.120341,0.099235,0.048532,0.069095
323,0.180324,0.158875,0.169965,0.137740,0.117354,0.120727,0.054733,0.060283
324,0.190525,0.158825,0.180339,0.137246,0.114859,0.115187,0.048921,0.054099
325,0.191597,0.157460,0.179244,0.138737,0.115771,0.117364,0.047782,0.052045
326,0.192825,0.158726,0.177470,0.139780,0.114858,0.119960,0.046980,0.049402
327,0.208370,0.168386,0.198643,0.144977,0.126799,0.098672,0.023429,0.030724
328,0.217295,0.163604,0.195918,0.142007,0.123907,0.095428,0.024264,0.037578
329,0.225764,0.166297,0.185281,0.145354,0.122459,0.093323,0.023891,0.037633
330,0.227612,0.170636,0.185939,0.141797,0.123004,0.093460,0.022475,0.035077
331,0.238204,0.183429,0.177349,0.143420,0.111582,0.082122,0.017282,0.046612
332,0.197883,0.149323,0.163373,0.144915,0.120385,0.104021,0.041947,0.078153
333,0.201344,0.150620,0.161352,0.145819,0.120035,0.104761,0.041016,0.075053
334,0.204913,0.150787,0.160561,0.146512,0.120628,0.103684,0.039657,0.073257
335,0.216709,0.156807,0.157347,0.144712,0.119950,0.098091,0.035468,0.070916
336,0.227036,0.158395,0.150268,0.145920,0.104389,0.066812,0.027495,0.119685
337,0.125511,0.096654,0.153746,0.125470,0.096015,0.106172,0.136207,0.160225
338,0.120267,0.094222,0.155680,0.124178,0.101277,0.110023,0.136813,0.157540
339,0.123846,0.093321,0.150846,0.123897,0.099236,0.112147,0.138017,0.158688
340,0.128321,0.098738,0.155587,0.125546,0.092573,0.103646,0.135059,0.160531
341,0.127358,0.098394,0.154990,0.124798,0.094400,0.105762,0.135316,0.158982
342,0.126097,0.097512,0.154470,0.123265,0.096876,0.109639,0.135986,0.156155
343,0.126112,0.097522,0.154317,0.124820,0.095853,0.106814,0.135747,0.158815
344,0.124893,0.096633,0.153923,0.123212,0.098345,0.110641,0.136356,0.155998
345,0.119939,0.094326,0.156310,0.122985,0.102728,0.113147,0.136720,0.153844
346,0.124656,0.095525,0.152428,0.124577,0.097713,0.108319,0.137045,0.159737
347,0.123272,0.093106,0.151145,0.123641,0.099346,0.112025,0.138145,0.159320
348,0.205858,0.165842,0.174604,0.138831,0.118806,0.097250,0.040699,0.058110
349,0.194755,0.168400,0.174960,0.138346,0.115520,0.113730,0.045113,0.049176
350,0.201774,0.168272,0.172402,0.140652,0.116631,0.110871,0.041843,0.047556
351,0.200720,0.166622,0.172852,0.141439,0.117523,0.112838,0.041249,0.046758
352,0.195607,0.165043,0.172343,0.143828,0.115497,0.119414,0.043261,0.045007
353,0.195346,0.162832,0.172335,0.143838,0.115676,0.120730,0.043517,0.045725
354,0.192265,0.160941,0.171560,0.144504,0.116209,0.123820,0.044537,0.046166
355,0.201832,0.165315,0.176102,0.145263,0.113806,0.117631,0.039020,0.041032
356,0.213241,0.172060,0.174890,0.144658,0.111921,0.112314,0.033859,0.037058
357,0.213943,0.174091,0.173117,0.149614,0.102745,0.096672,0.028043,0.061776
358,0.125149,0.095818,0.153521,0.125013,0.095783,0.106082,0.136747,0.161886
359,0.124235,0.095618,0.153052,0.124342,0.097696,0.108082,0.136976,0.159998
360,0.123465,0.094722,0.152499,0.122741,0.099649,0.111493,0.137631,0.157800
361,0.123309,0.093019,0.150822,0.123588,0.099421,0.112059,0.138387,0.159395
362,0.125269,0.096267,0.153450,0.125305,0.096161,0.106285,0.136544,0.160718
363,0.124493,0.095711,0.152703,0.124437,0.097607,0.107996,0.136996,0.160057
364,0.200994,0.163032,0.169369,0.143042,0.120804,0.101132,0.042131,0.059496
365,0.191273,0.165875,0.172347,0.140412,0.116229,0.116681,0.046555,0.050628
366,0.193040,0.162501,0.178316,0.141683,0.115563,0.116263,0.044436,0.048198
367,0.193097,0.160233,0.176627,0.143481,0.116111,0.118310,0.044221,0.047919
368,0.208069,0.171252,0.191503,0.150393,0.126205,0.099956,0.023145,0.029476
369,0.213407,0.166824,0.193816,0.143737,0.121381,0.100684,0.025645,0.034507
370,0.219968,0.169059,0.185632,0.146695,0.121095,0.098592,0.025292,0.033666
371,0.223945,0.170775,0.180941,0.148330,0.121388,0.096162,0.024730,0.033729
372,0.220284,0.176193,0.184299,0.143619,0.120241,0.097561,0.024780,0.033024
373,0.231681,0.188360,0.180527,0.146611,0.108037,0.086869,0.017731,0.040183
374,0.204576,0.165249,0.185806,0.150700,0.127279,0.108646,0.025786,0.031958
375,0.199068,0.160019,0.185608,0.146029,0.125657,0.116754,0.031566,0.035299
376,0.220210,0.170616,0.183037,0.142057,0.122487,0.103137,0.025907,0.032549
377,0.223188,0.189104,0.187823,0.142105,0.109282,0.090790,0.019371,0.038336
378,0.183048,0.154512,0.170412,0.140863,0.116200,0.125878,0.053513,0.055575
379,0.181150,0.153819,0.169558,0.142179,0.115763,0.130229,0.054114,0.053189
380,0.182553,0.153138,0.168956,0.142203,0.115741,0.129774,0.053429,0.054206
381,0.180312,0.151760,0.167483,0.142210,0.116066,0.131719,0.054480,0.055971
382,0.203995,0.165310,0.171743,0.141918,0.112024,0.120868,0.040777,0.043364
383,0.214239,0.173980,0.170192,0.147192,0.104493,0.093030,0.028769,0.068106
384,0.124706,0.095552,0.153210,0.124940,0.096419,0.106491,0.136965,0.161717
385,0.119633,0.093238,0.154988,0.123865,0.101620,0.110274,0.137631,0.158752
386,0.123398,0.092580,0.150355,0.123509,0.099514,0.112367,0.138575,0.159702
387,0.123582,0.094577,0.152459,0.122802,0.099300,0.110448,0.137615,0.159217
388,0.123221,0.092924,0.150812,0.123551,0.099466,0.112095,0.138400,0.159530
389,0.124768,0.096134,0.153384,0.124633,0.097253,0.107509,0.136583,0.159736
390,0.124179,0.095295,0.152664,0.123065,0.099014,0.110237,0.137213,0.158334
391,0.123538,0.093422,0.151093,0.123758,0.099269,0.111934,0.138095,0.158890
392,0.125511,0.096654,0.153746,0.125470,0.096015,0.106172,0.136207,0.160225
393,0.124680,0.096063,0.153014,0.124614,0.097513,0.107943,0.136665,0.159507
394,0.123735,0.093768,0.151347,0.123949,0.099130,0.111828,0.137828,0.158415
395,0.126179,0.098814,0.158654,0.127011,0.092857,0.103142,0.134228,0.159115
396,0.126359,0.099121,0.158892,0.128746,0.091606,0.101055,0.133717,0.160505
397,0.192587,0.156990,0.184266,0.133014,0.118645,0.081429,0.049380,0.083689
398,0.191382,0.153618,0.178925,0.133126,0.118189,0.090296,0.046184,0.088280
399,0.208131,0.167638,0.194414,0.145669,0.127124,0.095321,0.025225,0.036478
400,0.203216,0.163772,0.198529,0.141104,0.123526,0.101795,0.030224,0.037835
401,0.206840,0.163726,0.195078,0.141686,0.122588,0.101490,0.031040,0.037552
402,0.201476,0.163627,0.192756,0.143280,0.122554,0.107700,0.032690,0.035917
403,0.203815,0.164608,0.190802,0.143302,0.122018,0.106276,0.032616,0.036562
404,0.207633,0.164958,0.189754,0.144788,0.121595,0.103464,0.031248,0.036560
405,0.219126,0.175603,0.193664,0.144440,0.127782,0.091252,0.020047,0.028086
406,0.232342,0.185443,0.190788,0.137629,0.120180,0.079418,0.016008,0.038192
407,0.225916,0.172270,0.185304,0.141643,0.121037,0.097117,0.023868,0.032843
408,0.226067,0.192838,0.186334,0.142425,0.109972,0.089232,0.018102,0.035031
409,0.190673,0.155245,0.162096,0.146722,0.117416,0.118883,0.047652,0.061313
410,0.191589,0.154264,0.161944,0.147170,0.117625,0.119481,0.047278,0.060648
411,0.200690,0.164275,0.181367,0.152990,0.129731,0.109701,0.027018,0.034228
412,0.217607,0.163658,0.186888,0.147601,0.122140,0.100336,0.024989,0.036781
413,0.218634,0.170717,0.183847,0.144727,0.121494,0.101490,0.024954,0.034136
414,0.230820,0.182527,0.182299,0.143505,0.110367,0.084902,0.018690,0.046889
415,0.183131,0.148830,0.160284,0.142034,0.118145,0.116932,0.053086,0.077558
416,0.184413,0.148043,0.160232,0.142511,0.118327,0.117446,0.052453,0.076575
417,0.181669,0.145128,0.157000,0.144167,0.119191,0.122097,0.054118,0.076630
418,0.193133,0.151368,0.162898,0.146429,0.115423,0.119033,0.047615,0.064101
419,0.212856,0.166964,0.191499,0.149636,0.129591,0.100765,0.020847,0.027843
420,0.222833,0.185083,0.189348,0.143398,0.113341,0.089006,0.019121,0.037870
421,0.197927,0.165440,0.174122,0.142722,0.118599,0.111359,0.042631,0.047201
422,0.197382,0.162934,0.170406,0.146955,0.119559,0.113820,0.041926,0.047019
423,0.204506,0.166128,0.172119,0.144529,0.119408,0.110433,0.038252,0.044626
424,0.207257,0.167524,0.171373,0.146135,0.118895,0.109033,0.036496,0.043288
425,0.207173,0.166819,0.173551,0.143259,0.117624,0.110093,0.037050,0.044431
426,0.209177,0.167590,0.174643,0.142231,0.117145,0.109395,0.036197,0.043622
427,0.205346,0.173035,0.174030,0.138582,0.115278,0.111594,0.038014,0.044121
428,0.216625,0.173571,0.174233,0.149072,0.102831,0.096170,0.026854,0.060644
429,0.129016,0.098716,0.155921,0.127500,0.090085,0.100721,0.135374,0.162667
430,0.128383,0.098383,0.155324,0.126925,0.091432,0.102039,0.135438,0.162076
431,0.127611,0.097977,0.154855,0.126295,0.092871,0.103475,0.135516,0.161399
432,0.126605,0.097509,0.154393,0.125634,0.094648,0.105197,0.135739,0.160275
433,0.121091,0.095295,0.156674,0.124374,0.100400,0.109463,0.135995,0.156709
434,0.124391,0.095690,0.153093,0.123148,0.099153,0.111409,0.136904,0.156213
435,0.124073,0.095345,0.152802,0.124300,0.097809,0.108161,0.137075,0.160435
436,0.123413,0.093264,0.151057,0.123741,0.099330,0.111995,0.138135,0.159066
437,0.127429,0.097824,0.154791,0.126047,0.093501,0.103926,0.135599,0.160883
438,0.121936,0.095608,0.157026,0.124621,0.099185,0.108100,0.135824,0.157701
439,0.125553,0.096133,0.153278,0.123645,0.097625,0.109183,0.136660,0.157924
440,0.124544,0.095908,0.153474,0.124483,0.097344,0.107572,0.136598,0.160078
441,0.119634,0.093254,0.155276,0.122808,0.102758,0.112355,0.137494,0.156421
442,0.123583,0.092878,0.150569,0.123722,0.099376,0.112272,0.138326,0.159274
443,0.125665,0.096365,0.153935,0.123527,0.096862,0.108268,0.136491,0.158888
444,0.126230,0.096671,0.153901,0.125897,0.094353,0.104617,0.136273,0.162059
445,0.120778,0.094363,0.156015,0.124728,0.100018,0.108494,0.136704,0.158899
446,0.124365,0.095111,0.152117,0.124432,0.097876,0.108426,0.137404,0.160270
447,0.123077,0.092765,0.150901,0.123452,0.099482,0.112127,0.138412,0.159784
448,0.124440,0.095688,0.153216,0.123266,0.098656,0.109757,0.136907,0.158070
449,0.119921,0.093704,0.155328,0.124032,0.101446,0.110157,0.137242,0.158170
450,0.119104,0.090677,0.153144,0.123418,0.102919,0.114496,0.138951,0.157290
451,0.126051,0.095808,0.153315,0.125719,0.094516,0.105059,0.136781,0.162752
452,0.124528,0.095348,0.153179,0.124938,0.096528,0.106594,0.137043,0.161842
453,0.194574,0.160881,0.169680,0.136310,0.120216,0.099241,0.049023,0.070075
454,0.178362,0.157629,0.169853,0.138816,0.117964,0.120620,0.055108,0.061649
455,0.179716,0.155519,0.172016,0.138089,0.117555,0.121764,0.055230,0.060111
456,0.177610,0.152406,0.170458,0.140357,0.118174,0.126484,0.056091,0.058420
457,0.177244,0.150992,0.169191,0.141442,0.118293,0.129456,0.056266,0.057116
458,0.172718,0.146463,0.166095,0.144435,0.118864,0.134682,0.058447,0.058297
459,0.175549,0.148902,0.167425,0.142089,0.117714,0.134264,0.057326,0.056730
460,0.190844,0.154864,0.175575,0.143222,0.113936,0.124821,0.047607,0.049131
461,0.202928,0.163003,0.173299,0.138841,0.114382,0.119500,0.041921,0.046125
462,0.216185,0.182737,0.191985,0.156113,0.118780,0.086732,0.015642,0.031826
463,0.181796,0.159012,0.166716,0.136676,0.118438,0.114219,0.052814,0.070329
464,0.185124,0.154080,0.162152,0.144289,0.120103,0.115378,0.050781,0.068094
465,0.197161,0.154070,0.167034,0.146258,0.116191,0.110062,0.044756,0.064468
466,0.201719,0.155169,0.163134,0.149471,0.115312,0.110832,0.042986,0.061377
467,0.192643,0.153876,0.164758,0.150851,0.113734,0.119415,0.046835,0.057887
468,0.196022,0.152812,0.161989,0.151333,0.112591,0.118010,0.046607,0.060636
469,0.207940,0.166534,0.187818,0.149701,0.126192,0.105608,0.024504,0.031702
470,0.223995,0.168215,0.183408,0.143537,0.123237,0.099274,0.023729,0.034605
471,0.233368,0.184923,0.181442,0.142221,0.111092,0.082652,0.018151,0.046150
472,0.196748,0.154769,0.160416,0.142778,0.116864,0.104257,0.046395,0.077774
473,0.200164,0.154225,0.157038,0.145685,0.117131,0.105449,0.044861,0.075446
474,0.202797,0.153887,0.154638,0.147813,0.117306,0.106574,0.043674,0.073311
475,0.205850,0.154056,0.152962,0.148599,0.117550,0.107027,0.042371,0.071587
476,0.204874,0.152686,0.150021,0.146835,0.118926,0.109416,0.043577,0.073665
477,0.226198,0.175197,0.188294,0.147177,0.127532,0.094552,0.017930,0.023119
478,0.225883,0.185857,0.192479,0.139900,0.117434,0.084062,0.017058,0.037327
479,0.206930,0.165225,0.182302,0.144221,0.112346,0.103682,0.037977,0.047318
480,0.209351,0.165964,0.179910,0.145225,0.112963,0.104920,0.036627,0.045041
481,0.211562,0.166740,0.178238,0.145426,0.113341,0.105787,0.035560,0.043346
482,0.213397,0.167475,0.177264,0.145164,0.113596,0.106541,0.034670,0.041894
483,0.218384,0.175369,0.198674,0.147422,0.123581,0.096115,0.018514,0.021942
484,0.221881,0.174758,0.195638,0.142417,0.119592,0.099659,0.022324,0.023730
485,0.227701,0.179373,0.192701,0.140162,0.120385,0.094870,0.021079,0.023729
486,0.221373,0.194121,0.192530,0.141409,0.112399,0.092228,0.017484,0.028455
487,0.214088,0.174939,0.198052,0.147177,0.124729,0.097723,0.020066,0.023226
488,0.208671,0.172221,0.202276,0.143004,0.121710,0.103785,0.024379,0.023954
489,0.210163,0.171817,0.198451,0.143458,0.121154,0.105276,0.025182,0.024500
490,0.213868,0.173295,0.196839,0.142967,0.120207,0.102351,0.024921,0.025553
491,0.222778,0.181159,0.198221,0.143988,0.126661,0.089967,0.016709,0.020517
492,0.217506,0.197763,0.197540,0.139428,0.115520,0.094091,0.015790,0.022362
493,0.206853,0.168025,0.194996,0.146390,0.120889,0.108810,0.026980,0.027057
494,0.210844,0.170088,0.193629,0.145573,0.120042,0.105425,0.026499,0.027900
495,0.220222,0.175286,0.191412,0.141858,0.120654,0.099202,0.023900,0.027466
496,0.213553,0.194132,0.194209,0.153899,0.117923,0.091803,0.013647,0.020833
497,0.198455,0.164909,0.193715,0.149338,0.124941,0.113491,0.027426,0.027724
498,0.206485,0.175150,0.198238,0.147894,0.129636,0.099777,0.020031,0.022790
499,0.215707,0.176683,0.203030,0.140108,0.124784,0.096914,0.020236,0.022537
500,0.218069,0.199564,0.193214,0.139014,0.114286,0.095596,0.016380,0.023876
501,0.201575,0.168231,0.194674,0.145246,0.122971,0.106399,0.029555,0.031349
502,0.200446,0.167061,0.190830,0.146370,0.123470,0.108441,0.030776,0.032606
503,0.211327,0.170902,0.192097,0.145313,0.119735,0.102035,0.027629,0.030961
504,0.218712,0.175752,0.189869,0.141317,0.120703,0.097263,0.025202,0.031182
505,0.224091,0.193869,0.183613,0.145010,0.107774,0.093439,0.019117,0.033087
506,0.198725,0.166856,0.172581,0.137717,0.115924,0.118138,0.042610,0.047449
507,0.212604,0.175180,0.173792,0.147653,0.103020,0.096356,0.028891,0.062504
508,0.123735,0.093768,0.151347,0.123949,0.099130,0.111828,0.137828,0.158415
509,0.193727,0.162826,0.167060,0.134371,0.120029,0.096618,0.050018,0.075352
510,0.183503,0.159403,0.167480,0.134890,0.118627,0.111562,0.051784,0.072750
511,0.177580,0.152219,0.163046,0.141731,0.119597,0.120417,0.054464,0.070945
512,0.180597,0.149537,0.167625,0.142554,0.118576,0.119914,0.052675,0.068522
513,0.182413,0.148594,0.166295,0.144436,0.118481,0.120357,0.051852,0.067572
514,0.184683,0.147708,0.166062,0.144505,0.118391,0.118808,0.050885,0.068958
515,0.187492,0.149022,0.164232,0.146438,0.117463,0.119895,0.049850,0.065609
516,0.191385,0.150538,0.163482,0.146255,0.116834,0.118751,0.048449,0.064305
517,0.206266,0.160324,0.163560,0.147065,0.113692,0.114331,0.040605,0.054158
518,0.218980,0.165564,0.155735,0.149184,0.102228,0.084243,0.030317,0.093750
519,0.124073,0.095345,0.152802,0.124300,0.097809,0.108161,0.137075,0.160435
520,0.123413,0.093264,0.151057,0.123741,0.099330,0.111995,0.138135,0.159066
521,0.127947,0.097929,0.155049,0.127522,0.091348,0.101701,0.135836,0.162667
522,0.127319,0.097575,0.154629,0.126846,0.092663,0.102988,0.135830,0.162151
523,0.126590,0.097192,0.154219,0.126165,0.094141,0.104432,0.135887,0.161374
524,0.125511,0.096654,0.153746,0.125470,0.096015,0.106172,0.136207,0.160225
525,0.120267,0.094222,0.155680,0.124178,0.101277,0.110023,0.136813,0.157540
526,0.185144,0.155249,0.171014,0.138215,0.125487,0.092471,0.053701,0.078720
527,0.184502,0.152859,0.182511,0.129859,0.117136,0.091825,0.050558,0.090751
528,0.191010,0.152986,0.177878,0.134055,0.117265,0.093352,0.046724,0.086730
529,0.194258,0.152791,0.173653,0.136119,0.118039,0.095733,0.045118,0.084288
530,0.196970,0.152795,0.169742,0.137378,0.118483,0.097548,0.044315,0.082769
531,0.127089,0.113659,0.162840,0.115840,0.095954,0.101980,0.133366,0.149272
532,0.194462,0.183939,0.166141,0.128313,0.118274,0.097290,0.048833,0.062748
533,0.176983,0.169619,0.156649,0.129849,0.127802,0.114195,0.056602,0.068302
534,0.169835,0.162027,0.151503,0.133305,0.131057,0.119574,0.059574,0.073125
535,0.168607,0.161358,0.146788,0.136291,0.130759,0.121977,0.060056,0.074165
536,0.179826,0.150470,0.175320,0.142156,0.116737,0.127243,0.052661,0.055587
537,0.181617,0.150133,0.174889,0.142581,0.116518,0.127652,0.052011,0.054599
538,0.183362,0.150813,0.173686,0.142613,0.116460,0.128370,0.051334,0.053361
539,0.187032,0.153577,0.172605,0.141986,0.115348,0.126894,0.049979,0.052580
540,0.199970,0.162066,0.171078,0.137891,0.115185,0.120529,0.043450,0.049831
541,0.212592,0.173998,0.172900,0.143745,0.105583,0.092459,0.029532,0.069190
542,0.200243,0.166617,0.155750,0.148452,0.124739,0.116532,0.044573,0.043094
543,0.209682,0.178795,0.160858,0.151670,0.125676,0.119173,0.032672,0.021474
544,0.192981,0.174897,0.171922,0.145619,0.120537,0.132790,0.040444,0.020810
545,0.204586,0.179329,0.175418,0.142537,0.116055,0.125637,0.037223,0.019214
546,0.205726,0.179456,0.173981,0.142846,0.115347,0.125941,0.037298,0.019403
547,0.207373,0.178685,0.172364,0.142904,0.115483,0.126029,0.037388,0.019772
548,0.208900,0.180702,0.171737,0.142955,0.113891,0.125649,0.036667,0.019498
549,0.209435,0.182063,0.170950,0.143351,0.113445,0.125724,0.035847,0.019185
550,0.219236,0.188098,0.173394,0.142143,0.112017,0.115470,0.030850,0.018793
551,0.231951,0.200158,0.191009,0.129721,0.107467,0.096091,0.018634,0.024969
552,0.104082,0.120799,0.096190,0.018879,0.056989,0.253965,0.163764,0.185333
553,0.119116,0.091309,0.153657,0.123410,0.102745,0.114009,0.138617,0.157136
554,0.222057,0.180419,0.187516,0.154381,0.102101,0.047955,0.031096,0.074475
555,0.209402,0.170162,0.167158,0.132405,0.112341,0.070021,0.040372,0.098138
556,0.214745,0.175720,0.154586,0.134659,0.117588,0.077233,0.034895,0.090573
557,0.108659,0.083710,0.113641,0.030571,0.066060,0.254692,0.154768,0.187898
558,0.104452,0.085013,0.115901,0.030055,0.065284,0.259273,0.156369,0.183653
559,0.102649,0.088274,0.118591,0.030268,0.065588,0.262858,0.154552,0.177220
560,0.102861,0.088320,0.115555,0.029519,0.064115,0.260742,0.157227,0.181662
561,0.101329,0.092343,0.116850,0.029771,0.064757,0.264621,0.156057,0.174271
562,0.104128,0.097136,0.108482,0.026987,0.060224,0.269016,0.159665,0.174361
563,0.102997,0.118317,0.094505,0.017338,0.057215,0.271996,0.159779,0.177853
564,0.124286,0.095374,0.152676,0.123026,0.098956,0.110185,0.137179,0.158320
565,0.123524,0.093112,0.150512,0.123843,0.098611,0.111532,0.138756,0.160109
566,0.123735,0.093768,0.151347,0.123949,0.099130,0.111828,0.137828,0.158415
567,0.125529,0.098229,0.160230,0.128949,0.092364,0.101578,0.134657,0.158463
568,0.130226,0.099126,0.155954,0.128270,0.089536,0.100405,0.135221,0.161263
569,0.128971,0.098617,0.155741,0.126958,0.091072,0.101596,0.135214,0.161831
570,0.128110,0.098224,0.155149,0.126231,0.092696,0.103195,0.135419,0.160975
571,0.127095,0.097778,0.154708,0.125362,0.094427,0.105106,0.135637,0.159887
572,0.126185,0.097052,0.154148,0.123854,0.096633,0.108065,0.136113,0.157949
573,0.121029,0.094812,0.156500,0.123347,0.101299,0.110972,0.136400,0.155641
574,0.125117,0.096077,0.153094,0.124757,0.097242,0.107733,0.136593,0.159388
575,0.123884,0.094999,0.152756,0.122944,0.099131,0.110343,0.137251,0.158693
576,0.119068,0.091237,0.153641,0.123395,0.102794,0.114053,0.138622,0.157191
577,0.127942,0.097352,0.154420,0.127266,0.091525,0.102102,0.136301,0.163090
578,0.126779,0.096883,0.154408,0.126402,0.092907,0.103203,0.136231,0.163188
579,0.200408,0.164245,0.172229,0.137467,0.119143,0.094927,0.043953,0.067629
580,0.212077,0.173461,0.177295,0.152565,0.122649,0.105062,0.028340,0.028551
581,0.211445,0.177181,0.182795,0.144657,0.115332,0.108103,0.031602,0.028886
582,0.214286,0.178241,0.176790,0.152924,0.115936,0.103284,0.030226,0.028313
583,0.220783,0.180270,0.176663,0.151758,0.115365,0.098872,0.028572,0.027716
584,0.222782,0.181230,0.175266,0.153034,0.115963,0.097108,0.027453,0.027163
585,0.219605,0.181473,0.175808,0.153313,0.117040,0.097543,0.027604,0.027615
586,0.240315,0.184807,0.168145,0.159569,0.113695,0.087103,0.022732,0.023633
587,0.241578,0.187181,0.172503,0.154552,0.114314,0.084147,0.021720,0.024007
588,0.238678,0.189131,0.192009,0.126631,0.116450,0.086210,0.016175,0.034715
589,0.219338,0.177406,0.173766,0.145841,0.098609,0.104385,0.029802,0.050854
590,0.206002,0.166256,0.179953,0.142659,0.117898,0.098402,0.038302,0.050527
591,0.195969,0.168531,0.177658,0.138291,0.117073,0.115770,0.044661,0.042046
592,0.204525,0.171111,0.171877,0.143208,0.116711,0.112205,0.040766,0.039597
593,0.202304,0.168274,0.173706,0.143059,0.118503,0.113325,0.040482,0.040347
594,0.204524,0.168977,0.172281,0.143253,0.118558,0.113913,0.039252,0.039242
595,0.224770,0.190896,0.182311,0.144003,0.121209,0.099945,0.019858,0.017009
596,0.220611,0.186035,0.188994,0.139328,0.117214,0.105313,0.024349,0.018156
597,0.223154,0.185485,0.188991,0.139610,0.116683,0.102469,0.024289,0.019320
598,0.218766,0.189645,0.189361,0.137896,0.116548,0.102819,0.024965,0.020000
599,0.217126,0.203072,0.190596,0.137156,0.110466,0.102017,0.019319,0.020248
600,0.212028,0.173581,0.170492,0.142794,0.114820,0.118143,0.036906,0.031237
601,0.212808,0.174181,0.170794,0.142495,0.114241,0.118768,0.036288,0.030425
602,0.214905,0.176469,0.171766,0.142199,0.112692,0.117373,0.035145,0.029450
603,0.225570,0.183242,0.169501,0.142612,0.112578,0.109843,0.030128,0.026527
604,0.219376,0.197279,0.192483,0.147952,0.114333,0.095804,0.015102,0.017671
605,0.227308,0.188723,0.166948,0.149053,0.119938,0.102267,0.024762,0.021002
606,0.219410,0.188327,0.175889,0.139445,0.115126,0.111687,0.030223,0.019894
607,0.223789,0.195829,0.181042,0.140605,0.120391,0.102183,0.021453,0.014706
608,0.230977,0.190305,0.186858,0.139321,0.111459,0.100277,0.025135,0.015668
609,0.228907,0.195664,0.186262,0.141463,0.115547,0.100127,0.019986,0.012044
610,0.224411,0.190030,0.195224,0.138087,0.110796,0.103519,0.024258,0.013675
611,0.228215,0.191918,0.189884,0.140545,0.109948,0.101541,0.023985,0.013965
612,0.231792,0.195558,0.189328,0.139634,0.110258,0.096809,0.022227,0.014394
613,0.225329,0.210520,0.181849,0.133244,0.103361,0.112947,0.018116,0.014635
614,0.217572,0.206035,0.182944,0.143104,0.106172,0.108131,0.019363,0.016679
615,0.223028,0.189781,0.181640,0.140945,0.111518,0.109281,0.027335,0.016471
616,0.216946,0.201257,0.186062,0.142219,0.105822,0.106165,0.021166,0.020363
617,0.215583,0.177192,0.170754,0.140164,0.113173,0.118268,0.036636,0.028230
618,0.216163,0.176753,0.177513,0.145815,0.101729,0.103708,0.029297,0.049021
619,0.125516,0.096652,0.153849,0.123671,0.097521,0.108834,0.136283,0.157674
620,0.120395,0.094395,0.156194,0.123181,0.102151,0.111658,0.136659,0.155366
621,0.124656,0.095525,0.152428,0.124577,0.097713,0.108319,0.137045,0.159737
622,0.118979,0.091091,0.153660,0.123307,0.102764,0.114047,0.138660,0.157493
623,0.127664,0.097374,0.154260,0.124054,0.094926,0.106842,0.136169,0.158710
624,0.207396,0.168471,0.163578,0.144957,0.120491,0.107411,0.041913,0.045782
625,0.195295,0.168394,0.164405,0.141628,0.119516,0.126249,0.048599,0.035914
626,0.195023,0.166449,0.162699,0.142572,0.120208,0.128708,0.049061,0.035280
627,0.193714,0.165022,0.160911,0.144004,0.120610,0.132118,0.049435,0.034188
628,0.192937,0.164366,0.159931,0.144486,0.120327,0.134971,0.049669,0.033314
629,0.186274,0.162719,0.159275,0.146280,0.119919,0.141378,0.051802,0.032353
630,0.196399,0.179061,0.181137,0.148483,0.123467,0.125381,0.028535,0.017538
631,0.183085,0.168953,0.186701,0.146532,0.120856,0.137167,0.037146,0.019560
632,0.211223,0.187981,0.191059,0.143146,0.121248,0.109696,0.021356,0.014291
633,0.210688,0.196323,0.198980,0.136748,0.106858,0.113523,0.021442,0.015437
634,0.202964,0.186911,0.177389,0.144946,0.122293,0.121795,0.028449,0.015254
635,0.210230,0.190717,0.175226,0.144531,0.117589,0.120700,0.027352,0.013655
636,0.196301,0.181918,0.186546,0.142660,0.115166,0.129341,0.033435,0.014634
637,0.199696,0.182623,0.184254,0.143793,0.113909,0.127813,0.032793,0.015119
638,0.199107,0.182063,0.185966,0.140465,0.115312,0.126787,0.033702,0.016598
639,0.215077,0.210054,0.167574,0.146336,0.098703,0.128977,0.022354,0.010926
640,0.198404,0.182580,0.174299,0.143014,0.111025,0.138221,0.037317,0.015140
641,0.206420,0.205106,0.173237,0.141864,0.101331,0.132579,0.025992,0.013470
642,0.205633,0.183956,0.173303,0.140629,0.110470,0.134889,0.035499,0.015622
643,0.213892,0.206667,0.183252,0.137809,0.102746,0.117676,0.022661,0.015297
644,0.204159,0.203257,0.180349,0.141330,0.103321,0.119076,0.028284,0.020224
645,0.179544,0.160409,0.140837,0.145819,0.119952,0.162806,0.065137,0.025497
646,0.185575,0.162789,0.142087,0.144039,0.117054,0.160033,0.062550,0.025872
647,0.212607,0.175504,0.138838,0.135200,0.112879,0.149997,0.052060,0.022914
648,0.150497,0.141817,0.093704,0.021996,0.026762,0.125350,0.216609,0.223264
649,0.151937,0.125447,0.152465,0.060144,0.037944,0.083440,0.178462,0.210160
650,0.150047,0.126556,0.155859,0.057708,0.035781,0.087564,0.190562,0.195924
651,0.162010,0.132812,0.134995,0.064153,0.023476,0.048461,0.200826,0.233266
652,0.169592,0.137812,0.135330,0.062336,0.024565,0.049376,0.191852,0.229138
653,0.171279,0.149773,0.148777,0.067513,0.021008,0.050943,0.189285,0.201422
654,0.169613,0.151215,0.142710,0.067174,0.019854,0.051608,0.194816,0.203010
655,0.168580,0.156194,0.140767,0.069988,0.019794,0.050601,0.192215,0.201861
656,0.168372,0.167902,0.140097,0.080886,0.018544,0.045407,0.187398,0.191394
657,0.213166,0.149848,0.136538,0.070041,0.018600,0.017785,0.103860,0.290161
658,0.207305,0.164471,0.179240,0.100771,0.027453,0.030330,0.086640,0.203790
659,0.212412,0.165648,0.175953,0.109358,0.027658,0.026307,0.074808,0.207854
660,0.248395,0.195170,0.141885,0.074126,0.024124,0.019876,0.066805,0.229621
661,0.246665,0.188048,0.140851,0.090193,0.025082,0.018355,0.060023,0.230784
662,0.178401,0.144083,0.156509,0.109919,0.088144,0.066809,0.064620,0.191515
663,0.180089,0.143799,0.156523,0.110668,0.084425,0.064016,0.065024,0.195455
664,0.182754,0.143589,0.156287,0.112805,0.078104,0.058703,0.065751,0.202006
665,0.192817,0.146120,0.154334,0.118617,0.067428,0.048309,0.061334,0.211041
666,0.220637,0.152225,0.160113,0.124050,0.043059,0.031004,0.059659,0.209252
667,0.123557,0.093454,0.151109,0.123732,0.099267,0.111930,0.138084,0.158866
668,0.124680,0.096063,0.153014,0.124614,0.097513,0.107943,0.136665,0.159507
669,0.123735,0.093768,0.151347,0.123949,0.099130,0.111828,0.137828,0.158415
670,0.125726,0.098737,0.158824,0.137487,0.085932,0.094932,0.135325,0.163038
671,0.125726,0.098737,0.158824,0.137487,0.085932,0.094932,0.135325,0.163038
672,0.125726,0.098737,0.158824,0.137487,0.085932,0.094932,0.135325,0.163038
673,0.125726,0.098737,0.158824,0.137487,0.085932,0.094932,0.135325,0.163038
674,0.125726,0.098737,0.158824,0.137487,0.085932,0.094932,0.135325,0.163038
675,0.125726,0.098737,0.158824,0.137487,0.085932,0.094932,0.135325,0.163038
676,0.125726,0.098737,0.158824,0.137487,0.085932,0.094932,0.135325,0.163038
677,0.125726,0.098737,0.158824,0.137487,0.085932,0.094932,0.135325,0.163038
678,0.130060,0.100174,0.157628,0.134544,0.086075,0.096922,0.135338,0.159260
679,0.201034,0.164496,0.150455,0.145207,0.123639,0.120546,0.048828,0.045796
680,0.188601,0.162061,0.159960,0.139618,0.119141,0.133719,0.055524,0.041376
681,0.216105,0.183551,0.175031,0.144271,0.121773,0.110575,0.027986,0.020707
682,0.208225,0.178691,0.181076,0.136840,0.119183,0.120863,0.034924,0.020199
683,0.219774,0.189005,0.166184,0.142911,0.115635,0.122780,0.028654,0.015057
684,0.208054,0.180162,0.184330,0.139811,0.113920,0.122339,0.033145,0.018239
685,0.219583,0.191278,0.172428,0.142217,0.115459,0.119453,0.025685,0.013897
686,0.214792,0.184805,0.185405,0.139186,0.113451,0.117241,0.028339,0.016781
687,0.210744,0.187146,0.185372,0.138802,0.112105,0.121440,0.028413,0.015979
688,0.209915,0.204933,0.193890,0.139432,0.103675,0.109227,0.021734,0.017195
689,0.212965,0.190427,0.190517,0.144199,0.118397,0.104917,0.021503,0.017075
690,0.213371,0.206530,0.192521,0.137909,0.107147,0.107947,0.018777,0.015799
691,0.212880,0.186570,0.190488,0.137405,0.117364,0.111071,0.025863,0.018359
692,0.209758,0.204997,0.199423,0.136144,0.105274,0.104637,0.020905,0.018861
693,0.205685,0.179194,0.189579,0.141643,0.119791,0.112960,0.028788,0.022361
694,0.209526,0.193662,0.203850,0.150967,0.111579,0.097606,0.015584,0.017227
695,0.197881,0.164556,0.200216,0.146512,0.126244,0.109472,0.027009,0.028110
696,0.199569,0.164619,0.194363,0.145306,0.125836,0.111543,0.028735,0.030029
697,0.215438,0.172917,0.192899,0.140962,0.123172,0.101564,0.024439,0.028609
698,0.221001,0.191105,0.188570,0.143204,0.109153,0.095109,0.019188,0.032670
699,0.201915,0.174491,0.171136,0.154395,0.115034,0.131487,0.030931,0.020611
700,0.200887,0.171685,0.177599,0.151958,0.112635,0.129515,0.033933,0.021788
701,0.209562,0.177799,0.172547,0.152521,0.111572,0.123976,0.031672,0.020350
702,0.204987,0.180884,0.178700,0.145151,0.112747,0.123177,0.032934,0.021420
703,0.210691,0.201632,0.185456,0.142868,0.108426,0.107150,0.021770,0.022006
704,0.203163,0.173896,0.150866,0.138230,0.119890,0.136517,0.048446,0.028990
705,0.208059,0.177220,0.150843,0.137951,0.117272,0.135677,0.046081,0.026897
706,0.209167,0.178073,0.152378,0.138459,0.115951,0.134418,0.044831,0.026722
707,0.214564,0.184441,0.155005,0.135479,0.115142,0.128415,0.041365,0.025589
708,0.214979,0.179988,0.175710,0.143438,0.097389,0.111620,0.032889,0.043987
709,0.125532,0.098191,0.157718,0.124793,0.095423,0.104387,0.133918,0.160037
710,0.125212,0.098055,0.157393,0.123681,0.096733,0.106063,0.133974,0.158889
711,0.124648,0.097113,0.156867,0.121821,0.098856,0.109949,0.134488,0.156257
712,0.124648,0.097113,0.156867,0.121821,0.098856,0.109949,0.134488,0.156257
713,0.125532,0.098191,0.157718,0.124793,0.095423,0.104387,0.133918,0.160037
714,0.125212,0.098055,0.157393,0.123681,0.096733,0.106063,0.133974,0.158889
715,0.124648,0.097113,0.156867,0.121821,0.098856,0.109949,0.134488,0.156257
716,0.124648,0.097113,0.156867,0.121821,0.098856,0.109949,0.134488,0.156257
717,0.124648,0.097113,0.156867,0.121821,0.098856,0.109949,0.134488,0.156257
718,0.124648,0.097113,0.156867,0.121821,0.098856,0.109949,0.134488,0.156257
719,0.148706,0.105701,0.099845,0.021062,0.044729,0.224782,0.167255,0.187920
720,0.112768,0.091503,0.104914,0.026051,0.065078,0.260582,0.162467,0.176637
721,0.109271,0.091102,0.106326,0.027062,0.066773,0.264155,0.160102,0.175209
722,0.106373,0.091554,0.106986,0.027027,0.066418,0.268472,0.159404,0.173766
723,0.104035,0.092017,0.106996,0.026894,0.065774,0.272015,0.159621,0.172648
724,0.101750,0.092437,0.106074,0.026549,0.064850,0.276488,0.160873,0.170979
725,0.100920,0.093148,0.103726,0.025823,0.063637,0.280804,0.162212,0.169730
726,0.098057,0.094045,0.100624,0.025639,0.062579,0.288095,0.165141,0.165820
727,0.134600,0.131747,0.078529,0.013584,0.029614,0.231784,0.189329,0.190813
728,0.094569,0.125331,0.082044,0.014447,0.039682,0.270091,0.200353,0.173482
729,0.117732,0.090587,0.108479,0.026302,0.063371,0.255070,0.157360,0.181099
730,0.112081,0.090118,0.109912,0.026862,0.064259,0.262313,0.158281,0.176174
731,0.109449,0.090142,0.109960,0.026845,0.063608,0.266530,0.158853,0.174612
732,0.106908,0.090225,0.109149,0.026704,0.062677,0.271100,0.160294,0.172943
733,0.106370,0.091621,0.108116,0.026134,0.061024,0.273885,0.160227,0.172623
734,0.100556,0.090076,0.103334,0.026134,0.060541,0.281630,0.167815,0.169913
735,0.101305,0.094072,0.097595,0.024546,0.056143,0.285390,0.172382,0.168566
736,0.101897,0.109956,0.072603,0.014039,0.045137,0.288096,0.192817,0.175456
737,0.123822,0.094397,0.152247,0.122839,0.099262,0.111695,0.137629,0.158110
738,0.123512,0.093383,0.151075,0.123766,0.099274,0.111943,0.138112,0.158935
739,0.124254,0.095285,0.153170,0.123132,0.099299,0.111461,0.136580,0.156819
740,0.124694,0.094169,0.152105,0.124123,0.096769,0.110866,0.137934,0.159340
741,0.124569,0.094242,0.152061,0.123362,0.097422,0.111082,0.138058,0.159204
742,0.124136,0.093272,0.150661,0.124231,0.097418,0.111376,0.138627,0.160279
743,0.125901,0.096461,0.154943,0.123684,0.095616,0.109558,0.136193,0.157643
744,0.125744,0.096427,0.155079,0.123650,0.095952,0.109596,0.136118,0.157434
745,0.125817,0.096678,0.155450,0.122814,0.096359,0.109714,0.135997,0.157171
746,0.125228,0.096234,0.155184,0.123320,0.096035,0.109242,0.136673,0.158085
747,0.125554,0.096619,0.155076,0.123678,0.096341,0.108905,0.136140,0.157686
748,0.125645,0.096877,0.155655,0.122855,0.096992,0.109947,0.135647,0.156383
749,0.122157,0.095187,0.157528,0.122245,0.100780,0.112282,0.135799,0.154022
750,0.126344,0.096123,0.153310,0.123165,0.096683,0.109873,0.136609,0.157893
751,0.126131,0.096245,0.153953,0.122513,0.097468,0.109128,0.135991,0.158571
752,0.125696,0.096531,0.153848,0.122682,0.097657,0.109303,0.136240,0.158044
753,0.121170,0.092643,0.155092,0.122877,0.099732,0.112525,0.138096,0.157865
754,0.155402,0.137104,0.155966,0.082299,0.033486,0.045015,0.140626,0.250103
755,0.176558,0.140247,0.141344,0.075785,0.029450,0.044595,0.143929,0.248092
756,0.176134,0.135177,0.133764,0.074837,0.031343,0.043317,0.148808,0.256620
757,0.170654,0.142484,0.147372,0.070274,0.024900,0.046620,0.171153,0.226543
758,0.167457,0.139627,0.142371,0.065806,0.021076,0.048331,0.194506,0.220827
759,0.167934,0.142923,0.143477,0.068665,0.020133,0.048891,0.197034,0.210943
760,0.169529,0.145473,0.142127,0.069721,0.019888,0.048126,0.194519,0.210618
761,0.170506,0.149157,0.142054,0.071760,0.019697,0.047222,0.192055,0.207549
762,0.202027,0.149340,0.157680,0.079251,0.029006,0.028711,0.107686,0.246298
763,0.249831,0.193752,0.147061,0.048109,0.017260,0.022121,0.087792,0.234075
764,0.247677,0.196682,0.149894,0.054112,0.016802,0.021209,0.086706,0.226919
765,0.244439,0.190249,0.150314,0.082213,0.017709,0.015668,0.068743,0.230666
766,0.187172,0.152913,0.164885,0.104402,0.072497,0.055750,0.064115,0.198266
767,0.180607,0.142630,0.164388,0.114878,0.071238,0.054539,0.069339,0.202382
768,0.182351,0.142114,0.163396,0.118021,0.067313,0.051148,0.069240,0.206418
769,0.184871,0.141770,0.161662,0.122325,0.061695,0.046238,0.069003,0.212436
770,0.194246,0.143770,0.157156,0.130566,0.053875,0.037975,0.062416,0.219997
771,0.212963,0.145938,0.157688,0.135923,0.043611,0.029014,0.062297,0.212566
772,0.126179,0.098814,0.158654,0.127011,0.092857,0.103142,0.134228,0.159115
773,0.126179,0.098814,0.158654,0.127011,0.092857,0.103142,0.134228,0.159115
774,0.125778,0.098747,0.158730,0.133079,0.088391,0.098086,0.133814,0.163374
775,0.125778,0.098747,0.158730,0.133079,0.088391,0.098086,0.133814,0.163374
776,0.125778,0.098747,0.158730,0.133079,0.088391,0.098086,0.133814,0.163374
777,0.125778,0.098747,0.158730,0.133079,0.088391,0.098086,0.133814,0.163374
778,0.125778,0.098747,0.158730,0.133079,0.088391,0.098086,0.133814,0.163375
779,0.126156,0.098973,0.158878,0.133902,0.087704,0.096945,0.133451,0.163992
780,0.126100,0.098975,0.158830,0.133496,0.087953,0.097353,0.133487,0.163806
781,0.125778,0.098747,0.158730,0.133079,0.088391,0.098086,0.133814,0.163374
782,0.206053,0.160805,0.184006,0.139860,0.117403,0.090818,0.039478,0.061576
783,0.196930,0.161947,0.184756,0.137820,0.113937,0.101563,0.041737,0.061310
784,0.205944,0.161460,0.177788,0.143441,0.113564,0.100650,0.038937,0.058215
785,0.211386,0.161134,0.171942,0.149071,0.112956,0.098774,0.036884,0.057854
786,0.215334,0.161626,0.168062,0.150965,0.113325,0.099573,0.035603,0.055512
787,0.218431,0.162179,0.165571,0.151632,0.113628,0.100346,0.034613,0.053600
788,0.221347,0.162862,0.163909,0.151575,0.113870,0.100905,0.033711,0.051820
789,0.224446,0.163683,0.162683,0.151157,0.113979,0.101075,0.033023,0.049955
790,0.232457,0.168196,0.160002,0.151497,0.114350,0.097203,0.029606,0.046689
791,0.211876,0.196596,0.112658,0.041075,0.015644,0.045194,0.157062,0.219895
792,0.211335,0.199190,0.114621,0.045199,0.015145,0.042059,0.153534,0.218917
793,0.209198,0.205418,0.116944,0.054697,0.015582,0.039907,0.145916,0.212338
794,0.168822,0.153158,0.148232,0.070934,0.027594,0.065816,0.172409,0.193036
795,0.176669,0.157113,0.137278,0.067578,0.026167,0.061977,0.171169,0.202049
796,0.208059,0.185137,0.115350,0.038670,0.022515,0.066539,0.158654,0.205077
797,0.251465,0.166396,0.139598,0.046260,0.017484,0.019819,0.092133,0.266846
798,0.192496,0.152152,0.189826,0.100076,0.039230,0.036465,0.084320,0.205435
799,0.188457,0.150851,0.182055,0.101884,0.044391,0.044268,0.087732,0.200362
800,0.188672,0.150650,0.180801,0.104654,0.043528,0.043718,0.088020,0.199956
801,0.184466,0.148177,0.187106,0.102252,0.042083,0.045394,0.092579,0.197943
802,0.185757,0.148024,0.184281,0.104114,0.041172,0.044034,0.091739,0.200879
803,0.187675,0.148528,0.179490,0.107177,0.039674,0.041278,0.089901,0.206276
804,0.183621,0.142076,0.176421,0.116079,0.038745,0.038631,0.093802,0.210624
805,0.203006,0.154386,0.179425,0.093478,0.024250,0.027057,0.095570,0.222829
806,0.221010,0.166445,0.165756,0.096601,0.028625,0.015449,0.060007,0.246105
807,0.248979,0.175752,0.155520,0.114194,0.021175,0.014135,0.050490,0.219755
808,0.206836,0.154603,0.157815,0.137683,0.098824,0.068249,0.044429,0.131560
809,0.206265,0.156413,0.158401,0.137411,0.100904,0.074006,0.043886,0.122713
810,0.201677,0.149533,0.150621,0.140385,0.102546,0.072113,0.046367,0.136758
811,0.204854,0.150703,0.150666,0.138864,0.100105,0.067943,0.045885,0.140979
812,0.214171,0.153542,0.149653,0.139922,0.095353,0.060373,0.042888,0.144099
813,0.255760,0.162986,0.161910,0.140727,0.053070,0.028046,0.033572,0.163929
814,0.214101,0.148879,0.143705,0.150070,0.114896,0.075462,0.037321,0.115566
815,0.218190,0.147450,0.144318,0.142899,0.074161,0.040364,0.041170,0.191447
816,0.125511,0.096654,0.153746,0.125470,0.096015,0.106172,0.136207,0.160225
817,0.120267,0.094222,0.155680,0.124178,0.101277,0.110023,0.136813,0.157540
818,0.123846,0.093321,0.150846,0.123897,0.099236,0.112147,0.138017,0.158688
819,0.129200,0.098707,0.156032,0.128903,0.088905,0.099349,0.135779,0.163125
820,0.128606,0.098333,0.155483,0.128206,0.090130,0.100507,0.135817,0.162919
821,0.127947,0.097929,0.155049,0.127522,0.091348,0.101701,0.135836,0.162667
822,0.122824,0.095835,0.157230,0.125954,0.096646,0.105339,0.135852,0.160320
823,0.126640,0.096646,0.153572,0.126021,0.094292,0.104804,0.136316,0.161709
824,0.124951,0.095954,0.153519,0.125111,0.096283,0.106379,0.136612,0.161192
825,0.124242,0.095509,0.152693,0.124420,0.097774,0.108135,0.137072,0.160155
826,0.119116,0.091309,0.153657,0.123410,0.102745,0.114009,0.138617,0.157136
827,0.127352,0.097016,0.153982,0.126649,0.092822,0.103372,0.136278,0.162530
828,0.126066,0.096504,0.153988,0.125761,0.094384,0.104636,0.136284,0.162378
829,0.125116,0.096119,0.153421,0.125240,0.096249,0.106357,0.136607,0.160890
830,0.124305,0.095572,0.152700,0.124449,0.097710,0.108090,0.137062,0.160112
831,0.123512,0.093383,0.151075,0.123766,0.099274,0.111943,0.138112,0.158935
832,0.126590,0.097192,0.154219,0.126165,0.094141,0.104432,0.135887,0.161374
833,0.125511,0.096654,0.153746,0.125470,0.096015,0.106172,0.136207,0.160225
834,0.124680,0.096063,0.153014,0.124614,0.097513,0.107943,0.136665,0.159507
835,0.123594,0.093612,0.151081,0.124075,0.098668,0.111654,0.138214,0.159102
836,0.125541,0.096912,0.155372,0.123373,0.096709,0.109570,0.135836,0.156687
837,0.214607,0.167691,0.160184,0.147398,0.121805,0.110159,0.038639,0.039517
838,0.213200,0.171469,0.168770,0.139945,0.111726,0.113098,0.042454,0.039339
839,0.222544,0.175918,0.160025,0.145878,0.112162,0.109154,0.038779,0.035540
840,0.226896,0.178025,0.155547,0.148833,0.113374,0.107751,0.036486,0.033088
841,0.229606,0.179244,0.153403,0.149484,0.114563,0.106960,0.035049,0.031692
842,0.232258,0.180791,0.152336,0.149943,0.114522,0.106117,0.033673,0.030360
843,0.232538,0.180862,0.153289,0.150138,0.113753,0.105442,0.033340,0.030639
844,0.235261,0.182713,0.152080,0.150155,0.112174,0.105063,0.032779,0.029775
845,0.240387,0.188223,0.151369,0.149888,0.111691,0.099771,0.030119,0.028552
846,0.226491,0.176601,0.173981,0.146751,0.098461,0.098627,0.027941,0.051147
847,0.129897,0.100262,0.157878,0.131057,0.087774,0.098497,0.134136,0.160499
848,0.192780,0.162138,0.167147,0.134793,0.120174,0.097898,0.050405,0.074666
849,0.182366,0.159197,0.169692,0.133391,0.118368,0.111832,0.052356,0.072798
850,0.189657,0.157399,0.167509,0.138116,0.117943,0.109800,0.049004,0.070572
851,0.192520,0.156179,0.164274,0.142037,0.118604,0.111353,0.047310,0.067724
852,0.195813,0.156167,0.161694,0.144848,0.118073,0.111885,0.045830,0.065690
853,0.187212,0.153841,0.162784,0.146255,0.116270,0.120134,0.050028,0.063478
854,0.189849,0.152650,0.160421,0.146445,0.115100,0.119290,0.049914,0.066332
855,0.192586,0.154606,0.159270,0.146803,0.114287,0.119960,0.048599,0.063890
856,0.211520,0.161337,0.161065,0.148949,0.111896,0.111404,0.039432,0.054397
857,0.221683,0.168240,0.158170,0.150090,0.101630,0.085633,0.028474,0.086081
858,0.126041,0.096957,0.154036,0.125332,0.095458,0.105745,0.135964,0.160468
859,0.120488,0.095579,0.157731,0.125471,0.099869,0.107911,0.135932,0.157018
860,0.124191,0.096437,0.153730,0.125331,0.097689,0.107423,0.136645,0.158554
861,0.122617,0.095765,0.153249,0.124056,0.099466,0.108956,0.137148,0.158744
862,0.117754,0.092374,0.154209,0.123249,0.104622,0.114587,0.138352,0.154851
863,0.205581,0.167389,0.176432,0.144307,0.119177,0.099593,0.038806,0.048714
864,0.194466,0.168660,0.175568,0.140272,0.118068,0.116532,0.045206,0.041228
865,0.190886,0.164822,0.173096,0.147251,0.117421,0.121226,0.045532,0.039767
866,0.189657,0.161407,0.172381,0.148045,0.118385,0.122996,0.046363,0.040767
867,0.189863,0.160449,0.170792,0.149271,0.118076,0.125418,0.046099,0.040031
868,0.212289,0.196171,0.197122,0.151539,0.119208,0.090706,0.013409,0.019557
869,0.214931,0.178956,0.198396,0.137020,0.120764,0.101816,0.024660,0.023457
870,0.226217,0.181488,0.197592,0.137031,0.120408,0.091907,0.022185,0.023172
871,0.198927,0.170983,0.164785,0.144995,0.113758,0.126776,0.041942,0.037833
872,0.209432,0.179797,0.170902,0.147346,0.103955,0.103148,0.030370,0.055050
873,0.126729,0.102764,0.153790,0.123090,0.097497,0.105850,0.135795,0.154486
874,0.198219,0.164422,0.170881,0.143824,0.118103,0.122683,0.041171,0.040699
875,0.127995,0.104178,0.154870,0.121797,0.095956,0.104846,0.135331,0.155028
876,0.127881,0.103957,0.153771,0.120770,0.096275,0.104879,0.135710,0.156757
877,0.213572,0.175261,0.177658,0.145540,0.101585,0.102663,0.029407,0.054313
878,0.126740,0.098563,0.156685,0.125037,0.094490,0.105200,0.134403,0.158882
879,0.197863,0.163695,0.171971,0.136530,0.120669,0.097481,0.044473,0.067318
880,0.185446,0.161334,0.170591,0.140793,0.118548,0.116998,0.047548,0.058741
881,0.190187,0.155828,0.179625,0.143259,0.116036,0.110009,0.044033,0.061023
882,0.191928,0.155031,0.175873,0.145658,0.116362,0.112746,0.043843,0.058559
883,0.194205,0.154802,0.173078,0.147231,0.116418,0.114485,0.043357,0.056423
884,0.196931,0.155328,0.171198,0.148576,0.115725,0.115244,0.042605,0.054392
885,0.199029,0.155628,0.169624,0.149124,0.115528,0.115506,0.041949,0.053611
886,0.202384,0.156747,0.168172,0.149583,0.115370,0.115037,0.040987,0.051720
887,0.214083,0.164046,0.166112,0.149031,0.114446,0.107449,0.035699,0.049136
888,0.216519,0.168851,0.163604,0.147443,0.102786,0.089307,0.030044,0.081446
889,0.123735,0.093768,0.151347,0.123949,0.099130,0.111828,0.137828,0.158415
890,0.126156,0.098973,0.158878,0.133902,0.087704,0.096945,0.133451,0.163992
891,0.126100,0.098975,0.158830,0.133496,0.087953,0.097353,0.133487,0.163806
892,0.129094,0.099857,0.157864,0.131753,0.088348,0.099829,0.134330,0.158926
893,0.130004,0.100297,0.157869,0.131725,0.087126,0.097768,0.134756,0.160455
894,0.129480,0.100064,0.157829,0.130127,0.088288,0.098750,0.134528,0.160935
895,0.128926,0.099735,0.157695,0.128977,0.089342,0.099764,0.134426,0.161135
896,0.128436,0.099435,0.157488,0.128008,0.090389,0.100824,0.134356,0.161063
897,0.127981,0.099162,0.157257,0.127111,0.091469,0.101955,0.134298,0.160768
898,0.127512,0.098891,0.157008,0.126236,0.092641,0.103199,0.134284,0.160230
899,0.126886,0.098548,0.156720,0.125337,0.094059,0.104667,0.134432,0.159352
900,0.126363,0.098257,0.156400,0.124233,0.095385,0.106377,0.134613,0.158372
901,0.190950,0.160481,0.166071,0.135131,0.121087,0.098802,0.051392,0.076086
902,0.182533,0.159562,0.167711,0.135902,0.118263,0.113966,0.052301,0.069763
903,0.201665,0.155323,0.171952,0.146577,0.113129,0.099495,0.042265,0.069594
904,0.206670,0.155323,0.165314,0.151917,0.113771,0.100952,0.040058,0.065994
905,0.211486,0.155956,0.160403,0.154859,0.113835,0.101650,0.038507,0.063303
906,0.212610,0.156753,0.159336,0.154035,0.112299,0.103579,0.039033,0.062355
907,0.197034,0.157013,0.162490,0.154447,0.110466,0.118889,0.044837,0.054824
908,0.196858,0.157362,0.162229,0.153916,0.109095,0.121095,0.045827,0.053619
909,0.209188,0.163832,0.159164,0.152520,0.108500,0.114035,0.040435,0.052327
910,0.217128,0.169630,0.160544,0.150273,0.101937,0.088386,0.029679,0.082424
911,0.200512,0.163660,0.173990,0.138385,0.118311,0.094245,0.044282,0.066615
912,0.192398,0.164820,0.170529,0.140353,0.117141,0.108685,0.045779,0.060295
913,0.199298,0.162798,0.164542,0.147623,0.117910,0.107205,0.042649,0.057975
914,0.209126,0.171745,0.186491,0.150645,0.128154,0.097092,0.023895,0.032852
915,0.210659,0.167339,0.187221,0.146987,0.123992,0.099963,0.026943,0.036896
916,0.211620,0.166750,0.178528,0.150382,0.124775,0.101148,0.028311,0.038485
917,0.213031,0.173272,0.185752,0.146958,0.123622,0.100514,0.025245,0.031606
918,0.224293,0.171678,0.178752,0.152468,0.118445,0.096649,0.025120,0.032595
919,0.227931,0.175497,0.179986,0.147328,0.119779,0.093147,0.023756,0.032576
920,0.230407,0.186840,0.185361,0.142896,0.108792,0.086209,0.018416,0.041078
921,0.223718,0.172565,0.178527,0.149965,0.118266,0.095246,0.027180,0.034533
922,0.213800,0.163620,0.162732,0.146805,0.113133,0.110667,0.038051,0.051192
923,0.215074,0.171481,0.163893,0.146910,0.102202,0.090870,0.030338,0.079233
924,0.127613,0.097582,0.154475,0.124990,0.094085,0.105056,0.135633,0.160566
925,0.126132,0.096964,0.154275,0.123808,0.096003,0.106893,0.135820,0.160106
926,0.125110,0.095716,0.153567,0.122717,0.098322,0.110813,0.136372,0.157383
927,0.127600,0.097763,0.154802,0.126883,0.092396,0.102729,0.135717,0.162110
928,0.126898,0.097405,0.154383,0.126196,0.093864,0.104163,0.135745,0.161346
929,0.125872,0.096921,0.153949,0.125496,0.095708,0.105886,0.135988,0.160181
930,0.124934,0.096476,0.153485,0.124574,0.097556,0.107867,0.136199,0.158909
931,0.118055,0.093404,0.156392,0.122811,0.104965,0.114849,0.137118,0.152406
932,0.118094,0.091851,0.154092,0.123675,0.104417,0.115127,0.138514,0.154229
933,0.200456,0.161862,0.183871,0.141672,0.119396,0.096913,0.041136,0.054693
934,0.183101,0.159520,0.185724,0.135921,0.118500,0.117067,0.050141,0.050027
935,0.185480,0.159098,0.179695,0.140369,0.119940,0.118970,0.048510,0.047939
936,0.187146,0.158798,0.176233,0.142436,0.120613,0.120842,0.047382,0.046549
937,0.209278,0.172207,0.194690,0.142785,0.121759,0.102707,0.027435,0.029138
938,0.191291,0.159586,0.174328,0.142805,0.119958,0.121494,0.045385,0.045152
939,0.194180,0.162016,0.174417,0.142547,0.117979,0.120804,0.043844,0.044213
940,0.190766,0.161765,0.174037,0.140717,0.118152,0.122746,0.045970,0.045846
941,0.202802,0.170567,0.172347,0.135508,0.116768,0.116632,0.040783,0.044593
942,0.211746,0.175900,0.176243,0.145421,0.103175,0.097349,0.029152,0.061015
943,0.125629,0.096871,0.155275,0.123516,0.096582,0.108996,0.135891,0.157241
944,0.126359,0.099121,0.158892,0.128746,0.091606,0.101055,0.133717,0.160505
945,0.124687,0.097777,0.159753,0.125500,0.096084,0.106569,0.134944,0.154686
946,0.129515,0.098849,0.155525,0.125077,0.092825,0.104991,0.135462,0.157756
947,0.128285,0.098276,0.155319,0.124330,0.093936,0.105652,0.135565,0.158638
948,0.122978,0.096051,0.157487,0.123626,0.098777,0.108818,0.135834,0.156428
949,0.127765,0.097335,0.154263,0.126369,0.092772,0.103401,0.136035,0.162060
950,0.126275,0.096774,0.154240,0.125459,0.094553,0.104857,0.136136,0.161706
951,0.125392,0.096496,0.153743,0.124780,0.096392,0.106800,0.136345,0.160054
952,0.124499,0.095751,0.153227,0.123289,0.098604,0.109718,0.136898,0.158013
953,0.119763,0.093411,0.155307,0.122816,0.102670,0.112260,0.137448,0.156326
954,0.119123,0.090720,0.153171,0.123409,0.102920,0.114487,0.138931,0.157238
955,0.124224,0.094854,0.152749,0.123260,0.098800,0.110195,0.137349,0.158568
956,0.123604,0.094719,0.152472,0.124159,0.098082,0.108385,0.137515,0.161064
957,0.123119,0.092771,0.150773,0.123584,0.099491,0.112153,0.138466,0.159644
958,0.126969,0.097083,0.154340,0.126612,0.092841,0.103173,0.136211,0.162772
959,0.126323,0.096773,0.153928,0.125970,0.094295,0.104578,0.136231,0.161901
960,0.125269,0.096267,0.153450,0.125305,0.096161,0.106285,0.136544,0.160718
961,0.124493,0.095711,0.152703,0.124437,0.097607,0.107996,0.136996,0.160057
962,0.123524,0.093112,0.150512,0.123843,0.098611,0.111532,0.138756,0.160109
963,0.123735,0.093768,0.151347,0.123949,0.099130,0.111828,0.137828,0.158415
964,0.124509,0.096178,0.153494,0.124530,0.098069,0.108769,0.136391,0.158060
965,0.123914,0.094747,0.152345,0.124447,0.099114,0.111055,0.136749,0.157629
966,0.126179,0.098814,0.158654,0.127011,0.092857,0.103142,0.134228,0.159115
967,0.125823,0.098766,0.158723,0.133019,0.088438,0.098157,0.133828,0.163246
968,0.212601,0.165005,0.162871,0.148924,0.122810,0.109455,0.039553,0.038781
969,0.212794,0.172723,0.167265,0.138169,0.114881,0.116783,0.044452,0.032932
970,0.217016,0.175043,0.167915,0.137406,0.114531,0.113894,0.042392,0.031801
971,0.219763,0.177034,0.166031,0.136587,0.115010,0.114233,0.041188,0.030152
972,0.221965,0.178715,0.164246,0.136017,0.115222,0.114803,0.040247,0.028785
973,0.223546,0.180259,0.162673,0.135649,0.115244,0.115645,0.039418,0.027565
974,0.214201,0.181390,0.158244,0.136775,0.116645,0.127696,0.041215,0.023835
975,0.215667,0.180513,0.160306,0.137612,0.113892,0.125647,0.041182,0.025181
976,0.232237,0.189924,0.159179,0.135135,0.112685,0.112060,0.034700,0.024080
977,0.218741,0.179999,0.181762,0.139647,0.099878,0.109086,0.030372,0.040514
978,0.126662,0.099293,0.158835,0.131845,0.089036,0.098584,0.133570,0.162175
979,0.126572,0.097293,0.154418,0.125896,0.094304,0.105122,0.135934,0.160461
980,0.202151,0.144272,0.149253,0.138181,0.102252,0.064529,0.045291,0.154072
981,0.126641,0.099256,0.159023,0.130748,0.089855,0.099020,0.133494,0.161963
982,0.210131,0.161831,0.150624,0.119327,0.028618,0.029144,0.083310,0.217015
983,0.167719,0.129393,0.150365,0.080907,0.061270,0.061093,0.113430,0.235823
984,0.156825,0.143575,0.175862,0.095510,0.083636,0.079260,0.091545,0.173787
985,0.155046,0.144267,0.178206,0.093716,0.080701,0.084502,0.093441,0.170121
986,0.157329,0.146126,0.178097,0.093373,0.078498,0.085096,0.092751,0.168728
987,0.175728,0.163246,0.183913,0.120734,0.094903,0.070082,0.059878,0.131516
988,0.170848,0.157318,0.181144,0.116676,0.096651,0.084244,0.064237,0.128882
989,0.180851,0.161966,0.177105,0.113030,0.089644,0.082502,0.059530,0.135372
990,0.185659,0.160394,0.168084,0.109284,0.087231,0.082075,0.059604,0.147669
991,0.213704,0.183750,0.157689,0.072244,0.088957,0.065684,0.046765,0.171206
992,0.234196,0.174232,0.173725,0.141888,0.113953,0.072482,0.021959,0.067566
993,0.183787,0.153819,0.167431,0.146377,0.118804,0.126771,0.051068,0.051943
994,0.188853,0.157163,0.167531,0.144979,0.117336,0.123560,0.049077,0.051501
995,0.202048,0.167454,0.167521,0.140883,0.115189,0.113605,0.042730,0.050571
996,0.214713,0.172010,0.169231,0.147656,0.100493,0.093864,0.030577,0.071455
997,0.123735,0.093768,0.151347,0.123949,0.099130,0.111828,0.137828,0.158415
998,0.126192,0.098978,0.158923,0.134229,0.087486,0.096637,0.133475,0.164080
999,0.126156,0.098973,0.158878,0.133902,0.087704,0.096945,0.133451,0.163992
1000,0.126100,0.098975,0.158830,0.133496,0.087953,0.097353,0.133487,0.163806
1001,0.125778,0.098747,0.158730,0.133079,0.088391,0.098086,0.133814,0.163374
1002,0.125778,0.098747,0.158730,0.133079,0.088391,0.098086,0.133814,0.163374
1003,0.125778,0.098747,0.158730,0.133079,0.088391,0.098086,0.133814,0.163374
1004,0.125778,0.098747,0.158730,0.133079,0.088391,0.098086,0.133814,0.163374
1005,0.126100,0.098975,0.158830,0.133496,0.087953,0.097353,0.133487,0.163806
1006,0.125778,0.098747,0.158730,0.133079,0.088391,0.098086,0.133814,0.163374
1007,0.126100,0.098975,0.158830,0.133496,0.087953,0.097353,0.133487,0.163806
1008,0.125778,0.098747,0.158730,0.133079,0.088391,0.098086,0.133814,0.163374
1009,0.125778,0.098747,0.158730,0.133079,0.088391,0.098086,0.133814,0.163374
1010,0.125778,0.098747,0.158730,0.133079,0.088391,0.098086,0.133814,0.163374
1011,0.125778,0.098747,0.158730,0.133079,0.088391,0.098086,0.133814,0.163374
1012,0.125778,0.098747,0.158730,0.133079,0.088391,0.098086,0.133814,0.163374
1013,0.126156,0.098973,0.158878,0.133902,0.087704,0.096945,0.133451,0.163992
1014,0.126100,0.098975,0.158830,0.133496,0.087953,0.097353,0.133487,0.163806
1015,0.125778,0.098747,0.158730,0.133079,0.088391,0.098086,0.133814,0.163374
1016,0.125778,0.098747,0.158730,0.133079,0.088391,0.098086,0.133814,0.163374
1017,0.126106,0.098925,0.158748,0.132387,0.089062,0.099045,0.133956,0.161771
1018,0.126868,0.099302,0.158781,0.133779,0.087824,0.096992,0.134136,0.162317
1019,0.126830,0.099307,0.158925,0.132770,0.088415,0.097508,0.133905,0.162339
1020,0.126804,0.099268,0.159006,0.132292,0.088740,0.097752,0.133843,0.162295
1021,0.126812,0.099271,0.159057,0.131738,0.089114,0.098074,0.133716,0.162219
1022,0.126755,0.099252,0.159060,0.131041,0.089649,0.098641,0.133619,0.161982
1023,0.126678,0.099225,0.159034,0.130355,0.090222,0.099271,0.133561,0.161654
1024,0.126527,0.099158,0.158962,0.129660,0.090888,0.100032,0.133600,0.161172
1025,0.126359,0.099121,0.158892,0.128746,0.091606,0.101055,0.133717,0.160505
1026,0.126179,0.098814,0.158654,0.127011,0.092857,0.103142,0.134228,0.159115
1027,0.126072,0.098908,0.158835,0.128860,0.091717,0.101336,0.133988,0.160284
1028,0.126015,0.098867,0.158808,0.128351,0.092093,0.101874,0.134071,0.159922
1029,0.126179,0.098814,0.158654,0.127011,0.092857,0.103142,0.134228,0.159115
1030,0.126597,0.099134,0.158767,0.135274,0.087180,0.096405,0.134395,0.162247
1031,0.126901,0.099318,0.158841,0.133899,0.087746,0.096829,0.134068,0.162396
1032,0.126860,0.099304,0.158996,0.132919,0.088289,0.097299,0.133837,0.162496
1033,0.126824,0.099288,0.159050,0.132127,0.088809,0.097807,0.133699,0.162396
1034,0.126772,0.099271,0.159069,0.131402,0.089339,0.098352,0.133597,0.162197
1035,0.126709,0.099255,0.159055,0.130705,0.089898,0.098949,0.133528,0.161901
1036,0.126585,0.099211,0.159000,0.130017,0.090523,0.099650,0.133537,0.161476
1037,0.126420,0.099160,0.158921,0.129246,0.091229,0.100524,0.133637,0.160862
1038,0.124358,0.095773,0.153038,0.124272,0.097986,0.108748,0.136960,0.158864
1039,0.123735,0.093768,0.151347,0.123949,0.099130,0.111828,0.137828,0.158415
1040,0.126859,0.099294,0.159023,0.132464,0.088600,0.097550,0.133841,0.162369
1041,0.126812,0.099271,0.159057,0.131738,0.089114,0.098074,0.133716,0.162219
1042,0.126755,0.099252,0.159060,0.131041,0.089649,0.098641,0.133619,0.161982
1043,0.126678,0.099225,0.159034,0.130355,0.090222,0.099271,0.133561,0.161654
1044,0.126527,0.099158,0.158962,0.129660,0.090888,0.100032,0.133600,0.161172
1045,0.126359,0.099121,0.158892,0.128746,0.091606,0.101055,0.133717,0.160505
1046,0.126179,0.098814,0.158654,0.127011,0.092857,0.103142,0.134228,0.159115
1047,0.126585,0.099211,0.159000,0.130017,0.090523,0.099650,0.133537,0.161476
1048,0.126420,0.099160,0.158921,0.129246,0.091229,0.100524,0.133637,0.160862
1049,0.126015,0.098867,0.158808,0.128351,0.092093,0.101874,0.134071,0.159922
1050,0.129005,0.099902,0.157713,0.126780,0.092180,0.103844,0.134450,0.156125
1051,0.129705,0.100284,0.157747,0.129933,0.088702,0.099801,0.133873,0.159954
1052,0.128849,0.099800,0.157596,0.128331,0.090177,0.101406,0.134182,0.159659
1053,0.128926,0.099735,0.157695,0.128977,0.089342,0.099764,0.134426,0.161135
1054,0.128436,0.099435,0.157488,0.128008,0.090389,0.100824,0.134356,0.161063
1055,0.127981,0.099162,0.157257,0.127111,0.091469,0.101955,0.134298,0.160768
1056,0.127512,0.098891,0.157008,0.126236,0.092641,0.103199,0.134284,0.160230
1057,0.126886,0.098548,0.156720,0.125337,0.094059,0.104667,0.134432,0.159352
1058,0.126363,0.098257,0.156400,0.124233,0.095385,0.106377,0.134613,0.158372
1059,0.125754,0.097046,0.155498,0.123239,0.096967,0.109934,0.135444,0.156119
1060,0.126727,0.099272,0.159062,0.131072,0.089581,0.098657,0.133510,0.162119
1061,0.126616,0.099239,0.159019,0.130375,0.090188,0.099324,0.133510,0.161729
1062,0.126473,0.099206,0.158958,0.129615,0.090854,0.100138,0.133582,0.161174
1063,0.126072,0.098908,0.158835,0.128860,0.091717,0.101336,0.133988,0.160284
1064,0.126359,0.099121,0.158892,0.128746,0.091606,0.101055,0.133717,0.160505
1065,0.126179,0.098814,0.158654,0.127011,0.092857,0.103142,0.134228,0.159115
1066,0.126237,0.099024,0.158879,0.130383,0.090273,0.099952,0.133861,0.161390
1067,0.125257,0.098230,0.160098,0.128023,0.093380,0.102928,0.134389,0.157695
1068,0.129601,0.098927,0.155802,0.127185,0.090895,0.102381,0.135329,0.159881
1069,0.124112,0.096895,0.158351,0.125444,0.095783,0.104942,0.135126,0.159346
1070,0.127643,0.097444,0.154497,0.125444,0.093711,0.104933,0.136114,0.160214
1071,0.126588,0.097109,0.154509,0.124961,0.094640,0.105304,0.136011,0.160877
1072,0.125830,0.096531,0.153846,0.123634,0.096820,0.108239,0.136488,0.158612
1073,0.125460,0.096562,0.153752,0.124814,0.096328,0.106758,0.136333,0.159993
1074,0.124571,0.095819,0.153231,0.123295,0.098573,0.109685,0.136873,0.157954
1075,0.191753,0.154459,0.174863,0.112465,0.044939,0.028246,0.066635,0.226641
1076,0.193478,0.152522,0.189120,0.100386,0.039704,0.036188,0.082869,0.205733
1077,0.192713,0.152424,0.194595,0.096722,0.033249,0.036235,0.091139,0.202924
1078,0.193963,0.152542,0.189512,0.096925,0.030667,0.035406,0.095121,0.205864
1079,0.182055,0.146809,0.189766,0.105804,0.029911,0.038480,0.110724,0.196451
1080,0.182612,0.148146,0.187383,0.107168,0.028351,0.037628,0.112548,0.196163
1081,0.183385,0.149547,0.184618,0.108862,0.027217,0.036632,0.112967,0.196772
1082,0.184617,0.150610,0.180218,0.111591,0.026152,0.034911,0.111914,0.199987
1083,0.195356,0.155497,0.172643,0.119932,0.023828,0.029460,0.098239,0.205045
1084,0.195210,0.149663,0.151910,0.112212,0.026122,0.028120,0.103845,0.232918
1085,0.125778,0.098747,0.158730,0.133079,0.088391,0.098086,0.133814,0.163374
1086,0.127587,0.097945,0.154835,0.126651,0.092630,0.103225,0.135492,0.161636
1087,0.126572,0.097293,0.154418,0.125896,0.094304,0.105122,0.135934,0.160461
1088,0.126204,0.097172,0.154107,0.125705,0.095057,0.105419,0.135818,0.160519
1089,0.120547,0.094570,0.156353,0.124429,0.100811,0.109660,0.136588,0.157041
1090,0.124656,0.095525,0.152428,0.124577,0.097713,0.108319,0.137045,0.159737
1091,0.123272,0.093106,0.151145,0.123641,0.099346,0.112025,0.138145,0.159320
1092,0.124027,0.096621,0.158054,0.126602,0.094661,0.103487,0.135646,0.160902
1093,0.121567,0.095599,0.157791,0.126018,0.098040,0.106504,0.136283,0.158198
1094,0.125432,0.096609,0.154267,0.125840,0.095131,0.105164,0.136637,0.160920
1095,0.123965,0.096372,0.154085,0.124861,0.097155,0.106555,0.136742,0.160265
1096,0.122813,0.096085,0.153479,0.124132,0.099285,0.108526,0.137063,0.158617
1097,0.122075,0.095307,0.152690,0.122490,0.101156,0.111192,0.137726,0.157364
1098,0.121756,0.093804,0.151189,0.122973,0.101348,0.112569,0.138269,0.158092
1099,0.118219,0.094925,0.156366,0.122669,0.104528,0.112758,0.136974,0.153561
1100,0.122339,0.095760,0.152521,0.123740,0.100198,0.109460,0.137373,0.158608
1101,0.121428,0.093416,0.150736,0.122542,0.101011,0.112233,0.138743,0.159891
1102,0.121887,0.094353,0.151499,0.122179,0.101789,0.112837,0.137474,0.157982
1103,0.125245,0.098263,0.155241,0.124700,0.096458,0.106248,0.135618,0.158227
1104,0.124278,0.097593,0.154563,0.123087,0.098720,0.109182,0.136117,0.156461
1105,0.124538,0.097790,0.154822,0.125372,0.096395,0.105670,0.135829,0.159584
1106,0.123340,0.097180,0.154222,0.124601,0.098398,0.107412,0.136236,0.158611
1107,0.118172,0.095154,0.156157,0.123638,0.103781,0.111173,0.136668,0.155256
1108,0.122301,0.094473,0.151356,0.122445,0.101697,0.113037,0.137270,0.157421
1109,0.128867,0.098658,0.155732,0.127667,0.090372,0.101225,0.135161,0.162317
1110,0.127939,0.098086,0.155162,0.126864,0.091992,0.103021,0.135609,0.161326
1111,0.127245,0.097678,0.154781,0.126372,0.093122,0.104048,0.135780,0.160974
1112,0.216196,0.173483,0.167516,0.143355,0.116157,0.098825,0.037130,0.047338
1113,0.209289,0.178086,0.166669,0.139541,0.115783,0.113339,0.040948,0.036345
1114,0.212773,0.178195,0.165946,0.142071,0.116556,0.111507,0.038327,0.034624
1115,0.213741,0.178043,0.165812,0.142695,0.118271,0.111433,0.036384,0.033621
1116,0.209698,0.176363,0.167240,0.143434,0.118798,0.113815,0.036590,0.034063
1117,0.227117,0.193344,0.181463,0.143814,0.119038,0.099614,0.019667,0.015943
1118,0.229658,0.186944,0.187490,0.139253,0.114108,0.100742,0.022908,0.018896
1119,0.233414,0.188742,0.185255,0.140928,0.113192,0.096977,0.022481,0.019011
1120,0.236261,0.192324,0.183704,0.141107,0.113334,0.092834,0.021396,0.019040
1121,0.218828,0.202724,0.188425,0.137669,0.109223,0.101163,0.019207,0.022760
1122,0.208206,0.166553,0.169868,0.148134,0.111978,0.115100,0.039087,0.041073
1123,0.208937,0.166883,0.168802,0.148983,0.111428,0.116672,0.038693,0.039601
1124,0.210397,0.167708,0.168172,0.149563,0.110804,0.116815,0.038121,0.038421
1125,0.219746,0.175377,0.167859,0.148282,0.110794,0.109117,0.032970,0.035855
1126,0.227542,0.173132,0.167331,0.150197,0.099335,0.092367,0.027027,0.063070
1127,0.125773,0.097022,0.154049,0.125011,0.096173,0.106620,0.135960,0.159392
1128,0.124853,0.096233,0.153529,0.123449,0.098423,0.109578,0.136511,0.157425
1129,0.124680,0.096063,0.153014,0.124614,0.097513,0.107943,0.136665,0.159507
1130,0.123735,0.093768,0.151347,0.123949,0.099130,0.111828,0.137828,0.158415
1131,0.126126,0.098955,0.158870,0.129234,0.091336,0.100941,0.133928,0.160610
1132,0.126072,0.098908,0.158835,0.128860,0.091717,0.101336,0.133988,0.160284
1133,0.126359,0.099121,0.158892,0.128746,0.091606,0.101055,0.133717,0.160505
1134,0.126179,0.098814,0.158654,0.127011,0.092857,0.103142,0.134228,0.159115
1135,0.126106,0.098925,0.158748,0.132387,0.089062,0.099045,0.133956,0.161771
1136,0.126662,0.099293,0.158835,0.131845,0.089036,0.098584,0.133570,0.162175
1137,0.126276,0.099041,0.158844,0.130846,0.089900,0.099642,0.133857,0.161593
1138,0.126671,0.099272,0.159010,0.131147,0.089519,0.098729,0.133484,0.162169
1139,0.125238,0.098225,0.160110,0.128019,0.093398,0.102939,0.134388,0.157683
1140,0.129600,0.098926,0.155800,0.127184,0.090895,0.102382,0.135330,0.159882
1141,0.212224,0.175811,0.181130,0.136387,0.080976,0.043486,0.046950,0.123037
1142,0.213453,0.170999,0.173610,0.121788,0.073687,0.044114,0.046976,0.155373
1143,0.224790,0.181152,0.165604,0.118424,0.070153,0.045184,0.043121,0.151574
1144,0.228527,0.184598,0.161084,0.117662,0.071743,0.047080,0.041537,0.147768
1145,0.229466,0.184124,0.158757,0.116475,0.072908,0.047805,0.041311,0.149154
1146,0.230916,0.184611,0.157054,0.116337,0.075510,0.048772,0.040380,0.146421
1147,0.231976,0.183386,0.155798,0.115791,0.076351,0.048043,0.040029,0.148628
1148,0.233393,0.183610,0.149788,0.114665,0.079028,0.048215,0.039808,0.151492
1149,0.232201,0.168813,0.155079,0.124726,0.078449,0.038985,0.038665,0.163081
1150,0.228071,0.154928,0.147683,0.131869,0.062025,0.024075,0.038321,0.213028
1151,0.126164,0.098985,0.158888,0.129601,0.090980,0.100592,0.133897,0.160893
1152,0.126126,0.098955,0.158870,0.129234,0.091336,0.100941,0.133928,0.160610
1153,0.126527,0.099158,0.158962,0.129660,0.090888,0.100032,0.133600,0.161172
1154,0.126359,0.099121,0.158892,0.128746,0.091606,0.101055,0.133717,0.160505
1155,0.124687,0.097777,0.159753,0.125500,0.096084,0.106569,0.134944,0.154686
1156,0.130320,0.099144,0.156026,0.129093,0.088696,0.099560,0.135343,0.161819
1157,0.129128,0.098640,0.155841,0.127774,0.090102,0.100611,0.135313,0.162591
1158,0.128464,0.098319,0.155273,0.127064,0.091492,0.101948,0.135397,0.162042
1159,0.127598,0.097894,0.154832,0.126342,0.093009,0.103442,0.135532,0.161352
1160,0.126610,0.097461,0.154407,0.125590,0.094771,0.105203,0.135733,0.160226
1161,0.125417,0.096723,0.154023,0.124704,0.096674,0.107470,0.136283,0.158706
1162,0.124853,0.096233,0.153529,0.123449,0.098423,0.109578,0.136511,0.157425
1163,0.124486,0.095718,0.152965,0.123215,0.098845,0.110129,0.136849,0.157793
1164,0.123735,0.093768,0.151347,0.123949,0.099130,0.111828,0.137828,0.158415
1165,0.126359,0.099121,0.158892,0.128746,0.091606,0.101055,0.133717,0.160505
1166,0.126179,0.098814,0.158654,0.127011,0.092857,0.103142,0.134228,0.159115
1167,0.125778,0.098747,0.158730,0.133079,0.088391,0.098086,0.133814,0.163374
1168,0.126197,0.098969,0.158940,0.134566,0.087291,0.096380,0.133564,0.164095
1169,0.126192,0.098978,0.158923,0.134229,0.087486,0.096637,0.133475,0.164080
1170,0.126506,0.099160,0.158881,0.133164,0.088366,0.097887,0.133593,0.162443
1171,0.126662,0.099293,0.158835,0.131845,0.089036,0.098584,0.133570,0.162175
1172,0.126276,0.099041,0.158844,0.130846,0.089900,0.099642,0.133857,0.161593
1173,0.126671,0.099272,0.159010,0.131147,0.089519,0.098729,0.133484,0.162169
1174,0.126541,0.099250,0.158980,0.130357,0.090159,0.099485,0.133538,0.161691
1175,0.126164,0.098985,0.158888,0.129601,0.090980,0.100592,0.133897,0.160893
1176,0.203653,0.162774,0.151093,0.146231,0.126735,0.120551,0.046964,0.041999
1177,0.198699,0.165205,0.165228,0.133970,0.118771,0.125623,0.052754,0.039750
1178,0.203061,0.167025,0.164284,0.133605,0.118965,0.124515,0.051249,0.037297
1179,0.210390,0.182180,0.163108,0.144160,0.118079,0.131171,0.033242,0.017670
1180,0.210863,0.175889,0.171489,0.138999,0.114677,0.128848,0.038185,0.021051
1181,0.218446,0.180107,0.165035,0.142121,0.114634,0.123953,0.035709,0.019995
1182,0.220212,0.181106,0.164174,0.143400,0.114475,0.121525,0.034768,0.020340
1183,0.218480,0.183841,0.162409,0.144353,0.113820,0.123760,0.034481,0.018857
1184,0.222169,0.188089,0.166358,0.142922,0.111506,0.118187,0.031621,0.019148
1185,0.211168,0.197186,0.193681,0.138848,0.105258,0.106193,0.023774,0.023892
1186,0.217996,0.175622,0.151759,0.142711,0.116214,0.124368,0.043024,0.028306
1187,0.226967,0.182970,0.150721,0.143313,0.114891,0.116133,0.037938,0.027069
1188,0.220036,0.175883,0.176423,0.144887,0.097452,0.102309,0.031061,0.051949
1189,0.127382,0.098881,0.156960,0.125993,0.093030,0.103629,0.134217,0.159908
1190,0.126740,0.098563,0.156685,0.125037,0.094490,0.105200,0.134403,0.158882
1191,0.126047,0.097968,0.156370,0.123887,0.095864,0.107204,0.134967,0.157693
1192,0.125541,0.096912,0.155372,0.123372,0.096710,0.109573,0.135835,0.156684
1193,0.126359,0.099121,0.158892,0.128746,0.091606,0.101055,0.133717,0.160505
1194,0.126179,0.098814,0.158654,0.127011,0.092857,0.103142,0.134228,0.159115
1195,0.126100,0.098975,0.158830,0.133496,0.087953,0.097353,0.133487,0.163806
1196,0.125778,0.098747,0.158730,0.133079,0.088391,0.098086,0.133814,0.163374
1197,0.126100,0.098975,0.158830,0.133496,0.087953,0.097353,0.133487,0.163806
1198,0.125778,0.098747,0.158730,0.133079,0.088391,0.098086,0.133814,0.163374
1199,0.126197,0.098969,0.158940,0.134566,0.087291,0.096380,0.133564,0.164095
1200,0.126192,0.098978,0.158923,0.134229,0.087486,0.096637,0.133475,0.164080
1201,0.125778,0.098747,0.158730,0.133079,0.088391,0.098086,0.133814,0.163374
1202,0.126100,0.098975,0.158830,0.133496,0.087953,0.097353,0.133487,0.163806
1203,0.125778,0.098747,0.158730,0.133079,0.088391,0.098086,0.133814,0.163374
1204,0.126440,0.099161,0.158838,0.132775,0.088621,0.098302,0.133626,0.162237
1205,0.126798,0.099306,0.158921,0.132542,0.088532,0.097829,0.133554,0.162518
1206,0.126700,0.099286,0.158975,0.131608,0.089165,0.098440,0.133485,0.162340
1207,0.126577,0.099267,0.158967,0.130761,0.089810,0.099180,0.133526,0.161912
1208,0.126198,0.099004,0.158892,0.129979,0.090629,0.100266,0.133877,0.161154
1209,0.126709,0.099255,0.159055,0.130705,0.089898,0.098949,0.133528,0.161901
1210,0.126585,0.099211,0.159000,0.130017,0.090523,0.099650,0.133537,0.161476
1211,0.126420,0.099160,0.158921,0.129246,0.091229,0.100524,0.133637,0.160862
1212,0.126015,0.098867,0.158808,0.128351,0.092093,0.101874,0.134071,0.159922
1213,0.126179,0.098814,0.158654,0.127011,0.092857,0.103142,0.134228,0.159115
1214,0.126527,0.099158,0.158962,0.129660,0.090888,0.100032,0.133600,0.161172
1215,0.126359,0.099121,0.158892,0.128746,0.091606,0.101055,0.133717,0.160505
1216,0.126179,0.098814,0.158654,0.127011,0.092857,0.103142,0.134228,0.159115
1217,0.126100,0.098975,0.158830,0.133496,0.087953,0.097353,0.133487,0.163806
1218,0.125778,0.098747,0.158730,0.133079,0.088391,0.098086,0.133814,0.163374
1219,0.126597,0.099134,0.158767,0.135274,0.087180,0.096405,0.134395,0.162247
1220,0.126901,0.099318,0.158841,0.133899,0.087746,0.096829,0.134068,0.162396
1221,0.126860,0.099304,0.158996,0.132919,0.088289,0.097299,0.133837,0.162496
1222,0.126824,0.099288,0.159050,0.132127,0.088809,0.097807,0.133699,0.162396
1223,0.126772,0.099271,0.159069,0.131402,0.089339,0.098352,0.133597,0.162197
1224,0.126709,0.099255,0.159055,0.130705,0.089898,0.098949,0.133528,0.161901
1225,0.126473,0.099206,0.158958,0.129615,0.090854,0.100138,0.133582,0.161174
1226,0.126420,0.099160,0.158921,0.129246,0.091229,0.100524,0.133637,0.160862
1227,0.124581,0.097822,0.159945,0.126518,0.095335,0.105326,0.134855,0.155619
1228,0.129515,0.098849,0.155525,0.125077,0.092825,0.104991,0.135462,0.157756
1229,0.128439,0.098401,0.155630,0.126417,0.091886,0.102949,0.135424,0.160854
1230,0.123832,0.096635,0.157951,0.126364,0.095217,0.104171,0.135317,0.160513
1231,0.127614,0.097397,0.154228,0.126444,0.092783,0.103608,0.135930,0.161997
1232,0.126056,0.096618,0.154213,0.125491,0.094545,0.105322,0.136315,0.161439
1233,0.126051,0.096658,0.153842,0.125700,0.094799,0.105047,0.136213,0.161689
1234,0.124983,0.096197,0.153391,0.125023,0.096679,0.106833,0.136544,0.160350
1235,0.124054,0.095353,0.152734,0.124116,0.098153,0.108856,0.137325,0.159409
1236,0.123538,0.093422,0.151093,0.123758,0.099269,0.111934,0.138095,0.158890
1237,0.125325,0.096668,0.153698,0.125210,0.096497,0.106690,0.136158,0.159754
1238,0.124358,0.095773,0.153038,0.124272,0.097986,0.108748,0.136960,0.158864
1239,0.123735,0.093768,0.151347,0.123949,0.099130,0.111828,0.137828,0.158415
1240,0.126359,0.099121,0.158892,0.128746,0.091606,0.101055,0.133717,0.160505
1241,0.126662,0.099293,0.158835,0.131845,0.089036,0.098584,0.133570,0.162175
1242,0.126276,0.099041,0.158844,0.130846,0.089900,0.099642,0.133857,0.161593
1243,0.126577,0.099267,0.158967,0.130761,0.089810,0.099180,0.133526,0.161912
1244,0.126198,0.099004,0.158892,0.129979,0.090629,0.100266,0.133877,0.161154
1245,0.126509,0.099233,0.158976,0.129980,0.090504,0.099800,0.133555,0.161444
1246,0.126126,0.098955,0.158870,0.129234,0.091336,0.100941,0.133928,0.160610
1247,0.126527,0.099158,0.158962,0.129660,0.090888,0.100032,0.133600,0.161172
1248,0.126359,0.099121,0.158892,0.128746,0.091606,0.101055,0.133717,0.160505
1249,0.126179,0.098814,0.158654,0.127011,0.092857,0.103142,0.134228,0.159115
1250,0.125175,0.098199,0.160091,0.127741,0.093748,0.103253,0.134398,0.157394
1251,0.129528,0.098906,0.155776,0.126883,0.091273,0.102749,0.135344,0.159541
1252,0.128733,0.098565,0.155651,0.126404,0.091840,0.102432,0.135209,0.161165
1253,0.197359,0.164696,0.144718,0.147726,0.125727,0.122902,0.050652,0.046221
1254,0.190991,0.164602,0.155872,0.138147,0.121323,0.131438,0.055735,0.041892
1255,0.196953,0.164651,0.155209,0.139057,0.121941,0.128224,0.053687,0.040279
1256,0.199066,0.165068,0.152724,0.142168,0.122975,0.128090,0.051733,0.038175
1257,0.201036,0.165926,0.150534,0.144387,0.123790,0.127576,0.049956,0.036795
1258,0.202499,0.166719,0.149256,0.145566,0.124246,0.127196,0.048490,0.036028
1259,0.196037,0.165014,0.152803,0.146349,0.123996,0.128869,0.049612,0.037319
1260,0.232326,0.179569,0.146841,0.144366,0.116135,0.112890,0.038454,0.029419
1261,0.237933,0.185595,0.146197,0.143987,0.114192,0.107743,0.035652,0.028702
1262,0.214853,0.198782,0.190375,0.143507,0.103913,0.109614,0.020489,0.018466
1263,0.213270,0.171658,0.160970,0.135180,0.115714,0.121169,0.048150,0.033889
1264,0.217415,0.173990,0.160004,0.134480,0.115970,0.120011,0.046502,0.031629
1265,0.217498,0.175560,0.157646,0.134974,0.116939,0.122505,0.045585,0.029292
1266,0.218903,0.176453,0.156800,0.134877,0.117419,0.122091,0.044846,0.028611
1267,0.220419,0.177937,0.154874,0.135029,0.117394,0.122919,0.044000,0.027428
1268,0.222171,0.179903,0.153459,0.135779,0.116363,0.122914,0.042991,0.026418
1269,0.223506,0.180342,0.152657,0.138124,0.115638,0.121801,0.041931,0.026001
1270,0.231659,0.187834,0.152770,0.136523,0.114554,0.114931,0.037133,0.024596
1271,0.219714,0.179091,0.178030,0.145930,0.098313,0.105538,0.030423,0.042963
1272,0.126072,0.098908,0.158835,0.128860,0.091717,0.101336,0.133988,0.160284
1273,0.124922,0.098076,0.159985,0.126813,0.094864,0.104519,0.134533,0.156289
1274,0.129515,0.098849,0.155525,0.125077,0.092825,0.104991,0.135462,0.157756
1275,0.128547,0.098423,0.155673,0.127383,0.090835,0.102005,0.135428,0.161706
1276,0.128271,0.098337,0.155218,0.127145,0.091514,0.102220,0.135335,0.161961
1277,0.205829,0.167861,0.159118,0.144343,0.123108,0.113651,0.043934,0.042155
1278,0.201358,0.174258,0.160778,0.135854,0.119853,0.125705,0.049051,0.033143
1279,0.203230,0.175325,0.161074,0.135215,0.120756,0.125606,0.047655,0.031138
1280,0.203699,0.175987,0.161232,0.135088,0.121078,0.126313,0.046614,0.029989
1281,0.204380,0.176727,0.160954,0.134346,0.121490,0.127029,0.045704,0.029370
1282,0.200559,0.176969,0.161254,0.134976,0.121247,0.129557,0.046046,0.029392
1283,0.217246,0.189377,0.173398,0.141099,0.117033,0.119622,0.026910,0.015316
1284,0.212145,0.183987,0.183391,0.135450,0.113426,0.122583,0.031928,0.017090
1285,0.220957,0.189503,0.181168,0.134972,0.111678,0.115690,0.029381,0.016652
1286,0.210164,0.197690,0.194397,0.136191,0.105840,0.111671,0.024301,0.019747
1287,0.215390,0.179116,0.160445,0.135579,0.114443,0.123136,0.043899,0.027993
1288,0.221718,0.181376,0.159247,0.138508,0.113517,0.118555,0.040488,0.026592
1289,0.219504,0.188227,0.164791,0.142602,0.112272,0.128994,0.029047,0.014563
1290,0.206882,0.181157,0.174424,0.140958,0.112008,0.134353,0.034379,0.015838
1291,0.214897,0.185838,0.177130,0.138291,0.111644,0.124529,0.031255,0.016414
1292,0.207085,0.196905,0.191415,0.136802,0.105336,0.117586,0.024835,0.020035
1293,0.204045,0.169098,0.151010,0.137388,0.118075,0.138895,0.052193,0.029295
1294,0.210069,0.170997,0.151124,0.139478,0.116856,0.135329,0.048668,0.027478
1295,0.210991,0.171853,0.150466,0.139779,0.116009,0.136003,0.048201,0.026698
1296,0.211717,0.172594,0.150134,0.140976,0.114941,0.136080,0.047545,0.026014
1297,0.222479,0.181308,0.151279,0.139431,0.114191,0.126218,0.040683,0.024411
1298,0.213227,0.179290,0.176641,0.145756,0.098380,0.109026,0.032743,0.044937
1299,0.119373,0.091783,0.153977,0.123582,0.102625,0.113884,0.138267,0.156508
1300,0.129774,0.099107,0.155779,0.126869,0.091205,0.102352,0.135101,0.159813
1301,0.128133,0.098295,0.155522,0.125392,0.093155,0.104368,0.135537,0.159596
1302,0.127604,0.097892,0.154823,0.124181,0.094862,0.106483,0.135772,0.158384
1303,0.127095,0.097778,0.154708,0.125362,0.094427,0.105106,0.135637,0.159887
1304,0.126185,0.097052,0.154148,0.123854,0.096633,0.108065,0.136113,0.157949
1305,0.125620,0.096790,0.154045,0.125117,0.096119,0.106794,0.136218,0.159297
1306,0.124761,0.096307,0.153676,0.124493,0.097568,0.108206,0.136525,0.158464
1307,0.124486,0.095718,0.152965,0.123215,0.098845,0.110129,0.136849,0.157793
1308,0.123735,0.093768,0.151347,0.123949,0.099130,0.111828,0.137828,0.158415
1309,0.124687,0.097777,0.159753,0.125500,0.096084,0.106569,0.134944,0.154686
1310,0.129600,0.098926,0.155800,0.127184,0.090895,0.102382,0.135330,0.159882
1311,0.128971,0.098617,0.155741,0.126958,0.091072,0.101596,0.135214,0.161831
1312,0.128110,0.098224,0.155149,0.126231,0.092696,0.103195,0.135419,0.160975
1313,0.127095,0.097778,0.154708,0.125362,0.094427,0.105106,0.135637,0.159887
1314,0.126185,0.097052,0.154148,0.123854,0.096633,0.108065,0.136113,0.157949
1315,0.126204,0.097172,0.154107,0.125705,0.095057,0.105419,0.135818,0.160519
1316,0.124955,0.096362,0.153679,0.124904,0.097008,0.107542,0.136490,0.159061
1317,0.124680,0.096063,0.153014,0.124614,0.097513,0.107943,0.136665,0.159507
1318,0.123735,0.093768,0.151347,0.123949,0.099130,0.111828,0.137828,0.158415
1319,0.126363,0.098257,0.156400,0.124233,0.095385,0.106377,0.134613,0.158372
1320,0.125541,0.096912,0.155372,0.123372,0.096710,0.109573,0.135835,0.156684
1321,0.126041,0.098864,0.158787,0.129840,0.090869,0.100513,0.133965,0.161122
1322,0.124990,0.098083,0.160019,0.127477,0.094178,0.103890,0.134545,0.156818
1323,0.129617,0.098880,0.155606,0.126100,0.091815,0.103818,0.135448,0.158717
1324,0.128547,0.098423,0.155673,0.127383,0.090835,0.102005,0.135428,0.161706
1325,0.128271,0.098337,0.155218,0.127145,0.091514,0.102220,0.135335,0.161961
1326,0.127245,0.097678,0.154781,0.126372,0.093122,0.104048,0.135780,0.160974
1327,0.126572,0.097293,0.154418,0.125896,0.094304,0.105122,0.135934,0.160461
1328,0.126204,0.097172,0.154107,0.125705,0.095057,0.105419,0.135818,0.160519
1329,0.124955,0.096362,0.153679,0.124904,0.097008,0.107542,0.136490,0.159061
1330,0.204945,0.165443,0.173184,0.139432,0.119466,0.097942,0.040863,0.058725
1331,0.191385,0.165947,0.172344,0.140445,0.116217,0.116653,0.046487,0.050522
1332,0.215352,0.167226,0.177336,0.145189,0.113805,0.101914,0.035013,0.044165
1333,0.218782,0.167430,0.173873,0.147498,0.115938,0.101188,0.032747,0.042544
1334,0.215671,0.167752,0.175004,0.146783,0.115654,0.104959,0.033184,0.040995
1335,0.216825,0.168698,0.175000,0.146198,0.114912,0.105717,0.032855,0.039795
1336,0.217343,0.169006,0.175226,0.144968,0.115204,0.106615,0.032615,0.039023
1337,0.211758,0.170088,0.176984,0.145260,0.112881,0.112111,0.034341,0.036577
1338,0.218253,0.173829,0.174919,0.144219,0.112865,0.108042,0.031718,0.036155
1339,0.215194,0.173938,0.174601,0.149177,0.102800,0.097038,0.027404,0.059848
1340,0.128384,0.098287,0.155240,0.126777,0.091877,0.102320,0.135417,0.161696
1341,0.127429,0.097824,0.154791,0.126047,0.093501,0.103926,0.135599,0.160883
1342,0.126428,0.097400,0.154372,0.125189,0.095298,0.105866,0.135792,0.159655
1343,0.125516,0.096652,0.153849,0.123671,0.097521,0.108834,0.136283,0.157674
1344,0.124955,0.096362,0.153679,0.124904,0.097008,0.107542,0.136490,0.159061
1345,0.124680,0.096063,0.153014,0.124614,0.097513,0.107943,0.136665,0.159507
1346,0.123735,0.093768,0.151347,0.123949,0.099130,0.111828,0.137828,0.158415
1347,0.128741,0.099739,0.157562,0.128039,0.090347,0.101011,0.133936,0.160625
1348,0.128123,0.099442,0.157342,0.126997,0.091588,0.102348,0.134027,0.160134
1349,0.127322,0.098886,0.157073,0.126039,0.092997,0.104064,0.134449,0.159170
1350,0.126877,0.098596,0.156865,0.125393,0.093946,0.105013,0.134568,0.158741
1351,0.126394,0.098271,0.156639,0.124715,0.094993,0.106047,0.134769,0.158173
1352,0.122424,0.095876,0.157859,0.123462,0.099341,0.109446,0.135613,0.155979
1353,0.126474,0.096082,0.153180,0.123312,0.096534,0.109241,0.136676,0.158500
1354,0.129064,0.098600,0.155915,0.128659,0.089353,0.099867,0.135493,0.163051
1355,0.128513,0.098306,0.155361,0.127895,0.090617,0.101058,0.135531,0.162719
1356,0.127843,0.097944,0.154934,0.127159,0.091913,0.102317,0.135565,0.162326
1357,0.127093,0.097577,0.154513,0.126443,0.093386,0.103750,0.135647,0.161591
1358,0.126204,0.097172,0.154107,0.125705,0.095057,0.105419,0.135818,0.160519
1359,0.124955,0.096362,0.153679,0.124904,0.097008,0.107542,0.136490,0.159061
1360,0.124680,0.096063,0.153014,0.124614,0.097513,0.107943,0.136665,0.159507
1361,0.123735,0.093768,0.151347,0.123949,0.099130,0.111828,0.137828,0.158415
1362,0.125726,0.098737,0.158824,0.137487,0.085932,0.094932,0.135325,0.163038
1363,0.125726,0.098737,0.158824,0.137487,0.085932,0.094932,0.135325,0.163038
1364,0.125726,0.098737,0.158824,0.137487,0.085932,0.094932,0.135325,0.163038
1365,0.125726,0.098737,0.158824,0.137487,0.085932,0.094932,0.135325,0.163038
1366,0.126393,0.098932,0.158304,0.136819,0.086313,0.095402,0.134847,0.162990
1367,0.126121,0.098886,0.158766,0.136151,0.086600,0.095550,0.134281,0.163645
1368,0.126193,0.098945,0.158848,0.135687,0.086761,0.095717,0.134013,0.163836
1369,0.126198,0.098954,0.158914,0.135285,0.086929,0.095919,0.133819,0.163981
1370,0.126200,0.098961,0.158937,0.134915,0.087106,0.096141,0.133678,0.164061
1371,0.126197,0.098969,0.158940,0.134566,0.087291,0.096380,0.133564,0.164095
1372,0.126192,0.098978,0.158923,0.134229,0.087486,0.096637,0.133475,0.164080
1373,0.126156,0.098973,0.158878,0.133902,0.087704,0.096945,0.133451,0.163992
1374,0.126100,0.098975,0.158830,0.133496,0.087953,0.097353,0.133487,0.163806
1375,0.125778,0.098747,0.158730,0.133079,0.088391,0.098086,0.133814,0.163374
1376,0.126506,0.099160,0.158881,0.133164,0.088366,0.097887,0.133593,0.162443
1377,0.126662,0.099293,0.158835,0.131845,0.089036,0.098584,0.133570,0.162175
1378,0.126276,0.099041,0.158844,0.130846,0.089900,0.099642,0.133857,0.161593
1379,0.126859,0.099294,0.159023,0.132464,0.088600,0.097550,0.133841,0.162369
1380,0.125529,0.098229,0.160230,0.128949,0.092364,0.101578,0.134657,0.158463
1381,0.130226,0.099126,0.155954,0.128270,0.089536,0.100405,0.135221,0.161263
1382,0.128971,0.098617,0.155741,0.126958,0.091072,0.101596,0.135214,0.161831
1383,0.123527,0.096462,0.157811,0.125366,0.096692,0.105599,0.135416,0.159126
1384,0.127120,0.097234,0.154120,0.125215,0.094552,0.105479,0.136058,0.160222
1385,0.125665,0.096365,0.153935,0.123527,0.096862,0.108268,0.136491,0.158888
1386,0.125392,0.096496,0.153743,0.124780,0.096392,0.106800,0.136345,0.160054
1387,0.124499,0.095751,0.153227,0.123289,0.098604,0.109718,0.136898,0.158013
1388,0.124383,0.095643,0.152702,0.124456,0.097677,0.108054,0.137030,0.160057
1389,0.123538,0.093422,0.151093,0.123758,0.099269,0.111934,0.138095,0.158890
1390,0.124955,0.096362,0.153679,0.124904,0.097008,0.107542,0.136490,0.159061
1391,0.124680,0.096063,0.153014,0.124614,0.097513,0.107943,0.136665,0.159507
1392,0.123735,0.093768,0.151347,0.123949,0.099130,0.111828,0.137828,0.158415
1393,0.126886,0.098548,0.156720,0.125337,0.094059,0.104667,0.134432,0.159352
1394,0.126363,0.098257,0.156400,0.124233,0.095385,0.106377,0.134613,0.158372
1395,0.125754,0.097046,0.155498,0.123239,0.096967,0.109934,0.135444,0.156119
1396,0.126615,0.099238,0.159019,0.130370,0.090192,0.099329,0.133511,0.161725
1397,0.126472,0.099205,0.158957,0.129609,0.090859,0.100145,0.133583,0.161170
1398,0.126072,0.098907,0.158834,0.128851,0.091722,0.101345,0.133990,0.160279
1399,0.126359,0.099121,0.158892,0.128746,0.091606,0.101055,0.133717,0.160505
1400,0.126179,0.098814,0.158654,0.127011,0.092857,0.103142,0.134228,0.159115
1401,0.126527,0.099158,0.158962,0.129660,0.090888,0.100032,0.133600,0.161172
1402,0.126359,0.099121,0.158892,0.128746,0.091606,0.101055,0.133717,0.160505
1403,0.126179,0.098814,0.158654,0.127011,0.092857,0.103142,0.134228,0.159115
1404,0.126359,0.099121,0.158892,0.128746,0.091606,0.101055,0.133717,0.160505
1405,0.126179,0.098814,0.158654,0.127011,0.092857,0.103142,0.134228,0.159115
1406,0.126527,0.099158,0.158962,0.129660,0.090888,0.100032,0.133600,0.161172
1407,0.124922,0.098076,0.159985,0.126813,0.094864,0.104519,0.134533,0.156289
1408,0.129515,0.098849,0.155525,0.125077,0.092825,0.104991,0.135462,0.157756
1409,0.128867,0.098658,0.155732,0.127667,0.090372,0.101225,0.135161,0.162317
1410,0.127939,0.098086,0.155162,0.126864,0.091992,0.103021,0.135609,0.161326
1411,0.122745,0.095940,0.157462,0.125534,0.097092,0.106365,0.135786,0.159075
1412,0.122671,0.095027,0.156478,0.125882,0.096939,0.105906,0.136454,0.160644
1413,0.126051,0.095808,0.153315,0.125719,0.094516,0.105059,0.136781,0.162752
1414,0.124528,0.095348,0.153179,0.124938,0.096528,0.106594,0.137043,0.161842
1415,0.123851,0.094975,0.152370,0.124293,0.097977,0.108298,0.137493,0.160743
1416,0.123228,0.092909,0.150792,0.123600,0.099436,0.112093,0.138434,0.159510
1417,0.125569,0.096454,0.153786,0.125240,0.095728,0.106411,0.136482,0.160331
1418,0.124706,0.095976,0.153393,0.124744,0.097159,0.107647,0.136830,0.159545
1419,0.124493,0.095711,0.152703,0.124437,0.097607,0.107996,0.136996,0.160057
1420,0.123524,0.093112,0.150512,0.123843,0.098611,0.111532,0.138756,0.160109
1421,0.123735,0.093768,0.151347,0.123949,0.099130,0.111828,0.137828,0.158415
1422,0.126237,0.099024,0.158879,0.130383,0.090273,0.099952,0.133861,0.161390
1423,0.126198,0.099004,0.158892,0.129979,0.090629,0.100266,0.133877,0.161154
1424,0.126164,0.098985,0.158888,0.129601,0.090980,0.100592,0.133897,0.160893
1425,0.126126,0.098955,0.158870,0.129234,0.091336,0.100941,0.133928,0.160610
1426,0.126072,0.098908,0.158835,0.128860,0.091717,0.101336,0.133988,0.160284
1427,0.126015,0.098867,0.158808,0.128351,0.092093,0.101874,0.134071,0.159922
1428,0.126179,0.098814,0.158654,0.127011,0.092857,0.103142,0.134228,0.159115
1429,0.125726,0.098737,0.158824,0.137487,0.085932,0.094932,0.135325,0.163038
1430,0.212567,0.170946,0.167388,0.146126,0.102700,0.093529,0.030853,0.075889
1431,0.126295,0.096181,0.153790,0.122633,0.097315,0.110390,0.136203,0.157193
1432,0.129200,0.098707,0.156032,0.128903,0.088905,0.099349,0.135779,0.163125
1433,0.125992,0.096919,0.154259,0.124482,0.095894,0.106764,0.136085,0.159605
1434,0.125603,0.096747,0.153845,0.124225,0.096674,0.107352,0.136026,0.159529
1435,0.197565,0.162535,0.168951,0.139913,0.121324,0.098765,0.044773,0.066175
1436,0.192216,0.165355,0.169632,0.140082,0.117421,0.110172,0.045268,0.059854
1437,0.195007,0.162417,0.166550,0.144821,0.117502,0.111257,0.044371,0.058075
1438,0.196770,0.161066,0.166242,0.144990,0.118165,0.111039,0.043511,0.058218
1439,0.195554,0.158275,0.163265,0.147678,0.119124,0.114616,0.044091,0.057397
1440,0.218996,0.162525,0.164469,0.151402,0.114305,0.101016,0.034417,0.052870
1441,0.221697,0.163079,0.163378,0.150970,0.114700,0.101509,0.033569,0.051098
1442,0.225241,0.164239,0.162695,0.150736,0.114367,0.100613,0.032646,0.049465
1443,0.233260,0.168341,0.159233,0.151881,0.114349,0.096658,0.029380,0.046897
1444,0.225516,0.167769,0.163893,0.150541,0.100495,0.085007,0.026913,0.079865
1445,0.126100,0.098975,0.158830,0.133496,0.087953,0.097353,0.133487,0.163806
1446,0.125778,0.098747,0.158730,0.133079,0.088391,0.098086,0.133814,0.163374
1447,0.126156,0.098973,0.158878,0.133902,0.087704,0.096945,0.133451,0.163992
1448,0.126100,0.098975,0.158830,0.133496,0.087953,0.097353,0.133487,0.163806
1449,0.125778,0.098747,0.158730,0.133079,0.088391,0.098086,0.133814,0.163374
1450,0.126198,0.098954,0.158914,0.135285,0.086929,0.095919,0.133819,0.163981
1451,0.126200,0.098961,0.158937,0.134915,0.087106,0.096141,0.133678,0.164061
1452,0.126197,0.098969,0.158940,0.134566,0.087291,0.096380,0.133564,0.164095
1453,0.129544,0.100074,0.158021,0.132699,0.087442,0.098363,0.134046,0.159812
1454,0.201605,0.163080,0.176516,0.136746,0.117835,0.094181,0.042967,0.067070
1455,0.191307,0.164142,0.176585,0.135669,0.116533,0.107283,0.045284,0.063197
1456,0.195627,0.162747,0.173561,0.138548,0.116108,0.107851,0.044284,0.061274
1457,0.198447,0.162166,0.170894,0.140929,0.116522,0.108923,0.043054,0.059065
1458,0.200591,0.161936,0.169352,0.142077,0.116442,0.108778,0.042029,0.058795
1459,0.202793,0.162161,0.168084,0.142826,0.116598,0.109580,0.040937,0.057021
1460,0.204705,0.162675,0.167495,0.143263,0.116707,0.110313,0.039911,0.054931
1461,0.207530,0.163613,0.167367,0.143386,0.116886,0.109763,0.038478,0.052976
1462,0.213267,0.171588,0.166632,0.140498,0.114934,0.105873,0.035825,0.051382
1463,0.220194,0.168446,0.166641,0.149563,0.101536,0.088351,0.028174,0.077094
1464,0.126179,0.098814,0.158654,0.127011,0.092857,0.103142,0.134228,0.159115
1465,0.124748,0.097864,0.160096,0.129502,0.092435,0.102666,0.134860,0.157831
1466,0.130151,0.099106,0.155948,0.129441,0.088577,0.099691,0.135193,0.161893
1467,0.128971,0.098647,0.155777,0.127948,0.090058,0.100768,0.135175,0.162654
1468,0.128271,0.098337,0.155218,0.127145,0.091514,0.102220,0.135335,0.161961
1469,0.127245,0.097678,0.154781,0.126372,0.093122,0.104048,0.135780,0.160974
1470,0.127093,0.097577,0.154513,0.126443,0.093386,0.103750,0.135647,0.161591
1471,0.121753,0.095395,0.156753,0.125084,0.098956,0.107630,0.135856,0.158572
1472,0.124966,0.095834,0.153097,0.124845,0.097169,0.107904,0.136877,0.159307
1473,0.124073,0.095345,0.152802,0.124300,0.097809,0.108161,0.137075,0.160435
1474,0.123413,0.093264,0.151057,0.123741,0.099330,0.111995,0.138135,0.159066
1475,0.127587,0.097945,0.154835,0.126651,0.092630,0.103225,0.135492,0.161636
1476,0.126572,0.097293,0.154418,0.125896,0.094304,0.105122,0.135934,0.160461
1477,0.126590,0.097192,0.154219,0.126165,0.094141,0.104432,0.135887,0.161374
1478,0.125511,0.096654,0.153746,0.125470,0.096015,0.106172,0.136207,0.160225
1479,0.124680,0.096063,0.153014,0.124614,0.097513,0.107943,0.136665,0.159507
1480,0.141371,0.124415,0.154001,0.150790,0.124478,0.157221,0.092199,0.055524
1481,0.144367,0.130344,0.149422,0.134088,0.111355,0.178100,0.112201,0.040123
1482,0.140679,0.128188,0.154717,0.137139,0.113850,0.175889,0.109105,0.040432
1483,0.139561,0.127284,0.153201,0.137108,0.113001,0.179708,0.111419,0.038716
1484,0.139981,0.127393,0.150568,0.136845,0.111596,0.183301,0.113041,0.037275
1485,0.141135,0.127715,0.147657,0.136847,0.110397,0.185887,0.113989,0.036372
1486,0.142967,0.128376,0.144431,0.137424,0.109108,0.187775,0.114129,0.035790
1487,0.145262,0.128570,0.142944,0.140817,0.108746,0.186369,0.111152,0.036139
1488,0.150058,0.132595,0.133722,0.135318,0.105599,0.194019,0.115871,0.032818
1489,0.185872,0.168339,0.161065,0.131242,0.101429,0.156509,0.060458,0.035085
1490,0.123735,0.093768,0.151347,0.123949,0.099130,0.111828,0.137828,0.158415
1491,0.124255,0.109055,0.157793,0.120453,0.114086,0.163939,0.135723,0.074697
1492,0.116435,0.104215,0.147241,0.120010,0.107541,0.190057,0.162826,0.051676
1493,0.116075,0.103492,0.145734,0.117064,0.106512,0.191246,0.168288,0.051589
1494,0.113748,0.102036,0.144173,0.118498,0.104380,0.194200,0.172372,0.050593
1495,0.115971,0.104188,0.142704,0.116095,0.103234,0.194657,0.173670,0.049482
1496,0.116033,0.103981,0.140475,0.116929,0.102341,0.196043,0.174857,0.049340
1497,0.115509,0.103259,0.138936,0.118619,0.100641,0.197788,0.176041,0.049207
1498,0.119220,0.105717,0.135966,0.120943,0.100415,0.196179,0.172677,0.048882
1499,0.125601,0.109271,0.126546,0.113595,0.098848,0.204496,0.177488,0.044155
1500,0.160917,0.140185,0.145739,0.130624,0.101184,0.194948,0.096057,0.030345
1501,0.125902,0.096893,0.153999,0.124060,0.096364,0.107138,0.135927,0.159718
1502,0.120665,0.093506,0.155442,0.123271,0.101428,0.112010,0.137239,0.156439
1503,0.130158,0.099096,0.155966,0.129560,0.088478,0.099558,0.135245,0.161939
1504,0.129010,0.098648,0.155802,0.128069,0.089924,0.100594,0.135198,0.162755
1505,0.128330,0.098335,0.155239,0.127284,0.091347,0.101982,0.135339,0.162144
1506,0.127502,0.097878,0.154819,0.126595,0.092743,0.103411,0.135564,0.161487
1507,0.126572,0.097293,0.154418,0.125896,0.094304,0.105122,0.135934,0.160461
1508,0.126590,0.097192,0.154219,0.126165,0.094141,0.104432,0.135887,0.161374
1509,0.125511,0.096654,0.153746,0.125470,0.096015,0.106172,0.136207,0.160225
1510,0.124680,0.096063,0.153014,0.124614,0.097513,0.107943,0.136665,0.159507
1511,0.210014,0.171087,0.164247,0.139239,0.101947,0.059098,0.049646,0.104721
1512,0.194341,0.145571,0.181596,0.138687,0.100510,0.056798,0.046590,0.135908
1513,0.196219,0.148328,0.174099,0.139663,0.102706,0.063703,0.045145,0.130139
1514,0.198733,0.149643,0.168389,0.139540,0.103259,0.066470,0.044214,0.129752
1515,0.200558,0.150316,0.164598,0.139246,0.104013,0.067917,0.043620,0.129732
1516,0.202340,0.150757,0.161925,0.138986,0.104864,0.068509,0.043089,0.129530
1517,0.204302,0.151048,0.159761,0.138909,0.105620,0.068148,0.042571,0.129641
1518,0.206785,0.151458,0.156878,0.139210,0.105291,0.065804,0.042387,0.132188
1519,0.214786,0.155041,0.152017,0.139110,0.102706,0.059936,0.040031,0.136372
1520,0.217662,0.147903,0.151530,0.136036,0.064778,0.034977,0.046221,0.200894
1521,0.122424,0.095876,0.157859,0.123462,0.099341,0.109446,0.135613,0.155979
1522,0.126582,0.096067,0.152872,0.123411,0.095967,0.109078,0.136935,0.159089
1523,0.125694,0.095859,0.153265,0.122960,0.097224,0.110338,0.136478,0.158182
1524,0.125386,0.095791,0.153207,0.123112,0.097908,0.110644,0.136436,0.157517
1525,0.127947,0.097929,0.155049,0.127522,0.091348,0.101701,0.135836,0.162667
1526,0.127319,0.097575,0.154629,0.126845,0.092663,0.102988,0.135830,0.162151
1527,0.126590,0.097192,0.154219,0.126165,0.094141,0.104432,0.135887,0.161374
1528,0.125511,0.096654,0.153746,0.125470,0.096015,0.106172,0.136207,0.160225
1529,0.124680,0.096063,0.153014,0.124614,0.097513,0.107943,0.136665,0.159507
1530,0.209693,0.158622,0.187790,0.099809,0.029117,0.027617,0.073627,0.213724
1531,0.126812,0.099271,0.159057,0.131738,0.089114,0.098074,0.133716,0.162219
1532,0.229699,0.172667,0.161656,0.091682,0.034522,0.024552,0.060992,0.224229
1533,0.126678,0.099225,0.159034,0.130355,0.090222,0.099271,0.133561,0.161654
1534,0.196757,0.149293,0.154529,0.122463,0.030621,0.027127,0.088022,0.231189
1535,0.126179,0.098814,0.158654,0.127011,0.092857,0.103142,0.134228,0.159115
1536,0.126179,0.098814,0.158654,0.127011,0.092857,0.103142,0.134228,0.159115
1537,0.126072,0.098908,0.158835,0.128860,0.091717,0.101336,0.133988,0.160284
1538,0.126015,0.098867,0.158808,0.128351,0.092093,0.101874,0.134071,0.159922
1539,0.216001,0.168656,0.172368,0.145996,0.116696,0.099064,0.035841,0.045378
1540,0.212582,0.177000,0.169648,0.140633,0.113519,0.112956,0.039559,0.034105
1541,0.225119,0.176948,0.171084,0.142419,0.114372,0.102736,0.033984,0.033338
1542,0.228708,0.178745,0.168790,0.143079,0.115627,0.101530,0.031921,0.031599
1543,0.231373,0.180179,0.167299,0.142811,0.116624,0.100785,0.030579,0.030351
1544,0.233423,0.181563,0.166450,0.142145,0.117219,0.100469,0.029566,0.029165
1545,0.235305,0.182996,0.165973,0.141341,0.117440,0.100249,0.028712,0.027984
1546,0.237342,0.184653,0.165657,0.140611,0.117276,0.099747,0.027963,0.026752
1547,0.242282,0.189119,0.163824,0.140066,0.117857,0.095952,0.025742,0.025158
1548,0.235295,0.175706,0.178492,0.144183,0.102790,0.093663,0.023865,0.046007
1549,0.125726,0.098737,0.158824,0.137487,0.085932,0.094932,0.135325,0.163038
1550,0.125726,0.098737,0.158824,0.137487,0.085932,0.094932,0.135325,0.163038
1551,0.125726,0.098737,0.158824,0.137487,0.085932,0.094932,0.135325,0.163038
1552,0.125942,0.098580,0.160107,0.131366,0.089956,0.099617,0.135715,0.158717
1553,0.130378,0.099276,0.156159,0.130299,0.087576,0.098416,0.135877,0.162019
1554,0.129200,0.098707,0.156032,0.128903,0.088905,0.099349,0.135779,0.163125
1555,0.128606,0.098333,0.155483,0.128206,0.090130,0.100507,0.135817,0.162919
1556,0.207141,0.170062,0.156091,0.142671,0.122617,0.114223,0.043342,0.043851
1557,0.198003,0.169906,0.166645,0.135263,0.116558,0.122558,0.048765,0.042302
1558,0.204639,0.172266,0.162710,0.139647,0.116124,0.118802,0.045831,0.039982
1559,0.206768,0.173082,0.159696,0.142437,0.117349,0.118593,0.044015,0.038060
1560,0.209234,0.174400,0.157884,0.143787,0.117685,0.118081,0.042356,0.036573
1561,0.207010,0.174656,0.158545,0.145425,0.118178,0.118050,0.041834,0.036301
1562,0.220660,0.187353,0.176726,0.146034,0.110051,0.113561,0.029169,0.016445
1563,0.221852,0.191460,0.178330,0.143505,0.110860,0.110568,0.027175,0.016250
1564,0.225264,0.200242,0.193518,0.143988,0.115382,0.092056,0.012921,0.016628
1565,0.217795,0.203195,0.203353,0.134995,0.109844,0.093907,0.018472,0.018439
1566,0.235031,0.193190,0.180323,0.141344,0.115951,0.094373,0.021365,0.018424
1567,0.225574,0.200746,0.191898,0.138416,0.106158,0.095521,0.018643,0.023043
1568,0.214190,0.176167,0.170699,0.141966,0.117375,0.106038,0.035429,0.038135
1569,0.218666,0.184789,0.180892,0.148666,0.123447,0.098809,0.020809,0.023923
1570,0.214820,0.178672,0.193901,0.142380,0.119010,0.101687,0.023625,0.025904
1571,0.216286,0.177211,0.194839,0.140755,0.118955,0.099687,0.024196,0.028070
1572,0.223743,0.191539,0.191327,0.142799,0.122451,0.092331,0.017795,0.018016
1573,0.221545,0.207256,0.192494,0.134348,0.108588,0.098630,0.017694,0.019444
1574,0.220136,0.181225,0.175602,0.143199,0.118208,0.111711,0.028979,0.020940
1575,0.222345,0.183578,0.175354,0.143825,0.118746,0.107795,0.027434,0.020923
1576,0.221565,0.185870,0.178105,0.142266,0.118882,0.105162,0.026654,0.021497
1577,0.235161,0.191598,0.177209,0.142784,0.116645,0.094625,0.022420,0.019557
1578,0.218839,0.204452,0.192779,0.136671,0.111239,0.094551,0.018264,0.023205
1579,0.211768,0.179267,0.169535,0.141526,0.117492,0.115285,0.034275,0.030853
1580,0.231717,0.195676,0.172002,0.144384,0.113202,0.108692,0.020068,0.014260
1581,0.217882,0.196196,0.189960,0.137449,0.107021,0.105681,0.021060,0.024750
1582,0.206345,0.178122,0.158711,0.141929,0.119994,0.133816,0.038026,0.023056
1583,0.191047,0.166833,0.175956,0.136712,0.117805,0.137691,0.046771,0.027184
1584,0.189411,0.165408,0.175928,0.137260,0.118553,0.139872,0.047169,0.026399
1585,0.189093,0.165316,0.175292,0.138402,0.118765,0.140446,0.046828,0.025858
1586,0.198000,0.176833,0.169189,0.143707,0.118225,0.140480,0.035352,0.018214
1587,0.195407,0.178727,0.173139,0.145241,0.117137,0.139760,0.033805,0.016783
1588,0.213788,0.189392,0.170469,0.143788,0.112066,0.129157,0.027613,0.013727
1589,0.205969,0.200391,0.190100,0.138797,0.102963,0.119828,0.023996,0.017955
1590,0.205486,0.179985,0.167464,0.146158,0.110060,0.138253,0.035708,0.016888
1591,0.207717,0.195562,0.183149,0.146724,0.102322,0.126874,0.022448,0.015204
1592,0.193202,0.174902,0.173796,0.140940,0.115902,0.142726,0.040106,0.018426
1593,0.217854,0.186523,0.161810,0.149521,0.110604,0.125539,0.032158,0.015990
1594,0.222311,0.189213,0.161239,0.150594,0.109741,0.120433,0.029842,0.016629
1595,0.224778,0.195621,0.186420,0.139748,0.109809,0.113415,0.015834,0.014375
1596,0.220806,0.199114,0.193279,0.127761,0.107597,0.115899,0.018561,0.016982
1597,0.205806,0.196939,0.197222,0.135203,0.105427,0.115136,0.023686,0.020580
1598,0.201971,0.171746,0.172514,0.143202,0.116891,0.133646,0.037914,0.022116
1599,0.212286,0.188441,0.176760,0.143212,0.116767,0.122248,0.024968,0.015317
1600,0.207425,0.199204,0.196892,0.136571,0.106298,0.110383,0.022833,0.020395
1601,0.220102,0.181456,0.160711,0.149142,0.111742,0.122030,0.034127,0.020690
1602,0.224509,0.184532,0.157464,0.152638,0.111470,0.117073,0.031944,0.020371
1603,0.229750,0.189334,0.158214,0.152878,0.110253,0.110024,0.028956,0.020591
1604,0.209906,0.198564,0.189422,0.141374,0.105122,0.107946,0.023242,0.024424
1605,0.186399,0.168079,0.172332,0.150768,0.120822,0.143176,0.036679,0.021744
1606,0.198778,0.170413,0.184768,0.141848,0.115204,0.130872,0.035738,0.022378
1607,0.204772,0.176208,0.180755,0.142146,0.114274,0.126977,0.033757,0.021111
1608,0.207632,0.187760,0.195723,0.135785,0.104451,0.114322,0.026761,0.027568
1609,0.160396,0.139014,0.166900,0.139425,0.122063,0.150481,0.074105,0.047615
1610,0.161767,0.139628,0.165019,0.139899,0.121778,0.152464,0.073608,0.045838
1611,0.160711,0.140436,0.160900,0.142672,0.121274,0.159272,0.074144,0.040590
1612,0.164997,0.141301,0.159941,0.145070,0.119930,0.153728,0.071026,0.044007
1613,0.168766,0.149095,0.161633,0.140913,0.118359,0.151101,0.068478,0.041655
1614,0.205731,0.186906,0.185284,0.146512,0.104034,0.124209,0.024312,0.023012
1615,0.176058,0.160344,0.144325,0.156118,0.117176,0.157445,0.059435,0.029099
1616,0.172488,0.156767,0.163562,0.145150,0.117986,0.153077,0.061110,0.029859
1617,0.170445,0.156379,0.163688,0.146195,0.117505,0.156619,0.061310,0.027859
1618,0.170257,0.156378,0.163576,0.147415,0.117554,0.157203,0.060571,0.027045
1619,0.172102,0.157027,0.164399,0.147726,0.117670,0.154227,0.059009,0.027840
1620,0.181939,0.169134,0.161190,0.150176,0.117175,0.158613,0.043696,0.018076
1621,0.198136,0.174867,0.174267,0.145053,0.111285,0.140141,0.038826,0.017427
1622,0.213266,0.188623,0.170940,0.143149,0.113403,0.129042,0.027564,0.014012
1623,0.216037,0.193812,0.191074,0.130222,0.106898,0.123620,0.021217,0.017120
1624,0.206101,0.199317,0.186322,0.147590,0.100950,0.121336,0.022463,0.015921
1625,0.190415,0.171020,0.181197,0.144081,0.118010,0.135480,0.039598,0.020198
1626,0.197857,0.182544,0.171088,0.145063,0.118387,0.135988,0.033238,0.015834
1627,0.186451,0.173928,0.182386,0.143714,0.117037,0.141380,0.038452,0.016652
1628,0.208165,0.188137,0.186928,0.140975,0.119402,0.116766,0.024628,0.014999
1629,0.206513,0.204699,0.194796,0.139531,0.104596,0.110811,0.022109,0.016945
1630,0.212379,0.186576,0.183740,0.141695,0.113507,0.113826,0.029305,0.018973
1631,0.213317,0.205994,0.184041,0.149030,0.102657,0.112542,0.018765,0.013653
1632,0.214273,0.192243,0.179185,0.142365,0.116391,0.115678,0.024418,0.015447
1633,0.208461,0.205597,0.194224,0.140733,0.104600,0.107518,0.021306,0.017559
1634,0.227982,0.191377,0.176269,0.146753,0.110271,0.104029,0.025084,0.018236
1635,0.214593,0.203866,0.184524,0.148371,0.104085,0.103464,0.021028,0.020068
1636,0.212884,0.187963,0.175111,0.146984,0.113609,0.111174,0.030843,0.021431
1637,0.213280,0.200709,0.189729,0.141975,0.105273,0.106140,0.022392,0.020502
1638,0.229020,0.190206,0.162893,0.152201,0.112465,0.103158,0.028628,0.021428
1639,0.230184,0.192808,0.166895,0.150776,0.111693,0.099222,0.026713,0.021709
1640,0.223160,0.194019,0.197471,0.141310,0.114165,0.096419,0.014259,0.019197
1641,0.215401,0.191008,0.204765,0.135048,0.107439,0.101184,0.020477,0.024678
1642,0.216061,0.180688,0.184134,0.144910,0.123664,0.100047,0.023744,0.026753
1643,0.213521,0.175766,0.188566,0.141833,0.121165,0.102172,0.026756,0.030222
1644,0.218538,0.177534,0.182552,0.145535,0.121442,0.098575,0.026037,0.029786
1645,0.220035,0.178508,0.179632,0.148212,0.121366,0.096866,0.025682,0.029700
1646,0.232146,0.188561,0.184001,0.146341,0.117345,0.097541,0.018590,0.015473
1647,0.238443,0.184885,0.179033,0.150813,0.113044,0.094165,0.020847,0.018769
1648,0.230698,0.192571,0.189092,0.142463,0.117219,0.096919,0.017369,0.013669
1649,0.224160,0.204672,0.182264,0.143109,0.113439,0.097829,0.016005,0.018524
1650,0.233207,0.192216,0.173337,0.148868,0.110019,0.103176,0.022339,0.016838
1651,0.217629,0.203899,0.183630,0.142955,0.109639,0.101359,0.019216,0.021672
1652,0.224495,0.184307,0.166804,0.150670,0.110421,0.110701,0.030677,0.021926
1653,0.222626,0.187684,0.164149,0.150391,0.110773,0.113998,0.030529,0.019851
1654,0.227537,0.188983,0.169145,0.149920,0.110125,0.104841,0.027626,0.021824
1655,0.214957,0.198890,0.190966,0.140152,0.106521,0.101018,0.022239,0.025257
1656,0.219615,0.177912,0.156920,0.149702,0.109623,0.117656,0.038086,0.030485
1657,0.218674,0.176287,0.174181,0.145236,0.097105,0.101426,0.031574,0.055517
1658,0.124774,0.096275,0.153396,0.124561,0.097557,0.107932,0.136349,0.159157
1659,0.123764,0.094734,0.152104,0.124062,0.098636,0.111043,0.137477,0.158180
1660,0.123740,0.094443,0.152096,0.124226,0.099228,0.111110,0.137037,0.158120
1661,0.205670,0.170305,0.153755,0.144037,0.123240,0.116441,0.043433,0.043120
1662,0.185420,0.164873,0.162950,0.144333,0.118909,0.133213,0.051056,0.039246
1663,0.192200,0.162802,0.169579,0.138490,0.116389,0.128048,0.050347,0.042147
1664,0.192117,0.161662,0.167688,0.139817,0.116562,0.131121,0.050842,0.040191
1665,0.192686,0.161391,0.165637,0.141327,0.116484,0.132991,0.050781,0.038703
1666,0.191235,0.162669,0.161798,0.143387,0.116833,0.138538,0.051110,0.034431
1667,0.193649,0.163864,0.163087,0.145315,0.114092,0.134743,0.049323,0.035927
1668,0.201153,0.165315,0.158748,0.148185,0.112795,0.131693,0.047061,0.035050
1669,0.208323,0.176471,0.161365,0.146216,0.111688,0.122998,0.041316,0.031623
1670,0.219393,0.175865,0.171727,0.146519,0.097430,0.100608,0.031837,0.056621
1671,0.210044,0.171463,0.160054,0.147550,0.118745,0.100425,0.038963,0.052755
1672,0.203530,0.174299,0.168081,0.140850,0.116652,0.110641,0.041462,0.044486
1673,0.217222,0.185554,0.175727,0.147736,0.120487,0.104732,0.024749,0.023792
1674,0.212521,0.181411,0.180881,0.146641,0.117139,0.106565,0.028118,0.026724
1675,0.213068,0.186862,0.189544,0.144784,0.122238,0.101944,0.021730,0.019829
1676,0.212906,0.182764,0.195075,0.139536,0.118462,0.106461,0.025328,0.019468
1677,0.214767,0.183275,0.194364,0.139633,0.118349,0.104800,0.025126,0.019686
1678,0.213276,0.183932,0.194894,0.139573,0.118408,0.103911,0.025239,0.020768
1679,0.224737,0.189042,0.194126,0.140398,0.116460,0.094653,0.021727,0.018858
1680,0.217932,0.203137,0.192903,0.137447,0.106738,0.101992,0.018886,0.020965
1681,0.222393,0.181026,0.189599,0.141081,0.119345,0.096846,0.024308,0.025401
1682,0.218971,0.196130,0.193209,0.140510,0.109400,0.094323,0.018826,0.028632
1683,0.211086,0.168666,0.176442,0.141495,0.114121,0.113412,0.035292,0.039486
1684,0.215216,0.187846,0.193734,0.155751,0.116960,0.091288,0.014463,0.024741
1685,0.196785,0.169597,0.173388,0.139456,0.115691,0.114608,0.044318,0.046157
1686,0.205899,0.170835,0.171501,0.141743,0.116865,0.109131,0.040132,0.043893
1687,0.206736,0.169819,0.170963,0.143773,0.118464,0.109718,0.038116,0.042409
1688,0.209026,0.170109,0.170457,0.144424,0.118992,0.109653,0.036331,0.041008
1689,0.219767,0.185946,0.184978,0.145757,0.125065,0.099024,0.019608,0.019854
1690,0.228483,0.181460,0.191783,0.140926,0.116285,0.099136,0.022362,0.019566
1691,0.224887,0.182861,0.191655,0.141669,0.115893,0.101480,0.022714,0.018843
1692,0.227135,0.186638,0.191828,0.139746,0.115891,0.098095,0.021762,0.018904
1693,0.213622,0.201303,0.192832,0.137930,0.111065,0.100337,0.018974,0.023937
1694,0.202614,0.164710,0.174496,0.148973,0.113322,0.119691,0.039036,0.037157
1695,0.217050,0.177219,0.192985,0.149970,0.120488,0.101254,0.019888,0.021145
1696,0.218664,0.176532,0.192565,0.145321,0.117293,0.104134,0.023521,0.021969
1697,0.222631,0.182170,0.190690,0.142645,0.117752,0.100369,0.022337,0.021405
1698,0.219189,0.199861,0.187118,0.150075,0.108852,0.103697,0.015628,0.015580
1699,0.214442,0.178768,0.176601,0.147667,0.113926,0.116477,0.029847,0.022272
1700,0.205762,0.177721,0.176605,0.149759,0.114286,0.123287,0.031632,0.020948
1701,0.214635,0.178362,0.173518,0.151012,0.113287,0.116824,0.030178,0.022184
1702,0.210185,0.179026,0.175965,0.151209,0.114031,0.116500,0.030420,0.022665
1703,0.225598,0.187794,0.172569,0.150040,0.111321,0.107860,0.025845,0.018973
1704,0.210798,0.203175,0.182375,0.146085,0.108746,0.105040,0.021071,0.022709
1705,0.203254,0.179775,0.177995,0.146816,0.120004,0.125453,0.028484,0.018218
1706,0.197791,0.178072,0.185749,0.143574,0.117178,0.126113,0.031354,0.020168
1707,0.208042,0.193104,0.198616,0.135783,0.105806,0.109729,0.024047,0.024873
1708,0.184913,0.157073,0.167693,0.144897,0.118933,0.132071,0.053017,0.041404
1709,0.180115,0.153713,0.165740,0.147951,0.118987,0.136953,0.055115,0.041427
1710,0.187248,0.157813,0.164211,0.146998,0.116528,0.135571,0.052760,0.038872
1711,0.193837,0.159948,0.161348,0.148424,0.115281,0.133031,0.050304,0.037825
1712,0.188054,0.160077,0.164961,0.148918,0.115588,0.133441,0.050931,0.038031
1713,0.202160,0.171029,0.164926,0.146290,0.113313,0.122572,0.043834,0.035876
1714,0.209677,0.195440,0.184726,0.145190,0.103086,0.119069,0.023179,0.019634
1715,0.177206,0.156686,0.135198,0.161329,0.120304,0.157932,0.061260,0.030085
1716,0.205070,0.177636,0.156619,0.154907,0.116643,0.134776,0.036385,0.017965
1717,0.198823,0.177340,0.166609,0.141916,0.110281,0.143190,0.044643,0.017197
1718,0.221308,0.193146,0.169410,0.143380,0.113846,0.116444,0.027415,0.015052
